policy_id,age,gender,marital_status,education,occupation,region,driving_experience_years,previous_accidents,traffic_violations,vehicle_year,vehicle_age,vehicle_make,vehicle_type,fuel_type,annual_mileage,engine_cc,coverage_type,annual_premium,deductible,policy_duration_years,multi_policy,credit_score,annual_income,num_dependents,claim_filed
1,58,Male,Single,Master,Self-Employed,Urban,39,1,1,2022,2,Honda,Coupe,Hybrid,6041,1000,Basic,928.18,2000,1,0,729,72787,1,1
2,66,Male,Widowed,Master,Retired,Urban,47,3,0,2007,17,Volkswagen,Sedan,Electric,32770,1500,Standard,2479.25,1500,9,0,687,35656,2,0
3,57,Female,Married,High School,Employed,Rural,38,1,5,2012,12,Honda,Pickup,Electric,19857,2000,Standard,739.17,1000,4,1,373,174680,2,1
4,47,Female,Divorced,None,Self-Employed,Rural,27,2,1,2012,12,Toyota,Hatchback,Hybrid,13773,1000,Comprehensive,2666.19,1000,4,1,705,183519,1,1
5,53,Female,Widowed,None,Student,Suburban,34,4,0,2020,4,Honda,Sedan,Petrol,10008,2000,Comprehensive,1439.83,250,7,1,779,153704,0,0
6,18,Male,Divorced,Master,Employed,Suburban,0,0,0,2013,11,Nissan,SUV,Petrol,33525,2000,Comprehensive,1670.69,500,3,1,465,156394,4,0
7,18,Female,Widowed,High School,Employed,Suburban,0,0,0,2023,1,Honda,Sedan,Hybrid,31739,1000,Comprehensive,2367.75,500,11,1,469,84483,2,0
8,31,Male,Divorced,PhD,Retired,Suburban,9,0,0,2007,17,Hyundai,Sedan,Diesel,24282,1500,Basic,2211.17,250,4,0,332,101619,0,1
9,31,Male,Widowed,Bachelor,Student,Suburban,12,0,1,2016,8,Volkswagen,Pickup,Hybrid,33306,2000,Comprehensive,2064.33,250,1,1,647,43644,0,1
10,45,Male,Divorced,PhD,Self-Employed,Urban,24,2,2,2008,16,Toyota,Minivan,Petrol,8056,3000,Basic,749.04,1500,8,0,710,30370,0,1
11,68,Female,Divorced,PhD,Unemployed,Rural,45,0,0,2011,13,Toyota,Coupe,Petrol,29509,1500,Basic,1877.28,2000,15,0,358,148124,0,1
12,61,Male,Widowed,High School,Unemployed,Urban,39,1,1,2018,6,Audi,Coupe,Electric,13544,1500,Comprehensive,1148.3,1000,7,0,607,134858,1,0
13,22,Male,Widowed,None,Unemployed,Urban,4,0,1,2009,15,Hyundai,Sedan,Diesel,17108,1500,Standard,2551.11,1000,10,0,606,188903,0,0
14,34,Male,Single,None,Self-Employed,Suburban,14,1,1,2011,13,Mercedes,Coupe,Hybrid,13228,3000,Basic,549.21,1500,14,1,345,15929,1,1
15,28,Female,Widowed,None,Employed,Urban,10,3,1,2009,15,Nissan,Sedan,Electric,24087,1800,Standard,644.1,1000,6,0,666,70070,2,0
16,40,Female,Married,Bachelor,Self-Employed,Urban,19,0,1,2015,9,Volkswagen,Minivan,Diesel,13742,1200,Comprehensive,591.86,250,14,1,527,67316,3,0
17,37,Male,Married,High School,Self-Employed,Suburban,17,0,0,2013,11,Hyundai,Minivan,Hybrid,27266,3500,Comprehensive,1194.1,250,2,1,482,167198,4,1
18,45,Female,Divorced,PhD,Unemployed,Rural,27,0,1,2013,11,Toyota,Minivan,Hybrid,5055,1800,Comprehensive,2154.51,500,6,1,371,189125,4,0
19,60,Male,Divorced,None,Retired,Rural,39,0,1,2022,2,Ford,SUV,Hybrid,26788,3000,Comprehensive,2319.96,500,10,1,715,158638,3,0
20,31,Female,Divorced,PhD,Student,Suburban,8,0,0,2010,14,Honda,Hatchback,Electric,8060,2500,Basic,2116.55,500,13,0,450,21402,0,0
21,57,Male,Widowed,PhD,Unemployed,Urban,34,1,0,2012,12,Ford,Minivan,Petrol,34250,2000,Basic,2401.74,500,3,1,351,161120,0,0
22,47,Male,Widowed,None,Unemployed,Rural,27,3,2,2024,0,Nissan,Pickup,Hybrid,34399,1200,Standard,1515.19,500,14,1,833,142034,2,1
23,36,Male,Divorced,Master,Retired,Rural,18,0,0,2009,15,BMW,Sedan,Hybrid,18356,1500,Standard,1422.59,500,14,1,698,168112,4,1
24,54,Female,Widowed,High School,Retired,Suburban,33,2,3,2018,6,Nissan,Minivan,Diesel,20998,1500,Standard,1611.23,1500,6,1,469,137523,3,0
25,52,Male,Widowed,None,Unemployed,Rural,34,0,0,2019,5,Ford,Sedan,Electric,17422,1500,Standard,1182.48,1500,5,1,558,36471,1,0
26,21,Female,Married,High School,Employed,Urban,2,0,0,2009,15,BMW,SUV,Hybrid,26936,1200,Basic,1555.59,1000,13,1,471,173831,2,0
27,25,Male,Divorced,High School,Unemployed,Urban,5,1,2,2017,7,Volkswagen,Minivan,Diesel,7490,1800,Comprehensive,955.69,1000,14,0,342,106017,2,0
28,22,Female,Single,PhD,Student,Urban,1,3,1,2019,5,Ford,Pickup,Diesel,29045,1800,Comprehensive,1029.22,2000,13,1,776,129183,3,1
29,33,Male,Divorced,PhD,Self-Employed,Suburban,11,1,0,2005,19,Chevrolet,Hatchback,Diesel,20976,1500,Standard,1218.91,2000,12,1,310,150430,4,1
30,49,Male,Widowed,PhD,Student,Urban,31,0,0,2012,12,Mercedes,Minivan,Electric,20507,1800,Standard,1448.86,2000,6,1,764,86019,1,0
31,64,Male,Divorced,High School,Unemployed,Rural,45,0,1,2013,11,Audi,Coupe,Electric,8294,2500,Standard,914.2,500,5,0,846,48182,0,0
32,53,Female,Married,PhD,Employed,Urban,31,0,0,2015,9,Ford,Sedan,Electric,33236,1800,Basic,1381.91,250,10,0,455,54111,3,0
33,23,Male,Single,None,Student,Rural,1,1,0,2021,3,Volkswagen,Pickup,Hybrid,14743,2500,Standard,1124.53,2000,1,0,512,178975,0,0
34,28,Male,Married,None,Employed,Urban,10,0,1,2020,4,Mercedes,Sedan,Diesel,14440,2000,Comprehensive,2620.94,250,11,0,570,178855,2,0
35,30,Female,Single,None,Self-Employed,Rural,11,2,2,2007,17,Toyota,SUV,Electric,24498,2000,Comprehensive,2787.22,1500,2,1,611,198430,1,1
36,46,Male,Single,PhD,Retired,Rural,26,0,0,2023,1,Audi,Sedan,Electric,23882,1000,Basic,1570.35,1500,15,1,485,168440,1,0
37,23,Female,Divorced,PhD,Retired,Suburban,0,0,0,2018,6,Chevrolet,Hatchback,Hybrid,31658,2000,Basic,1528.03,1000,5,1,418,120952,3,0
38,18,Female,Widowed,High School,Self-Employed,Rural,0,1,0,2019,5,Toyota,SUV,Electric,22996,1200,Standard,1482.91,1500,2,0,545,56517,1,1
39,32,Male,Widowed,High School,Self-Employed,Suburban,9,0,1,2018,6,Chevrolet,Pickup,Diesel,19967,1800,Standard,814.65,2000,9,0,371,87416,2,0
40,39,Female,Single,Master,Retired,Rural,17,4,0,2009,15,Chevrolet,Coupe,Hybrid,16309,1500,Comprehensive,1318.47,1000,14,0,544,164893,1,0
41,44,Male,Divorced,PhD,Student,Suburban,21,1,1,2009,15,Chevrolet,Sedan,Diesel,21459,3500,Standard,2648.19,1500,2,1,315,52789,1,0
42,27,Male,Widowed,Master,Retired,Rural,4,0,0,2015,9,Nissan,Pickup,Electric,25538,2000,Standard,2655.43,250,10,0,540,180455,2,0
43,32,Male,Widowed,High School,Employed,Suburban,13,1,2,2006,18,Hyundai,Sedan,Electric,16746,1500,Basic,959.33,1500,10,0,474,60893,0,0
44,57,Male,Widowed,None,Self-Employed,Urban,36,1,0,2005,19,Chevrolet,Hatchback,Diesel,7420,1800,Standard,2966.66,1000,11,1,556,134756,3,1
45,48,Male,Married,PhD,Unemployed,Suburban,26,0,1,2005,19,Volkswagen,Hatchback,Petrol,23544,2500,Comprehensive,2928.73,2000,12,1,593,75324,2,0
46,58,Male,Divorced,Bachelor,Employed,Rural,35,0,2,2006,18,Audi,Hatchback,Diesel,7953,3000,Standard,2318.2,500,4,0,674,154159,2,1
47,70,Female,Divorced,Master,Employed,Suburban,52,0,3,2017,7,Nissan,Hatchback,Petrol,30909,1500,Standard,1748.75,1500,6,1,690,182391,4,1
48,19,Female,Married,High School,Student,Rural,0,1,0,2006,18,Toyota,Hatchback,Hybrid,8805,1200,Comprehensive,666.29,1500,6,1,458,123759,2,0
49,57,Female,Divorced,High School,Retired,Urban,36,0,0,2016,8,Honda,Minivan,Electric,22841,3000,Comprehensive,1268.42,1500,5,0,425,134201,0,1
50,19,Male,Divorced,Bachelor,Self-Employed,Rural,0,0,1,2011,13,Audi,SUV,Diesel,15766,2000,Comprehensive,307.66,500,3,1,478,43816,2,1
51,68,Male,Divorced,High School,Self-Employed,Suburban,50,0,0,2008,16,Honda,Pickup,Hybrid,30494,1500,Comprehensive,594.45,2000,4,0,833,94070,1,0
52,21,Female,Widowed,PhD,Employed,Suburban,0,2,0,2007,17,Hyundai,Coupe,Diesel,7152,1200,Comprehensive,2009.31,2000,12,1,690,171602,2,1
53,24,Male,Married,PhD,Student,Urban,3,0,0,2018,6,Honda,Hatchback,Hybrid,15240,2000,Standard,2874.7,1500,2,0,387,39439,1,0
54,41,Male,Single,None,Unemployed,Rural,21,1,0,2018,6,Toyota,Hatchback,Electric,16522,1200,Comprehensive,874.39,1500,4,0,658,160821,1,0
55,54,Male,Widowed,None,Unemployed,Rural,31,1,0,2013,11,Toyota,SUV,Electric,28026,2000,Standard,1247.76,500,14,0,710,33241,0,0
56,19,Male,Married,PhD,Student,Suburban,0,0,0,2015,9,Audi,Coupe,Petrol,33945,1000,Basic,2336.98,250,11,0,578,131159,2,0
57,46,Female,Divorced,Bachelor,Unemployed,Urban,26,0,0,2023,1,Chevrolet,Coupe,Electric,6488,1500,Comprehensive,447.91,500,5,0,440,81982,0,1
58,45,Male,Married,PhD,Unemployed,Rural,26,0,2,2016,8,Honda,Pickup,Petrol,19294,1000,Basic,2627.7,2000,7,1,727,90894,0,1
59,69,Female,Divorced,High School,Student,Urban,50,0,0,2007,17,Volkswagen,Hatchback,Electric,12260,1500,Basic,506.22,250,9,0,657,107038,2,0
60,70,Male,Married,High School,Self-Employed,Suburban,51,0,0,2007,17,Ford,Minivan,Hybrid,20202,2000,Comprehensive,1512.04,2000,11,1,623,54572,1,0
61,58,Female,Divorced,None,Employed,Suburban,36,0,0,2006,18,Toyota,Hatchback,Electric,7514,2000,Basic,1960.52,2000,7,1,342,132894,3,0
62,30,Female,Widowed,None,Self-Employed,Urban,9,0,2,2015,9,Honda,Coupe,Diesel,6282,1500,Standard,2975.66,2000,9,0,672,112740,3,0
63,67,Female,Single,Master,Employed,Suburban,49,1,0,2013,11,Audi,SUV,Electric,7670,1800,Basic,2775.22,1000,11,1,432,170986,2,1
64,59,Female,Married,None,Employed,Rural,36,0,0,2016,8,Mercedes,SUV,Diesel,16197,3000,Standard,818.41,500,3,0,602,41513,2,0
65,65,Male,Divorced,None,Self-Employed,Rural,44,0,0,2024,0,Ford,Minivan,Hybrid,6431,1500,Comprehensive,2242.88,1500,10,1,759,76342,2,0
66,69,Female,Married,Master,Unemployed,Suburban,48,1,1,2021,3,Nissan,Pickup,Diesel,31767,1200,Comprehensive,673.68,1000,1,1,680,160369,4,0
67,51,Male,Divorced,High School,Self-Employed,Suburban,30,2,0,2018,6,Honda,SUV,Hybrid,33987,1500,Basic,1420.22,1500,9,1,541,116231,4,1
68,24,Female,Married,Bachelor,Employed,Suburban,3,1,0,2020,4,Chevrolet,Coupe,Petrol,34683,1000,Standard,882.27,500,9,1,413,90524,0,1
69,58,Female,Single,High School,Student,Rural,36,0,1,2012,12,Ford,Hatchback,Hybrid,5051,1800,Basic,1840.79,500,11,0,836,109530,0,0
70,50,Male,Widowed,PhD,Employed,Rural,29,4,0,2005,19,Hyundai,Sedan,Electric,12901,2000,Comprehensive,579.89,2000,12,1,436,26622,1,1
71,71,Female,Widowed,Bachelor,Self-Employed,Urban,48,1,0,2014,10,BMW,Sedan,Diesel,34025,1000,Standard,1691.54,2000,8,1,337,184581,0,1
72,73,Female,Divorced,High School,Retired,Suburban,52,1,2,2017,7,Hyundai,SUV,Hybrid,27677,1800,Comprehensive,1020.15,250,12,1,380,127881,2,0
73,52,Female,Divorced,High School,Employed,Suburban,29,0,0,2018,6,Ford,Minivan,Hybrid,16519,1800,Comprehensive,2649.1,1000,10,1,581,182633,4,0
74,22,Female,Divorced,None,Self-Employed,Urban,3,2,1,2019,5,Toyota,SUV,Petrol,12733,2000,Standard,1277.81,2000,1,0,760,112246,1,0
75,54,Male,Divorced,PhD,Retired,Rural,34,0,0,2010,14,Chevrolet,Coupe,Hybrid,34934,1800,Standard,2392.4,1500,4,1,802,67475,0,0
76,46,Male,Widowed,High School,Retired,Rural,26,1,1,2014,10,Mercedes,SUV,Diesel,31007,1500,Basic,627.68,500,13,0,542,144504,0,0
77,41,Female,Married,None,Employed,Urban,21,0,1,2020,4,Nissan,Pickup,Hybrid,31979,1800,Basic,2925.43,250,8,1,829,105312,0,0
78,53,Male,Married,PhD,Unemployed,Urban,35,0,0,2010,14,Hyundai,Minivan,Diesel,16338,3000,Comprehensive,2716.3,250,5,0,581,47812,2,0
79,23,Male,Married,Bachelor,Unemployed,Rural,1,0,3,2006,18,Toyota,Sedan,Petrol,26019,2000,Standard,2058.05,2000,7,0,809,179407,2,0
80,37,Female,Married,PhD,Retired,Suburban,19,1,0,2018,6,Chevrolet,Pickup,Diesel,16147,1800,Standard,2626.01,1000,12,1,708,49279,2,0
81,24,Female,Married,PhD,Employed,Suburban,3,0,0,2014,10,Volkswagen,Coupe,Hybrid,13135,3500,Basic,2496.39,2000,12,1,494,56770,1,0
82,49,Female,Widowed,High School,Employed,Suburban,27,0,0,2023,1,Hyundai,Sedan,Petrol,14219,1800,Comprehensive,2115.81,1000,9,0,410,127965,0,0
83,41,Female,Divorced,High School,Student,Urban,19,1,0,2014,10,Honda,Pickup,Hybrid,30047,1800,Comprehensive,2137.08,250,3,0,703,112831,3,1
84,66,Male,Married,None,Unemployed,Suburban,44,0,0,2015,9,Chevrolet,Coupe,Hybrid,9880,1800,Comprehensive,677.41,2000,6,0,702,176611,2,0
85,39,Female,Divorced,PhD,Employed,Suburban,19,1,5,2023,1,Mercedes,Minivan,Petrol,24559,1800,Comprehensive,2413.84,2000,10,0,352,167967,1,1
86,67,Female,Married,Bachelor,Employed,Rural,44,0,0,2015,9,Volkswagen,SUV,Hybrid,27626,1500,Comprehensive,2392.43,1500,14,0,441,150969,0,1
87,51,Female,Divorced,Bachelor,Student,Rural,31,0,1,2013,11,Audi,Pickup,Diesel,13077,1500,Standard,907.14,1000,13,1,512,195942,2,0
88,40,Female,Divorced,High School,Unemployed,Rural,18,0,5,2016,8,Ford,Hatchback,Petrol,14425,3000,Basic,1235.18,1500,11,1,790,71095,0,0
89,53,Female,Married,High School,Unemployed,Rural,31,0,0,2021,3,BMW,Minivan,Diesel,6720,1200,Standard,2236.87,250,11,0,305,159271,4,1
90,74,Female,Widowed,Bachelor,Retired,Suburban,54,1,2,2007,17,Audi,SUV,Petrol,34924,3000,Standard,2682.06,500,15,0,706,144861,0,0
91,73,Female,Single,High School,Retired,Rural,51,0,5,2014,10,Chevrolet,Minivan,Hybrid,34139,3000,Comprehensive,1563.66,500,13,0,638,57596,2,0
92,63,Male,Single,Master,Retired,Rural,40,1,0,2017,7,Volkswagen,Coupe,Electric,7842,1500,Basic,798.91,500,8,1,554,16790,0,1
93,39,Female,Single,Master,Retired,Rural,20,0,0,2014,10,Ford,Pickup,Electric,27619,1200,Standard,1292.37,500,4,0,789,55156,1,0
94,41,Female,Widowed,None,Self-Employed,Urban,18,1,2,2007,17,Nissan,Pickup,Electric,7559,3000,Basic,466.75,2000,15,0,849,54282,0,0
95,46,Male,Married,None,Student,Urban,24,0,0,2009,15,Nissan,Pickup,Hybrid,23478,1000,Standard,2116.47,1000,12,0,705,81704,3,0
96,55,Male,Single,PhD,Retired,Rural,37,0,0,2007,17,Chevrolet,Sedan,Electric,18397,1200,Basic,2367.73,1500,6,1,759,113958,1,0
97,60,Male,Divorced,High School,Self-Employed,Rural,39,0,1,2012,12,Toyota,Sedan,Electric,20171,2000,Comprehensive,1445.15,1500,14,0,553,135750,1,0
98,74,Male,Single,PhD,Unemployed,Urban,55,0,0,2006,18,Chevrolet,Coupe,Petrol,13019,2000,Standard,1485.2,2000,4,0,443,147093,4,1
99,54,Female,Divorced,Bachelor,Retired,Urban,31,0,0,2013,11,Toyota,Coupe,Diesel,25512,2000,Comprehensive,1638.18,1000,11,1,837,98554,2,0
100,37,Female,Married,None,Student,Urban,18,0,1,2019,5,Toyota,Coupe,Hybrid,18648,1800,Basic,1348.73,1000,4,1,380,132908,3,1
101,30,Male,Divorced,PhD,Unemployed,Rural,12,2,0,2023,1,Nissan,SUV,Hybrid,11844,2500,Standard,1118.61,250,4,0,420,140546,3,0
102,63,Male,Widowed,Bachelor,Unemployed,Suburban,43,0,1,2016,8,Mercedes,Hatchback,Electric,21803,2500,Standard,566.24,1500,13,1,508,112178,1,1
103,65,Male,Single,Master,Unemployed,Rural,43,1,0,2011,13,Hyundai,SUV,Hybrid,23670,2500,Standard,1786.73,1000,5,1,802,135803,0,0
104,28,Male,Widowed,Bachelor,Unemployed,Rural,10,0,2,2007,17,Toyota,Sedan,Hybrid,9505,2500,Basic,483.51,500,1,0,817,134540,1,0
105,60,Female,Widowed,High School,Employed,Rural,38,0,0,2013,11,Nissan,Hatchback,Petrol,21456,2500,Comprehensive,1462.55,500,2,0,836,54032,0,0
106,34,Female,Divorced,PhD,Employed,Suburban,13,0,0,2012,12,Mercedes,Minivan,Petrol,26421,3500,Comprehensive,2350.88,250,7,1,686,159887,1,0
107,62,Male,Single,PhD,Student,Rural,42,1,2,2008,16,Nissan,Sedan,Diesel,11927,3000,Comprehensive,2696.4,1500,5,0,376,194418,4,0
108,54,Male,Married,Master,Employed,Urban,32,0,2,2017,7,Honda,Hatchback,Diesel,23479,1500,Standard,2127.99,2000,6,1,443,195698,2,0
109,40,Male,Single,PhD,Self-Employed,Urban,20,1,1,2024,0,Volkswagen,Hatchback,Petrol,25778,1500,Standard,1624.63,1000,9,1,742,63690,2,0
110,23,Female,Married,High School,Employed,Suburban,4,0,2,2009,15,Volkswagen,Hatchback,Electric,8491,1200,Standard,1500.79,1000,2,0,389,64123,1,0
111,50,Female,Single,High School,Employed,Suburban,28,0,1,2015,9,Volkswagen,Sedan,Electric,18559,1500,Basic,2257.08,2000,15,0,833,59455,2,1
112,35,Female,Married,High School,Self-Employed,Suburban,15,0,0,2007,17,Hyundai,Hatchback,Diesel,28622,2000,Comprehensive,1965.01,1500,2,0,611,16774,4,0
113,57,Female,Divorced,PhD,Retired,Suburban,34,4,0,2015,9,Audi,Minivan,Diesel,20696,1500,Standard,2915.56,1000,12,1,548,100429,1,0
114,43,Female,Single,None,Self-Employed,Rural,21,0,1,2005,19,Chevrolet,Minivan,Diesel,19367,2000,Comprehensive,486.73,1500,11,1,442,181025,1,1
115,45,Female,Single,PhD,Unemployed,Suburban,23,0,1,2018,6,Nissan,Sedan,Electric,27991,2500,Comprehensive,1903.31,250,2,0,663,58604,2,1
116,61,Female,Divorced,PhD,Employed,Urban,43,0,1,2021,3,Nissan,Coupe,Diesel,19607,1500,Standard,2385.32,2000,12,0,653,21438,1,0
117,23,Male,Married,Master,Retired,Suburban,2,1,1,2016,8,Chevrolet,Sedan,Hybrid,28658,2000,Standard,481.37,250,13,0,323,104935,2,0
118,28,Male,Married,None,Self-Employed,Suburban,6,0,0,2017,7,Ford,SUV,Hybrid,17962,1000,Comprehensive,2684.36,1500,10,1,698,16166,2,0
119,66,Male,Single,None,Self-Employed,Suburban,46,0,0,2020,4,Nissan,Minivan,Electric,24561,1500,Standard,1884.91,1000,6,1,476,191577,2,0
120,57,Male,Married,Master,Employed,Urban,37,0,0,2009,15,Nissan,Pickup,Hybrid,24543,1200,Standard,1442.2,1500,11,0,470,143356,0,1
121,57,Male,Divorced,High School,Student,Urban,38,2,3,2021,3,Chevrolet,Pickup,Hybrid,18619,2000,Standard,1619.49,250,10,0,525,91569,0,1
122,67,Female,Widowed,None,Unemployed,Urban,45,0,1,2016,8,Nissan,Sedan,Hybrid,22902,1500,Standard,576.52,500,5,0,760,83895,1,0
123,46,Male,Married,Bachelor,Unemployed,Rural,26,2,1,2018,6,Ford,Coupe,Diesel,30717,1500,Basic,2474.69,2000,6,1,472,99843,4,1
124,72,Male,Married,PhD,Employed,Suburban,49,0,2,2012,12,Ford,Minivan,Electric,32147,1500,Comprehensive,1360.29,500,10,1,724,113349,1,0
125,74,Male,Widowed,None,Retired,Rural,54,0,0,2023,1,Toyota,Minivan,Petrol,28951,3500,Comprehensive,2093.19,1000,14,0,847,119258,0,0
126,31,Female,Divorced,Master,Retired,Suburban,9,1,1,2020,4,Hyundai,Minivan,Petrol,6505,1200,Standard,343.96,500,8,1,300,127145,0,0
127,26,Female,Married,Master,Employed,Rural,6,0,0,2010,14,Toyota,Pickup,Electric,28789,2000,Basic,1458.92,250,12,0,301,70947,1,1
128,61,Female,Single,High School,Retired,Urban,40,1,0,2012,12,Volkswagen,Sedan,Petrol,8381,1500,Standard,670.25,500,11,0,370,154069,2,0
129,28,Female,Divorced,Bachelor,Self-Employed,Suburban,6,1,2,2007,17,Honda,SUV,Petrol,24319,2000,Standard,2900.77,1000,13,0,553,87605,2,1
130,64,Female,Single,Master,Self-Employed,Rural,42,0,1,2014,10,Toyota,SUV,Hybrid,17644,1200,Standard,2022.82,250,9,0,669,97961,0,0
131,54,Female,Divorced,None,Self-Employed,Suburban,36,0,0,2013,11,BMW,Sedan,Petrol,30863,1500,Standard,1997.14,2000,13,1,733,198975,1,0
132,52,Male,Divorced,High School,Retired,Urban,30,3,5,2009,15,Nissan,Hatchback,Hybrid,24216,2000,Comprehensive,2138.85,250,5,1,544,30179,0,0
133,25,Female,Single,Master,Self-Employed,Urban,7,1,1,2010,14,Chevrolet,Hatchback,Electric,10471,1500,Comprehensive,2409.03,1000,12,0,330,102821,3,1
134,63,Male,Widowed,PhD,Unemployed,Suburban,45,0,1,2016,8,Ford,Hatchback,Petrol,34303,1800,Comprehensive,611.4,2000,1,0,312,79107,0,0
135,27,Male,Single,None,Student,Urban,7,0,3,2015,9,Mercedes,Sedan,Electric,8912,1800,Basic,784.23,2000,1,1,370,136921,3,0
136,37,Female,Single,None,Student,Urban,17,0,1,2014,10,Audi,SUV,Hybrid,17067,1800,Standard,2994.03,500,12,0,454,16671,4,1
137,58,Male,Divorced,High School,Student,Rural,35,0,0,2012,12,Volkswagen,Pickup,Petrol,9665,2000,Basic,418.53,500,15,1,681,135182,4,1
138,26,Female,Single,None,Unemployed,Urban,5,1,0,2014,10,Mercedes,Hatchback,Hybrid,27961,2500,Standard,1158.76,1000,4,0,507,50680,2,0
139,27,Male,Married,PhD,Student,Suburban,6,0,0,2011,13,Chevrolet,Hatchback,Hybrid,13683,2500,Basic,725.56,1000,14,0,520,100929,0,0
140,40,Female,Single,Master,Retired,Urban,22,3,2,2022,2,Nissan,SUV,Petrol,20140,1200,Basic,627.92,250,14,0,433,66939,3,1
141,59,Male,Divorced,High School,Employed,Urban,40,2,0,2009,15,Honda,Hatchback,Petrol,6399,3000,Basic,753.57,2000,7,1,808,22728,1,0
142,40,Male,Married,Master,Retired,Suburban,21,0,1,2012,12,Mercedes,Pickup,Hybrid,33926,1800,Basic,536.85,1500,3,1,504,183467,3,0
143,58,Male,Widowed,Master,Student,Rural,37,0,1,2015,9,Volkswagen,Hatchback,Diesel,5854,1500,Basic,379.12,1000,1,1,842,108698,2,0
144,28,Male,Married,Bachelor,Retired,Rural,5,0,5,2012,12,Audi,Pickup,Electric,32499,3500,Basic,775.47,2000,6,1,328,199405,2,0
145,54,Male,Married,PhD,Unemployed,Suburban,35,0,0,2012,12,Audi,SUV,Petrol,22250,1800,Standard,2778.32,500,13,0,648,61520,3,0
146,38,Male,Single,Bachelor,Unemployed,Rural,19,1,2,2016,8,Honda,Hatchback,Hybrid,24202,1200,Standard,1171.03,500,12,1,798,185178,1,0
147,53,Female,Married,None,Self-Employed,Suburban,33,1,0,2010,14,Toyota,Minivan,Hybrid,32877,3500,Comprehensive,387.43,2000,6,0,406,145071,0,0
148,33,Female,Divorced,Bachelor,Employed,Rural,10,1,2,2019,5,Toyota,Hatchback,Diesel,13176,2000,Standard,992.98,250,12,0,349,116171,1,0
149,28,Female,Widowed,PhD,Retired,Rural,7,0,0,2023,1,BMW,SUV,Hybrid,7415,2000,Basic,1096.25,1000,5,0,375,104602,0,0
150,64,Male,Single,Master,Unemployed,Rural,43,1,0,2010,14,Audi,Pickup,Diesel,6754,1200,Basic,2930.88,1500,12,1,588,92961,0,1
151,71,Female,Married,High School,Retired,Urban,50,0,2,2024,0,Chevrolet,SUV,Petrol,5843,1500,Comprehensive,1087.89,250,8,0,615,119193,1,0
152,34,Male,Widowed,Bachelor,Retired,Suburban,14,0,0,2019,5,Chevrolet,Hatchback,Diesel,32429,1500,Basic,708.05,250,2,1,723,169593,0,1
153,51,Female,Widowed,None,Self-Employed,Suburban,31,0,2,2006,18,Nissan,Coupe,Diesel,8941,3000,Standard,766.77,500,4,0,429,26187,1,0
154,45,Male,Married,None,Retired,Suburban,22,2,0,2017,7,Nissan,Pickup,Electric,33069,1500,Standard,2776.34,250,13,1,415,123643,0,0
155,55,Male,Single,None,Employed,Suburban,33,2,2,2013,11,Volkswagen,Minivan,Hybrid,23744,1800,Basic,764.94,1500,3,1,339,118754,3,1
156,65,Female,Divorced,Master,Employed,Suburban,45,0,2,2008,16,BMW,SUV,Electric,29370,1800,Standard,1027.43,1500,10,0,492,130793,0,0
157,65,Female,Divorced,High School,Unemployed,Urban,47,0,1,2009,15,Nissan,Coupe,Petrol,10693,1200,Basic,2559.84,500,1,1,351,109470,2,1
158,50,Female,Single,High School,Self-Employed,Suburban,29,1,0,2020,4,Audi,Coupe,Electric,16280,1200,Standard,2322.2,250,5,0,695,28015,0,0
159,31,Male,Married,Bachelor,Retired,Rural,10,0,2,2005,19,Chevrolet,SUV,Diesel,24698,2500,Basic,981.45,1000,12,1,733,113690,3,0
160,31,Female,Divorced,None,Unemployed,Suburban,9,0,1,2016,8,Nissan,Minivan,Electric,14780,2000,Standard,472.36,1000,11,1,583,83458,2,0
161,59,Female,Married,Bachelor,Unemployed,Urban,41,2,2,2024,0,Volkswagen,Minivan,Electric,27307,1200,Basic,2069.58,1000,5,1,714,116783,2,0
162,54,Male,Divorced,Bachelor,Unemployed,Rural,33,2,1,2021,3,Mercedes,SUV,Diesel,14626,1200,Basic,2300.48,2000,13,0,643,186556,0,1
163,37,Female,Divorced,Master,Retired,Rural,17,0,0,2006,18,Audi,Coupe,Petrol,20473,2500,Comprehensive,623.5,1500,9,1,723,29172,3,1
164,39,Female,Widowed,Bachelor,Retired,Rural,20,1,0,2010,14,Hyundai,Minivan,Petrol,5154,1800,Basic,2355.22,500,10,0,801,38079,0,0
165,45,Female,Widowed,PhD,Student,Urban,27,0,1,2005,19,Hyundai,Coupe,Diesel,5587,2000,Comprehensive,2280.73,500,12,1,619,48798,0,0
166,37,Male,Single,High School,Retired,Suburban,16,1,1,2015,9,Volkswagen,Minivan,Diesel,16230,3500,Standard,1269.98,500,3,1,319,74878,0,0
167,31,Male,Married,High School,Retired,Rural,8,1,0,2013,11,Nissan,Coupe,Petrol,24461,3500,Comprehensive,591.91,250,1,0,726,131474,1,0
168,48,Male,Married,High School,Retired,Suburban,25,0,1,2024,0,Audi,Minivan,Diesel,18724,2500,Basic,1681.28,2000,2,1,416,42856,1,0
169,67,Female,Married,Master,Student,Suburban,48,0,0,2011,13,Chevrolet,Hatchback,Diesel,5089,1000,Basic,2748.58,2000,11,1,452,38614,2,1
170,75,Female,Married,PhD,Retired,Suburban,54,0,2,2006,18,Mercedes,Hatchback,Electric,18959,2000,Basic,2598.36,250,1,0,474,101156,1,0
171,57,Female,Single,Master,Retired,Urban,39,0,3,2013,11,Volkswagen,Minivan,Hybrid,31211,1800,Basic,605.25,250,14,0,406,124059,3,0
172,54,Female,Married,None,Student,Suburban,32,0,1,2009,15,Chevrolet,Pickup,Petrol,34084,1500,Basic,471.01,1000,1,0,646,151078,2,0
173,24,Female,Married,PhD,Retired,Rural,1,1,0,2022,2,Audi,Sedan,Petrol,26082,3000,Comprehensive,2591.88,1500,14,0,376,143882,1,1
174,50,Male,Widowed,PhD,Self-Employed,Urban,29,0,1,2007,17,Chevrolet,Pickup,Electric,8889,3500,Comprehensive,2064.11,250,7,1,336,161048,2,0
175,68,Female,Married,PhD,Retired,Suburban,50,2,2,2015,9,Nissan,Coupe,Hybrid,28483,2000,Comprehensive,1521.84,250,13,0,302,104484,1,0
176,69,Female,Divorced,High School,Employed,Urban,48,0,1,2018,6,Honda,Hatchback,Diesel,11145,1200,Standard,882.09,500,12,1,410,123650,0,0
177,61,Male,Widowed,PhD,Unemployed,Rural,42,3,0,2006,18,Nissan,Pickup,Hybrid,21657,2000,Basic,2167.91,500,12,0,406,116556,2,0
178,38,Female,Widowed,None,Self-Employed,Suburban,17,3,5,2019,5,Ford,SUV,Hybrid,24743,2000,Comprehensive,1683.2,2000,14,1,522,67661,0,0
179,61,Female,Married,Bachelor,Unemployed,Rural,38,1,1,2016,8,Nissan,Pickup,Hybrid,27093,2000,Comprehensive,1072.01,1500,13,0,835,42910,0,1
180,30,Female,Married,Master,Retired,Urban,12,1,0,2022,2,Toyota,Hatchback,Hybrid,8358,1800,Comprehensive,2296.63,500,12,1,543,148935,3,0
181,36,Male,Widowed,PhD,Student,Rural,16,3,0,2013,11,BMW,Coupe,Hybrid,32196,1500,Comprehensive,2202.5,1000,13,0,498,92116,1,0
182,22,Male,Married,None,Employed,Suburban,4,0,1,2009,15,Ford,Coupe,Electric,5184,1500,Comprehensive,2831.24,250,3,1,352,178936,2,0
183,49,Female,Single,Master,Unemployed,Urban,30,0,2,2010,14,Volkswagen,Coupe,Hybrid,8012,1500,Basic,2091,1000,6,1,523,177078,2,0
184,70,Male,Single,Master,Student,Urban,47,1,1,2006,18,Hyundai,Pickup,Petrol,17644,1500,Comprehensive,1063.64,2000,14,1,826,148361,1,1
185,30,Female,Single,High School,Self-Employed,Rural,8,0,0,2011,13,Volkswagen,Sedan,Diesel,22621,2500,Comprehensive,2393.06,250,12,0,324,135383,2,1
186,29,Female,Single,None,Self-Employed,Suburban,8,0,1,2018,6,Hyundai,Sedan,Hybrid,27062,1200,Basic,2031.84,2000,2,0,374,108768,4,1
187,37,Male,Divorced,PhD,Student,Suburban,14,0,0,2012,12,Ford,Minivan,Hybrid,31108,2000,Comprehensive,1096.44,500,5,1,311,160103,3,1
188,54,Female,Single,Master,Self-Employed,Rural,31,2,0,2018,6,Nissan,SUV,Diesel,11029,1500,Standard,824.68,500,11,0,772,183997,2,1
189,24,Male,Widowed,Master,Retired,Urban,1,1,0,2024,0,Honda,SUV,Electric,20920,1800,Comprehensive,2080.44,2000,3,1,623,127278,0,1
190,63,Female,Divorced,Master,Self-Employed,Rural,40,0,0,2019,5,Hyundai,Hatchback,Hybrid,23077,1200,Comprehensive,1937.89,1000,14,0,501,84005,2,0
191,64,Male,Single,None,Employed,Rural,42,0,1,2006,18,Nissan,Hatchback,Hybrid,26427,2000,Standard,1359.75,2000,12,1,437,136818,2,1
192,18,Male,Married,None,Self-Employed,Suburban,0,0,3,2009,15,Chevrolet,Hatchback,Petrol,12170,2000,Basic,469.73,1000,4,0,511,150760,3,1
193,47,Male,Single,Master,Employed,Rural,25,1,0,2013,11,Audi,Coupe,Diesel,17342,2000,Standard,1886.73,250,9,1,685,73431,2,0
194,73,Female,Widowed,PhD,Unemployed,Urban,51,2,0,2012,12,Honda,Coupe,Electric,11930,1200,Basic,1278,250,11,0,724,101566,2,1
195,31,Male,Widowed,High School,Self-Employed,Urban,12,1,0,2021,3,Toyota,Coupe,Diesel,6832,1200,Basic,1694.93,1500,10,0,590,37478,0,0
196,48,Female,Married,Bachelor,Student,Rural,29,1,2,2010,14,Audi,Minivan,Electric,10495,2000,Standard,2790.35,2000,10,0,535,114145,1,1
197,73,Female,Married,None,Employed,Urban,52,2,1,2022,2,Nissan,Sedan,Petrol,20802,2000,Comprehensive,1756.07,250,15,1,834,125279,1,1
198,32,Female,Widowed,Master,Unemployed,Rural,9,1,0,2013,11,Chevrolet,SUV,Petrol,14282,1800,Comprehensive,1403.35,500,1,0,835,45888,2,0
199,31,Female,Widowed,Master,Employed,Urban,10,1,0,2022,2,Volkswagen,Coupe,Electric,25050,1500,Comprehensive,1373.13,500,7,1,483,112049,2,0
200,37,Female,Widowed,Bachelor,Employed,Rural,18,0,1,2010,14,Honda,SUV,Hybrid,30758,1500,Comprehensive,1957.87,250,3,1,305,38878,3,0
201,56,Female,Single,High School,Retired,Urban,36,0,0,2017,7,Volkswagen,Coupe,Electric,28317,3500,Basic,2853.43,500,11,1,749,17807,0,0
202,69,Female,Married,High School,Unemployed,Rural,47,1,1,2006,18,Hyundai,SUV,Petrol,10159,1200,Standard,2405.12,1000,11,1,715,168637,0,1
203,23,Female,Divorced,Master,Retired,Urban,1,3,0,2017,7,Audi,Sedan,Electric,10735,1500,Basic,1808.3,2000,5,1,419,149555,4,0
204,70,Female,Widowed,PhD,Unemployed,Suburban,51,1,3,2019,5,Chevrolet,Coupe,Petrol,20793,1200,Basic,1333.22,500,11,0,623,123114,4,0
205,18,Female,Married,Master,Employed,Suburban,0,1,0,2022,2,Ford,Pickup,Electric,16584,1500,Comprehensive,1026.5,500,8,0,540,78453,3,1
206,33,Female,Married,High School,Employed,Urban,10,3,0,2005,19,Nissan,Sedan,Hybrid,17163,2000,Standard,2724.93,2000,14,1,802,62938,4,0
207,35,Female,Married,None,Self-Employed,Urban,13,1,0,2022,2,Toyota,Coupe,Electric,17901,2500,Basic,1534.43,250,12,1,623,195672,0,0
208,42,Male,Divorced,Master,Unemployed,Suburban,23,0,0,2020,4,Audi,Hatchback,Electric,11026,1800,Basic,1431.55,1000,6,1,586,133155,0,1
209,32,Male,Divorced,Bachelor,Unemployed,Suburban,11,0,2,2009,15,Chevrolet,Sedan,Diesel,18812,1800,Comprehensive,1695.92,1000,13,1,607,80791,2,0
210,43,Male,Married,High School,Self-Employed,Suburban,22,2,0,2015,9,Mercedes,Hatchback,Electric,23361,1800,Standard,1229.18,1500,2,1,503,166218,2,0
211,29,Female,Divorced,Master,Unemployed,Suburban,6,0,0,2024,0,Mercedes,Pickup,Diesel,33451,1200,Standard,1438.9,2000,10,1,373,35738,0,1
212,36,Female,Widowed,Master,Student,Suburban,13,1,3,2018,6,Ford,SUV,Petrol,9097,2000,Comprehensive,979.45,250,4,0,706,42003,0,0
213,48,Male,Single,PhD,Unemployed,Urban,30,0,0,2017,7,Mercedes,SUV,Diesel,29169,1500,Comprehensive,641.31,2000,14,0,329,24215,2,0
214,38,Female,Widowed,None,Retired,Rural,17,0,3,2022,2,Ford,Coupe,Hybrid,25678,2000,Comprehensive,1474.44,2000,5,1,793,156470,0,1
215,44,Female,Married,Master,Employed,Urban,22,2,2,2016,8,Mercedes,Pickup,Petrol,27536,3000,Standard,1108.95,1500,13,1,536,16892,2,1
216,45,Female,Married,Bachelor,Student,Suburban,26,0,0,2012,12,Nissan,Coupe,Electric,14328,2000,Comprehensive,2483.78,1500,4,0,486,50815,0,0
217,57,Female,Divorced,None,Student,Urban,37,0,0,2022,2,Toyota,SUV,Petrol,14244,1500,Comprehensive,1483.72,250,4,0,454,18860,1,0
218,37,Female,Divorced,PhD,Employed,Suburban,19,2,3,2006,18,Mercedes,Pickup,Petrol,22799,1800,Basic,2718.39,1000,14,1,312,46971,4,0
219,42,Female,Married,High School,Self-Employed,Suburban,19,1,1,2011,13,Chevrolet,Pickup,Electric,15586,1200,Comprehensive,413.9,2000,9,0,559,141151,2,1
220,73,Male,Single,Bachelor,Student,Suburban,55,0,0,2008,16,Volkswagen,SUV,Petrol,6376,1800,Comprehensive,1583.23,2000,3,1,391,80201,0,1
221,66,Male,Single,Master,Self-Employed,Rural,44,1,0,2012,12,Hyundai,Coupe,Electric,31395,2500,Comprehensive,821.01,1500,6,0,556,25351,1,0
222,36,Female,Married,None,Self-Employed,Rural,16,0,0,2024,0,Nissan,SUV,Petrol,22404,1200,Standard,2512.43,2000,6,1,300,182254,2,0
223,74,Male,Divorced,None,Self-Employed,Suburban,51,0,3,2017,7,BMW,Coupe,Hybrid,30091,1800,Comprehensive,1064.45,1500,11,1,413,40233,2,1
224,26,Male,Single,Bachelor,Employed,Suburban,7,0,1,2017,7,Chevrolet,Coupe,Electric,6608,1500,Comprehensive,2238.18,250,15,0,803,35960,1,0
225,41,Female,Divorced,High School,Unemployed,Suburban,19,0,0,2014,10,Honda,SUV,Petrol,8316,2000,Comprehensive,1340.39,500,9,0,483,161387,2,0
226,24,Female,Widowed,PhD,Employed,Urban,5,0,1,2010,14,Nissan,Coupe,Hybrid,16544,3000,Comprehensive,2976.95,1000,14,1,722,181000,1,0
227,56,Male,Married,PhD,Unemployed,Rural,36,0,0,2017,7,Toyota,Minivan,Petrol,14321,1800,Comprehensive,664.73,1000,1,1,527,71314,3,1
228,62,Female,Married,High School,Employed,Suburban,42,0,0,2023,1,BMW,SUV,Electric,31577,1500,Comprehensive,1379.46,500,12,0,632,141493,0,0
229,62,Male,Divorced,High School,Unemployed,Suburban,44,1,3,2015,9,Hyundai,Pickup,Hybrid,33437,1200,Basic,2318.73,2000,15,0,691,29189,1,1
230,27,Female,Married,Bachelor,Employed,Rural,4,4,5,2024,0,Audi,Coupe,Petrol,12277,1800,Standard,699.63,1000,2,1,350,158694,1,1
231,67,Male,Married,PhD,Unemployed,Urban,46,0,1,2022,2,Audi,Minivan,Diesel,12940,1000,Standard,1173.21,2000,2,0,723,126028,1,1
232,59,Male,Divorced,Bachelor,Retired,Rural,38,1,0,2012,12,BMW,Minivan,Electric,10111,2000,Basic,603.4,250,4,0,594,18600,1,0
233,37,Female,Widowed,High School,Retired,Urban,14,0,0,2021,3,Mercedes,Coupe,Hybrid,25415,2000,Basic,2176.69,250,7,0,561,59648,0,1
234,35,Male,Widowed,High School,Employed,Suburban,12,0,2,2016,8,Honda,Sedan,Electric,33423,2500,Standard,924.16,1500,9,0,623,142051,3,0
235,29,Male,Widowed,None,Employed,Urban,10,3,0,2020,4,Volkswagen,Minivan,Diesel,5602,1500,Standard,1259.52,1000,4,1,363,179047,0,1
236,19,Female,Married,Bachelor,Retired,Suburban,0,0,1,2021,3,Audi,Minivan,Diesel,18675,1500,Basic,1451.46,1000,15,1,759,157143,0,0
237,55,Male,Married,Master,Unemployed,Urban,34,4,5,2009,15,Audi,SUV,Electric,7222,1800,Comprehensive,619.65,1000,14,0,330,98542,3,1
238,46,Female,Married,Bachelor,Employed,Urban,27,0,5,2024,0,Mercedes,Coupe,Diesel,24541,1500,Comprehensive,370.43,250,12,1,437,146681,3,1
239,29,Female,Widowed,PhD,Self-Employed,Urban,10,0,0,2005,19,Mercedes,Pickup,Diesel,29325,2000,Basic,2346,250,3,1,801,195319,1,0
240,33,Female,Widowed,High School,Unemployed,Rural,12,1,0,2023,1,Audi,Coupe,Petrol,22060,1200,Standard,2532.93,250,15,0,831,155999,1,0
241,53,Female,Single,Bachelor,Retired,Suburban,32,2,1,2014,10,Chevrolet,SUV,Hybrid,14647,1800,Basic,2162.87,500,8,1,392,146244,0,0
242,75,Male,Widowed,PhD,Retired,Suburban,57,0,1,2011,13,Chevrolet,Sedan,Electric,15619,2000,Comprehensive,2450.51,250,2,0,760,181218,1,0
243,42,Male,Widowed,None,Student,Urban,23,2,1,2009,15,Ford,SUV,Diesel,30203,2000,Standard,1131.77,1500,5,0,420,49490,4,1
244,18,Female,Widowed,PhD,Unemployed,Urban,0,2,0,2023,1,Chevrolet,Pickup,Hybrid,19479,1000,Comprehensive,317.75,2000,5,0,350,63454,0,1
245,72,Male,Divorced,Master,Employed,Urban,54,0,0,2014,10,Audi,Minivan,Diesel,19920,2000,Standard,2815,250,13,1,630,111618,3,0
246,66,Female,Single,Master,Student,Urban,48,1,0,2021,3,Volkswagen,Coupe,Diesel,27800,1500,Basic,595.12,2000,2,1,594,126949,2,1
247,57,Female,Married,None,Unemployed,Suburban,35,1,0,2010,14,Audi,SUV,Electric,11342,1000,Basic,1555.19,250,12,0,724,123538,0,0
248,69,Male,Single,Bachelor,Retired,Suburban,51,0,1,2015,9,Toyota,Sedan,Electric,16185,1500,Comprehensive,1963.18,250,14,0,498,101642,3,0
249,48,Female,Single,Bachelor,Student,Urban,25,0,2,2015,9,Chevrolet,Pickup,Petrol,32364,1800,Comprehensive,2257.4,1000,9,0,513,166361,2,0
250,74,Female,Single,Bachelor,Retired,Urban,54,4,1,2010,14,Audi,Coupe,Hybrid,11140,1800,Standard,2204.22,1000,12,0,578,123493,0,0
251,41,Female,Divorced,Bachelor,Unemployed,Suburban,22,0,2,2011,13,Honda,Pickup,Petrol,31182,1800,Comprehensive,716.01,1000,15,1,836,96358,2,1
252,70,Male,Married,High School,Student,Suburban,47,2,0,2014,10,Toyota,Minivan,Petrol,15921,1800,Basic,578.38,1000,1,1,514,99116,0,1
253,67,Female,Single,Master,Self-Employed,Urban,47,0,3,2022,2,Nissan,Sedan,Diesel,22777,1500,Standard,1031.84,1000,10,0,475,33675,1,0
254,52,Female,Single,Bachelor,Employed,Suburban,29,0,0,2007,17,Volkswagen,Pickup,Diesel,28090,1800,Comprehensive,1999.57,1500,10,1,619,102118,3,0
255,60,Male,Widowed,None,Self-Employed,Urban,37,0,0,2019,5,Chevrolet,SUV,Diesel,9709,2500,Comprehensive,996.74,1000,7,0,638,100134,1,1
256,40,Female,Widowed,Bachelor,Retired,Suburban,18,1,1,2017,7,Honda,Hatchback,Petrol,30966,1500,Standard,1382.2,1500,4,0,462,141451,1,1
257,55,Female,Widowed,None,Retired,Rural,32,0,1,2007,17,Audi,Pickup,Petrol,24404,1800,Standard,1798.74,1500,3,1,715,33247,2,0
258,56,Female,Divorced,PhD,Employed,Urban,37,2,2,2005,19,Ford,Minivan,Diesel,19843,1800,Standard,1962.04,1500,4,0,624,93573,2,0
259,37,Female,Divorced,High School,Unemployed,Urban,15,4,0,2009,15,Mercedes,Sedan,Electric,34526,1800,Basic,302.28,2000,14,1,412,88979,3,1
260,43,Female,Widowed,PhD,Student,Suburban,21,0,0,2009,15,BMW,Coupe,Hybrid,32634,3000,Standard,716.52,500,3,0,373,184971,0,0
261,49,Female,Married,High School,Self-Employed,Rural,28,2,2,2024,0,Volkswagen,Coupe,Diesel,19889,1800,Comprehensive,2514.19,1500,6,0,490,126351,2,0
262,72,Male,Divorced,PhD,Unemployed,Rural,52,0,0,2020,4,Hyundai,Sedan,Hybrid,27626,1200,Comprehensive,2274.49,1000,8,0,835,174926,0,0
263,65,Male,Divorced,None,Employed,Suburban,43,1,0,2021,3,Chevrolet,Coupe,Electric,18795,1500,Standard,1080.86,250,12,1,566,31100,2,0
264,54,Male,Divorced,None,Employed,Suburban,33,0,1,2013,11,Mercedes,SUV,Electric,14018,2500,Basic,2301.86,2000,3,0,757,111932,3,0
265,62,Male,Widowed,Bachelor,Unemployed,Urban,42,4,3,2024,0,Ford,Pickup,Hybrid,30243,1500,Comprehensive,1488.5,500,4,1,355,183364,0,1
266,47,Female,Widowed,Master,Student,Rural,25,0,1,2017,7,Chevrolet,Hatchback,Diesel,22381,2500,Basic,1079.74,1500,7,1,842,194011,4,1
267,40,Female,Divorced,Master,Retired,Suburban,22,0,1,2019,5,BMW,Minivan,Diesel,22037,1500,Comprehensive,2981.68,1000,9,0,308,32813,0,1
268,46,Female,Married,Master,Retired,Urban,28,0,0,2024,0,BMW,Coupe,Petrol,28202,3000,Basic,2612.39,500,7,0,413,197361,0,0
269,60,Male,Widowed,Master,Student,Rural,37,1,0,2010,14,Honda,Hatchback,Petrol,17543,1500,Basic,997.24,1000,3,1,371,143901,4,1
270,59,Female,Single,Bachelor,Unemployed,Suburban,40,1,0,2019,5,Mercedes,Sedan,Petrol,7389,1000,Comprehensive,976.61,1500,1,1,452,186144,2,0
271,60,Female,Divorced,Bachelor,Retired,Suburban,38,0,1,2020,4,Chevrolet,Pickup,Hybrid,32657,2000,Basic,1758.35,250,7,1,424,163699,2,0
272,39,Female,Widowed,High School,Employed,Suburban,17,2,0,2019,5,Mercedes,Minivan,Diesel,10787,1800,Standard,2083.98,1000,12,1,409,180312,2,0
273,74,Female,Married,Bachelor,Employed,Urban,56,1,1,2020,4,Volkswagen,Sedan,Electric,21373,1800,Standard,2909.75,250,1,1,357,103530,3,1
274,69,Female,Married,None,Self-Employed,Urban,51,1,0,2005,19,Chevrolet,Coupe,Petrol,12952,2000,Basic,338.79,250,15,1,399,134586,2,0
275,22,Male,Single,PhD,Unemployed,Rural,3,0,0,2015,9,Volkswagen,Hatchback,Petrol,27416,1800,Basic,1168.29,500,13,0,477,102950,0,1
276,28,Female,Married,PhD,Self-Employed,Rural,10,0,2,2024,0,Volkswagen,SUV,Petrol,33823,1800,Basic,319.5,250,12,1,726,196797,3,0
277,62,Male,Married,Bachelor,Retired,Rural,41,0,3,2024,0,Toyota,Coupe,Diesel,28501,1800,Basic,1993.42,1000,6,1,304,161200,0,1
278,24,Female,Married,PhD,Self-Employed,Suburban,6,0,2,2020,4,Chevrolet,SUV,Diesel,26959,3000,Basic,2041.12,1000,4,1,557,102633,2,0
279,47,Male,Single,High School,Unemployed,Urban,28,1,0,2008,16,Honda,SUV,Hybrid,24421,1800,Standard,836.63,1000,4,0,633,74711,0,0
280,73,Male,Widowed,Bachelor,Employed,Suburban,51,0,2,2009,15,BMW,Coupe,Hybrid,10834,1500,Basic,1535.9,500,11,1,576,68008,1,1
281,35,Male,Single,PhD,Student,Suburban,16,1,0,2014,10,Audi,SUV,Diesel,23943,3500,Basic,533.48,2000,8,0,784,136310,0,0
282,65,Male,Married,Master,Student,Rural,46,2,1,2009,15,Audi,Sedan,Hybrid,6449,1000,Standard,2280.39,2000,1,1,843,118368,1,0
283,70,Male,Widowed,PhD,Self-Employed,Urban,48,1,1,2018,6,BMW,SUV,Electric,14692,1500,Basic,343.01,1000,3,1,324,134233,1,1
284,29,Female,Widowed,High School,Employed,Suburban,6,0,0,2018,6,Mercedes,Minivan,Diesel,30811,2000,Comprehensive,2678.29,250,9,1,352,44089,1,0
285,20,Female,Divorced,Bachelor,Unemployed,Rural,2,1,1,2009,15,Hyundai,SUV,Petrol,26267,1800,Comprehensive,2652.05,500,13,0,628,107461,3,1
286,21,Male,Divorced,Master,Student,Suburban,0,0,0,2022,2,Nissan,Hatchback,Hybrid,25347,1500,Comprehensive,2852.49,250,4,1,389,36016,1,1
287,22,Male,Married,Master,Employed,Rural,3,0,2,2021,3,Toyota,Hatchback,Hybrid,27360,1800,Basic,1579.54,1500,8,0,598,64561,0,0
288,32,Female,Widowed,None,Retired,Rural,9,1,0,2021,3,Nissan,Pickup,Hybrid,14964,1800,Standard,763.69,1000,4,1,680,90535,2,1
289,47,Male,Married,None,Retired,Urban,28,2,1,2009,15,Ford,SUV,Petrol,6348,3500,Comprehensive,641.48,1000,6,0,510,162452,2,0
290,40,Male,Divorced,PhD,Unemployed,Urban,18,0,3,2017,7,Chevrolet,SUV,Hybrid,15492,1200,Comprehensive,1774.59,2000,6,1,785,90976,4,0
291,54,Male,Widowed,Master,Employed,Rural,33,2,0,2022,2,Honda,Hatchback,Petrol,18160,1800,Basic,1504.13,250,6,0,499,167943,2,0
292,67,Female,Married,High School,Employed,Rural,46,1,3,2021,3,Volkswagen,SUV,Hybrid,15412,1800,Comprehensive,2847.19,1000,7,0,737,111896,1,1
293,37,Female,Single,Bachelor,Student,Rural,16,2,0,2018,6,Volkswagen,SUV,Petrol,9706,1500,Standard,2968.63,2000,6,0,684,38186,0,0
294,35,Female,Married,None,Student,Rural,13,1,0,2010,14,Volkswagen,Hatchback,Hybrid,6383,2500,Standard,2553.38,1000,8,1,529,22035,3,1
295,58,Female,Single,Master,Student,Urban,37,2,1,2005,19,Honda,Hatchback,Hybrid,7186,1800,Standard,1868.88,2000,7,1,787,196992,3,1
296,19,Female,Married,None,Employed,Urban,0,0,1,2016,8,Ford,Sedan,Electric,16834,1500,Standard,431.53,1000,9,0,826,65807,2,1
297,66,Male,Divorced,Master,Retired,Suburban,43,1,0,2022,2,Audi,Hatchback,Diesel,5422,1200,Standard,1307.14,1500,7,1,466,41848,0,0
298,71,Male,Single,PhD,Student,Urban,53,2,3,2020,4,Hyundai,Hatchback,Electric,9555,2500,Comprehensive,1712.43,1000,3,1,329,46089,0,0
299,27,Male,Divorced,Bachelor,Self-Employed,Urban,9,0,1,2008,16,Honda,Sedan,Hybrid,29816,1800,Basic,591.11,2000,10,0,780,46174,3,1
300,18,Male,Single,None,Self-Employed,Rural,0,0,0,2007,17,Ford,Minivan,Electric,23997,1500,Basic,2608.87,2000,4,0,401,166554,2,0
301,63,Male,Divorced,Bachelor,Unemployed,Urban,40,0,0,2021,3,Chevrolet,Hatchback,Diesel,19406,2000,Basic,788.29,1000,7,1,519,149807,0,1
302,25,Female,Single,None,Self-Employed,Suburban,5,1,1,2006,18,Honda,Hatchback,Hybrid,8791,1500,Standard,1921.05,1000,11,1,531,160205,1,0
303,45,Male,Single,PhD,Retired,Urban,27,4,0,2008,16,Volkswagen,Pickup,Petrol,8906,1200,Standard,2176.6,250,12,0,366,110344,4,1
304,43,Male,Married,PhD,Student,Suburban,20,1,1,2017,7,Hyundai,Pickup,Hybrid,20877,1800,Basic,2373.6,250,2,1,801,145357,0,0
305,19,Male,Single,High School,Student,Rural,1,4,0,2015,9,Ford,Hatchback,Petrol,29909,1000,Comprehensive,2372.44,1500,4,1,809,143516,2,1
306,52,Male,Single,PhD,Employed,Suburban,31,0,0,2019,5,Toyota,Sedan,Diesel,23240,2000,Standard,2688.69,500,8,1,437,96909,2,0
307,25,Female,Widowed,PhD,Unemployed,Urban,3,0,0,2023,1,Volkswagen,Coupe,Electric,30115,3500,Standard,465.84,2000,1,0,675,106455,3,0
308,66,Female,Widowed,High School,Student,Suburban,46,0,0,2012,12,BMW,SUV,Electric,24416,1200,Comprehensive,476.85,1000,2,1,473,20167,2,1
309,45,Female,Divorced,High School,Student,Rural,27,4,0,2017,7,Hyundai,Coupe,Petrol,31487,1800,Comprehensive,2122.8,1000,8,1,470,176173,0,0
310,30,Female,Single,None,Self-Employed,Suburban,10,0,5,2017,7,BMW,Coupe,Petrol,28517,2500,Basic,1898.03,1000,2,1,737,69981,1,1
311,50,Female,Widowed,None,Retired,Urban,29,0,1,2019,5,Nissan,SUV,Petrol,25573,2000,Basic,1857.48,500,11,1,574,182228,2,0
312,67,Female,Single,None,Self-Employed,Suburban,46,0,0,2014,10,Volkswagen,Pickup,Electric,33186,2500,Basic,2011.6,1500,5,1,464,82225,2,1
313,27,Male,Single,Bachelor,Retired,Suburban,6,1,0,2006,18,BMW,SUV,Electric,9470,1000,Standard,2078.41,500,11,0,797,20218,0,0
314,38,Female,Single,PhD,Retired,Rural,15,2,0,2009,15,BMW,Sedan,Petrol,22103,2000,Comprehensive,2864.12,2000,5,1,392,77410,2,0
315,38,Female,Widowed,Bachelor,Student,Urban,19,0,0,2013,11,Chevrolet,Pickup,Electric,33275,1800,Standard,1740.37,250,6,1,786,193975,0,1
316,27,Female,Widowed,Master,Retired,Urban,4,3,1,2006,18,BMW,Hatchback,Hybrid,15134,2000,Comprehensive,1279.71,250,9,0,753,116835,0,0
317,34,Female,Single,Bachelor,Retired,Urban,15,2,1,2018,6,Toyota,Hatchback,Petrol,31974,2000,Standard,1571.95,1500,15,1,732,41318,3,0
318,50,Male,Divorced,PhD,Unemployed,Rural,28,1,0,2005,19,Toyota,Minivan,Diesel,25648,1800,Comprehensive,667.45,1500,4,1,621,165944,0,1
319,67,Male,Widowed,Master,Student,Suburban,44,0,0,2023,1,Hyundai,Hatchback,Diesel,7765,1500,Basic,1362.43,1500,14,0,321,21021,4,0
320,58,Male,Single,PhD,Self-Employed,Suburban,35,2,0,2024,0,Volkswagen,Coupe,Electric,9890,1200,Standard,759.33,2000,2,0,838,129074,2,0
321,70,Female,Single,Bachelor,Self-Employed,Urban,50,0,0,2009,15,Volkswagen,SUV,Diesel,32003,1500,Comprehensive,811.28,500,7,0,329,91072,4,1
322,33,Female,Widowed,High School,Employed,Suburban,14,2,5,2017,7,BMW,Minivan,Hybrid,28214,1800,Comprehensive,991.81,250,9,0,353,102257,4,1
323,56,Male,Single,Master,Unemployed,Rural,35,0,0,2016,8,Ford,Coupe,Petrol,24021,1200,Basic,1660.12,1000,15,1,435,38500,1,0
324,27,Female,Single,Master,Employed,Urban,6,2,2,2016,8,Volkswagen,Hatchback,Electric,25084,2500,Standard,1695.83,1500,15,0,623,143784,2,1
325,60,Female,Single,Bachelor,Self-Employed,Urban,41,0,0,2010,14,Chevrolet,Pickup,Petrol,34333,3000,Basic,1492.1,2000,8,1,804,44488,3,0
326,25,Female,Single,Bachelor,Retired,Urban,6,1,2,2023,1,Audi,SUV,Petrol,22236,2000,Basic,1424.33,250,4,1,396,101155,0,0
327,61,Male,Widowed,Master,Unemployed,Urban,41,0,0,2020,4,Chevrolet,Minivan,Electric,24470,2000,Standard,2918.38,2000,8,1,432,70408,3,0
328,36,Female,Single,High School,Unemployed,Rural,15,0,0,2012,12,Volkswagen,Sedan,Petrol,32929,1500,Standard,2404.63,1000,11,0,423,93262,1,0
329,69,Female,Married,Master,Employed,Suburban,47,0,0,2017,7,Chevrolet,Hatchback,Hybrid,7956,2000,Standard,1957.44,1500,11,1,395,25600,2,0
330,61,Male,Married,PhD,Unemployed,Rural,38,0,0,2018,6,Honda,Pickup,Electric,9869,3500,Comprehensive,2737.84,500,9,1,602,164038,0,1
331,24,Female,Widowed,High School,Student,Rural,1,1,0,2013,11,Audi,Sedan,Petrol,8733,2000,Standard,784.79,500,14,1,346,36834,1,0
332,38,Female,Widowed,None,Retired,Suburban,19,0,0,2024,0,Mercedes,Minivan,Petrol,19214,1800,Basic,1366.32,250,3,1,771,196352,1,0
333,65,Female,Divorced,None,Unemployed,Suburban,42,1,1,2017,7,Mercedes,Sedan,Diesel,9427,1000,Basic,2503.11,500,14,0,514,141121,2,0
334,45,Male,Single,Master,Student,Urban,24,0,0,2009,15,Chevrolet,Pickup,Hybrid,5643,2500,Comprehensive,955.1,1000,10,1,352,102516,0,0
335,63,Female,Widowed,PhD,Unemployed,Rural,40,1,0,2020,4,Volkswagen,Pickup,Hybrid,12599,2000,Comprehensive,351.35,2000,6,0,574,184948,1,0
336,49,Female,Widowed,PhD,Employed,Urban,29,1,0,2019,5,BMW,Coupe,Diesel,24256,3000,Standard,2788.69,1500,3,1,699,124277,3,0
337,65,Female,Widowed,Bachelor,Unemployed,Urban,45,1,0,2020,4,Ford,SUV,Diesel,10122,1800,Basic,2442.4,1500,5,0,514,160969,0,1
338,40,Male,Married,None,Employed,Urban,20,0,1,2008,16,Nissan,SUV,Hybrid,13448,3500,Standard,2377.31,2000,5,0,827,173410,2,0
339,46,Female,Single,High School,Unemployed,Rural,28,2,0,2008,16,Ford,Minivan,Petrol,33536,1500,Standard,723.99,1000,12,1,818,145650,2,1
340,39,Male,Single,Bachelor,Student,Suburban,21,0,2,2015,9,Mercedes,Coupe,Diesel,7792,1500,Comprehensive,2338.08,1000,11,0,455,153844,1,1
341,44,Female,Widowed,None,Retired,Urban,23,0,0,2021,3,Honda,Sedan,Electric,15315,1500,Basic,1472,1500,13,0,454,165616,0,0
342,63,Female,Widowed,PhD,Unemployed,Suburban,40,1,2,2005,19,Mercedes,Coupe,Diesel,27947,1500,Comprehensive,853.86,2000,10,1,653,185067,1,1
343,20,Female,Widowed,Bachelor,Unemployed,Rural,0,0,1,2014,10,Nissan,Hatchback,Diesel,5767,1000,Comprehensive,1899.76,500,14,1,732,147454,0,1
344,58,Female,Single,High School,Employed,Suburban,38,1,0,2015,9,BMW,Minivan,Diesel,16479,1500,Comprehensive,2418.93,2000,11,0,686,151227,2,1
345,30,Female,Widowed,High School,Self-Employed,Rural,9,2,0,2006,18,Volkswagen,SUV,Hybrid,12038,1800,Standard,2127.42,1500,10,1,570,168171,1,0
346,46,Female,Widowed,Bachelor,Self-Employed,Rural,27,0,0,2021,3,Nissan,Sedan,Diesel,19923,1800,Comprehensive,723.47,2000,6,0,718,43923,0,0
347,20,Male,Single,Master,Retired,Suburban,0,0,0,2009,15,Ford,Coupe,Hybrid,6594,3000,Standard,2700.45,500,3,1,302,47067,2,1
348,48,Female,Widowed,Master,Student,Suburban,25,2,0,2009,15,Nissan,Minivan,Hybrid,29958,1800,Standard,702.25,1000,2,1,696,76032,3,1
349,60,Female,Divorced,High School,Self-Employed,Rural,42,1,2,2014,10,Nissan,Minivan,Petrol,26099,1800,Basic,2878.95,2000,10,0,834,64648,2,0
350,19,Male,Married,High School,Retired,Urban,0,2,2,2023,1,Chevrolet,Sedan,Electric,18166,1800,Standard,2627.33,250,6,1,484,123773,0,1
351,23,Male,Single,None,Self-Employed,Suburban,4,0,1,2009,15,Mercedes,Pickup,Diesel,6930,1800,Standard,789.94,250,5,1,401,98896,0,0
352,34,Female,Single,High School,Self-Employed,Urban,12,1,0,2021,3,Volkswagen,Sedan,Electric,6986,1500,Comprehensive,1399.11,1500,1,1,539,19881,0,0
353,61,Male,Married,None,Self-Employed,Suburban,39,0,0,2021,3,BMW,SUV,Electric,22709,3500,Basic,1751.35,1500,15,1,342,15262,3,0
354,57,Female,Married,High School,Employed,Suburban,37,1,2,2017,7,Hyundai,Minivan,Diesel,24174,2500,Standard,422.81,2000,10,0,607,38518,1,1
355,53,Female,Widowed,Bachelor,Unemployed,Rural,33,2,3,2013,11,Chevrolet,Hatchback,Diesel,26701,3500,Standard,868.68,2000,6,0,436,184461,4,1
356,18,Male,Widowed,None,Student,Suburban,0,0,2,2007,17,Nissan,Sedan,Hybrid,27028,1200,Standard,2534.16,1000,7,0,308,47706,1,0
357,46,Male,Married,High School,Retired,Rural,23,0,0,2024,0,Mercedes,Minivan,Diesel,12676,3500,Standard,399.35,1500,15,0,307,66402,4,0
358,25,Female,Widowed,Bachelor,Unemployed,Urban,2,1,1,2024,0,Audi,SUV,Petrol,24272,1200,Basic,644.06,2000,14,0,835,86913,0,0
359,62,Female,Widowed,High School,Student,Rural,39,3,0,2015,9,Volkswagen,Pickup,Electric,8988,2000,Standard,1638.05,2000,13,0,529,27311,0,0
360,46,Female,Single,PhD,Self-Employed,Suburban,28,2,2,2012,12,Volkswagen,Sedan,Diesel,11451,1200,Standard,469.68,250,1,1,742,21297,2,0
361,39,Female,Married,High School,Student,Urban,19,2,2,2021,3,BMW,Sedan,Hybrid,30037,1200,Standard,1863.12,250,1,0,686,97124,3,0
362,68,Male,Single,PhD,Employed,Suburban,46,1,0,2006,18,Nissan,Sedan,Electric,32850,1500,Basic,1966.72,1500,4,0,764,115642,1,0
363,57,Male,Divorced,High School,Student,Rural,37,1,0,2005,19,Audi,Minivan,Petrol,24427,2000,Basic,2741.8,500,11,1,663,125364,1,0
364,29,Male,Married,High School,Employed,Urban,9,1,1,2016,8,Mercedes,Coupe,Diesel,9830,1800,Comprehensive,1225.83,1000,1,0,358,77229,2,0
365,72,Male,Widowed,Master,Self-Employed,Urban,49,2,2,2015,9,BMW,Minivan,Hybrid,27766,2000,Standard,1919.36,1000,14,1,606,124758,1,1
366,20,Female,Married,High School,Self-Employed,Rural,1,0,0,2020,4,Hyundai,Minivan,Hybrid,11727,1500,Basic,1279.61,250,6,0,417,52329,0,1
367,66,Female,Single,High School,Self-Employed,Urban,46,0,2,2010,14,Hyundai,Coupe,Diesel,10850,1200,Basic,2575.78,250,1,0,688,186670,3,1
368,37,Female,Married,Master,Retired,Rural,18,3,5,2024,0,Volkswagen,Minivan,Petrol,8882,1200,Basic,2446.22,500,9,1,683,98349,2,0
369,33,Male,Married,None,Retired,Urban,13,0,1,2013,11,Ford,Coupe,Hybrid,11856,2000,Standard,2435.69,2000,2,0,820,116742,2,0
370,50,Female,Widowed,None,Student,Urban,30,1,1,2020,4,Chevrolet,Pickup,Electric,24044,1500,Comprehensive,2054.29,500,4,0,762,76442,1,1
371,54,Male,Divorced,Master,Unemployed,Urban,35,1,0,2021,3,Hyundai,SUV,Petrol,20245,1800,Standard,1450.48,1500,7,1,676,145427,1,0
372,29,Female,Married,Master,Employed,Suburban,11,0,1,2022,2,Honda,Hatchback,Diesel,8224,1200,Standard,403.36,500,6,0,637,80542,1,0
373,61,Female,Married,None,Self-Employed,Rural,38,0,0,2014,10,Mercedes,Hatchback,Hybrid,18295,2500,Comprehensive,332.1,2000,13,0,707,74658,0,0
374,48,Male,Widowed,PhD,Retired,Urban,28,2,0,2018,6,BMW,Pickup,Hybrid,32949,1800,Standard,675.17,500,5,0,811,187713,3,1
375,61,Female,Divorced,Master,Unemployed,Urban,39,1,3,2009,15,Hyundai,Coupe,Hybrid,17495,1500,Standard,472.01,1500,4,1,411,101203,2,1
376,23,Male,Single,None,Self-Employed,Urban,0,1,0,2011,13,Honda,Pickup,Electric,11746,1500,Comprehensive,1715.87,1500,1,1,830,17895,0,0
377,44,Female,Married,High School,Self-Employed,Rural,23,0,0,2011,13,Ford,SUV,Electric,19162,2500,Comprehensive,1581.91,2000,10,1,507,146720,2,0
378,30,Male,Married,PhD,Employed,Suburban,8,2,1,2023,1,Chevrolet,Pickup,Hybrid,23878,1000,Basic,1077.36,1500,6,1,700,175701,3,0
379,44,Male,Married,None,Student,Suburban,23,2,0,2023,1,Honda,Pickup,Petrol,12854,2500,Basic,1039.2,2000,5,0,522,144364,1,0
380,25,Female,Single,High School,Unemployed,Suburban,4,0,0,2021,3,Toyota,Pickup,Petrol,7398,2000,Comprehensive,2324.29,1500,6,1,499,118985,0,1
381,26,Female,Widowed,PhD,Student,Urban,8,0,0,2019,5,Ford,Pickup,Electric,32576,1200,Basic,1938.87,500,5,0,847,117458,0,0
382,18,Female,Married,PhD,Retired,Urban,0,1,2,2022,2,BMW,Pickup,Petrol,32410,2000,Comprehensive,2030.73,250,7,1,754,28740,2,1
383,30,Male,Divorced,Bachelor,Self-Employed,Urban,12,0,5,2015,9,BMW,Minivan,Petrol,12227,3000,Basic,2451.7,500,12,0,345,123968,2,0
384,38,Male,Married,None,Student,Suburban,20,0,0,2015,9,Ford,Sedan,Hybrid,26430,1500,Standard,874.47,500,2,1,677,26518,0,0
385,37,Female,Single,None,Unemployed,Urban,17,3,1,2017,7,Ford,Hatchback,Diesel,25819,2000,Comprehensive,1158.51,1500,2,1,318,174523,3,1
386,65,Male,Single,Bachelor,Employed,Rural,47,0,1,2012,12,Audi,Sedan,Petrol,9507,1500,Standard,845.43,1500,4,0,543,171781,4,0
387,74,Female,Married,Master,Retired,Rural,56,0,5,2014,10,Toyota,SUV,Electric,16230,1500,Comprehensive,446,500,13,0,690,151700,1,1
388,73,Female,Single,Bachelor,Employed,Rural,54,3,0,2010,14,Audi,Coupe,Diesel,12743,1800,Standard,2257.47,1000,3,0,550,126153,0,1
389,46,Male,Divorced,PhD,Employed,Suburban,25,0,0,2018,6,Nissan,Coupe,Hybrid,29914,1200,Standard,353.49,1500,7,0,607,171023,2,0
390,29,Female,Widowed,PhD,Retired,Suburban,9,0,1,2007,17,Hyundai,SUV,Hybrid,11413,1200,Basic,311.29,2000,12,1,803,121051,4,0
391,65,Female,Widowed,PhD,Retired,Rural,43,0,2,2008,16,Volkswagen,Coupe,Diesel,11364,2000,Standard,2382.43,1000,9,1,677,197571,0,0
392,45,Male,Married,PhD,Employed,Suburban,22,1,0,2009,15,Mercedes,Coupe,Hybrid,27317,1200,Basic,1925.8,500,1,0,394,183924,2,0
393,63,Male,Married,PhD,Self-Employed,Suburban,43,1,1,2022,2,Volkswagen,Coupe,Electric,29049,1500,Comprehensive,2647.43,250,11,1,446,85522,2,0
394,43,Female,Single,Bachelor,Student,Urban,25,0,1,2021,3,Volkswagen,Minivan,Electric,29020,1800,Basic,1311.56,500,4,1,486,146757,4,0
395,70,Male,Married,Bachelor,Employed,Rural,51,2,0,2018,6,Chevrolet,Minivan,Petrol,33454,2000,Basic,1091.44,1500,2,1,365,104693,0,1
396,66,Male,Single,High School,Retired,Urban,43,1,5,2008,16,BMW,Coupe,Petrol,17309,1800,Standard,2816.75,1500,13,1,739,103224,1,0
397,38,Male,Divorced,PhD,Student,Rural,20,4,2,2008,16,Toyota,Pickup,Hybrid,28764,2500,Basic,369.34,250,14,1,554,111581,1,1
398,50,Female,Married,High School,Retired,Urban,27,0,0,2015,9,Chevrolet,SUV,Hybrid,18112,2000,Basic,1240.5,1500,11,0,694,92034,2,0
399,73,Male,Married,PhD,Employed,Suburban,50,4,5,2019,5,Ford,Pickup,Petrol,20799,2000,Basic,957.06,500,13,0,408,129004,4,1
400,38,Female,Divorced,Bachelor,Retired,Rural,17,3,1,2009,15,Nissan,Minivan,Hybrid,7963,2000,Standard,2654.24,2000,13,0,651,113830,3,0
401,64,Female,Widowed,Bachelor,Self-Employed,Suburban,46,0,0,2015,9,Audi,SUV,Petrol,23770,1500,Standard,2875.99,2000,12,0,618,31222,2,0
402,42,Female,Divorced,Master,Self-Employed,Rural,19,1,0,2017,7,Toyota,Coupe,Hybrid,15352,1200,Standard,2560.48,1500,11,1,450,172670,0,0
403,72,Male,Divorced,Master,Unemployed,Rural,54,0,2,2023,1,Chevrolet,Minivan,Diesel,21220,1500,Standard,458.79,1000,3,0,530,198607,2,0
404,67,Male,Widowed,PhD,Retired,Rural,48,4,1,2015,9,Volkswagen,Minivan,Hybrid,16413,2000,Standard,493.92,1000,5,0,703,40511,0,0
405,55,Male,Divorced,PhD,Self-Employed,Rural,36,0,0,2009,15,BMW,SUV,Diesel,29094,2000,Standard,2260.09,2000,2,0,685,126964,2,1
406,40,Female,Married,High School,Employed,Rural,17,0,0,2009,15,Volkswagen,SUV,Petrol,8892,1500,Standard,1117.26,2000,3,1,391,136549,3,0
407,35,Female,Divorced,High School,Employed,Urban,17,0,1,2021,3,BMW,Sedan,Hybrid,13969,2000,Basic,2444.73,500,7,1,744,93214,2,1
408,73,Male,Widowed,High School,Student,Rural,51,1,1,2007,17,Nissan,Coupe,Petrol,29690,2000,Comprehensive,2723.53,500,14,0,305,160416,1,1
409,54,Male,Married,High School,Unemployed,Suburban,36,0,0,2014,10,Hyundai,Coupe,Diesel,18862,3500,Comprehensive,300.23,1000,1,1,846,131633,0,0
410,38,Female,Married,High School,Employed,Urban,20,0,0,2011,13,Ford,Coupe,Diesel,24391,1500,Basic,2268.58,1500,2,1,566,115081,2,1
411,34,Female,Married,None,Self-Employed,Urban,11,1,5,2011,13,Hyundai,Coupe,Diesel,18752,2500,Standard,2979.61,1500,7,0,553,35322,0,1
412,44,Male,Divorced,High School,Retired,Suburban,24,0,2,2013,11,Toyota,Sedan,Hybrid,12281,1500,Basic,2413.38,250,3,1,801,40045,2,0
413,73,Female,Divorced,None,Employed,Urban,54,0,1,2010,14,Hyundai,Minivan,Hybrid,20625,1800,Standard,325.64,2000,12,0,429,52400,1,0
414,21,Female,Married,None,Student,Rural,0,0,5,2019,5,Nissan,Hatchback,Electric,19017,1800,Comprehensive,2679.75,500,5,0,612,121565,2,0
415,58,Male,Single,Bachelor,Employed,Urban,36,0,1,2022,2,Chevrolet,Sedan,Hybrid,27185,1800,Comprehensive,668.36,1500,9,0,715,18643,2,0
416,65,Male,Widowed,None,Retired,Urban,42,1,3,2021,3,Audi,Sedan,Hybrid,10522,2000,Comprehensive,2740.26,500,2,1,436,149659,1,1
417,28,Female,Single,Master,Self-Employed,Rural,10,0,0,2013,11,BMW,Sedan,Hybrid,12125,3000,Comprehensive,1691.93,250,15,1,799,30072,1,0
418,39,Female,Divorced,High School,Employed,Suburban,16,0,0,2008,16,Volkswagen,Pickup,Diesel,7776,1800,Basic,1408.94,1500,1,0,556,74269,1,0
419,41,Female,Married,None,Retired,Urban,20,1,0,2009,15,Hyundai,Minivan,Hybrid,5190,1500,Comprehensive,835.85,500,5,0,436,118427,1,1
420,60,Male,Widowed,Master,Employed,Suburban,39,1,2,2009,15,Hyundai,Pickup,Hybrid,9306,1200,Basic,2440.32,500,3,1,812,18577,2,1
421,39,Female,Single,PhD,Student,Suburban,19,0,1,2012,12,Audi,SUV,Diesel,13174,1500,Basic,2633.25,500,11,1,503,139228,2,0
422,62,Male,Married,None,Self-Employed,Urban,44,0,0,2011,13,Ford,Pickup,Petrol,25200,1200,Basic,1326.95,2000,5,0,527,103127,1,1
423,21,Female,Single,Master,Retired,Suburban,1,1,0,2006,18,Ford,Sedan,Petrol,6708,2000,Standard,872.34,1500,5,0,741,63454,0,0
424,39,Female,Single,High School,Employed,Rural,17,1,0,2016,8,Hyundai,Minivan,Electric,12807,2000,Basic,1877.68,250,15,0,433,180035,2,1
425,74,Male,Married,PhD,Employed,Urban,52,1,0,2020,4,BMW,Coupe,Diesel,6435,1200,Standard,1786.34,1000,15,1,674,132566,2,1
426,48,Female,Single,Bachelor,Unemployed,Suburban,25,3,0,2023,1,Toyota,Minivan,Diesel,29271,2500,Standard,2148.67,2000,2,0,748,148504,1,0
427,43,Female,Married,Bachelor,Employed,Urban,21,0,1,2021,3,Chevrolet,Coupe,Electric,14942,2500,Standard,2212.29,2000,2,0,529,26957,2,0
428,58,Male,Divorced,Bachelor,Retired,Urban,35,4,5,2011,13,Nissan,Sedan,Petrol,26254,1500,Comprehensive,2924.99,1000,2,1,436,122044,3,1
429,58,Male,Divorced,Bachelor,Retired,Urban,38,4,1,2023,1,Honda,Minivan,Hybrid,26424,1500,Comprehensive,2012.62,2000,4,1,525,100003,0,1
430,66,Female,Married,PhD,Self-Employed,Rural,43,0,0,2020,4,Honda,Pickup,Diesel,20053,1200,Basic,809.92,1500,12,0,588,20517,1,0
431,70,Female,Married,High School,Self-Employed,Urban,49,0,2,2017,7,Honda,Minivan,Diesel,28814,2000,Basic,1928.89,1500,7,0,412,18552,2,0
432,20,Male,Married,High School,Retired,Urban,0,1,2,2005,19,Honda,Coupe,Electric,32941,2000,Basic,675.92,2000,15,1,467,95579,1,1
433,62,Female,Single,High School,Employed,Urban,40,0,1,2018,6,Ford,Sedan,Diesel,5786,1500,Standard,697.92,1000,4,1,415,143927,0,1
434,36,Female,Single,None,Retired,Urban,16,3,3,2006,18,Audi,SUV,Diesel,19045,1800,Comprehensive,789.69,1500,3,1,593,106327,3,1
435,41,Female,Single,High School,Self-Employed,Rural,22,0,0,2020,4,Honda,Sedan,Hybrid,28812,1500,Basic,1172.24,500,3,1,661,98706,1,0
436,44,Female,Married,Bachelor,Student,Suburban,22,0,1,2022,2,Nissan,SUV,Hybrid,7739,1800,Standard,1722.75,500,12,0,540,109819,0,0
437,19,Female,Widowed,Bachelor,Employed,Urban,0,0,2,2009,15,Mercedes,Pickup,Diesel,32369,2500,Standard,954.74,500,1,0,420,197394,2,1
438,45,Female,Single,High School,Unemployed,Urban,24,2,2,2005,19,Ford,Hatchback,Diesel,7588,1500,Basic,1836.79,1500,3,0,781,51729,2,0
439,37,Female,Widowed,Master,Student,Rural,14,0,0,2006,18,Toyota,Coupe,Diesel,21491,1200,Standard,2548.24,1500,9,1,813,95224,2,0
440,28,Female,Single,None,Student,Urban,5,0,1,2012,12,Volkswagen,SUV,Petrol,31756,2000,Standard,1145.61,1500,14,1,468,29331,3,0
441,30,Female,Single,High School,Employed,Suburban,8,1,0,2012,12,Mercedes,SUV,Petrol,7140,1500,Basic,2342.61,1000,4,0,333,78002,0,0
442,54,Male,Widowed,High School,Employed,Suburban,36,3,0,2016,8,Mercedes,Pickup,Diesel,15304,2000,Comprehensive,1260.76,500,12,0,639,121767,3,0
443,50,Male,Single,None,Student,Suburban,28,2,0,2010,14,Ford,Minivan,Hybrid,7580,2500,Basic,2872.61,500,15,0,444,57217,4,0
444,64,Female,Widowed,Bachelor,Retired,Suburban,44,1,3,2006,18,Volkswagen,SUV,Diesel,25001,1800,Basic,1830.63,1500,2,0,446,96144,2,0
445,68,Male,Widowed,High School,Student,Suburban,49,3,0,2013,11,Audi,Hatchback,Electric,7923,1000,Comprehensive,2384.24,1000,8,1,752,185470,4,0
446,54,Female,Single,Master,Retired,Suburban,33,2,3,2009,15,Chevrolet,Hatchback,Electric,17244,1200,Standard,1666.04,1000,15,0,358,79177,2,1
447,24,Female,Widowed,Bachelor,Unemployed,Suburban,6,0,2,2007,17,Hyundai,Pickup,Hybrid,26052,1800,Standard,594.62,500,12,0,706,128538,0,1
448,56,Female,Married,PhD,Employed,Suburban,35,0,0,2020,4,Ford,Minivan,Diesel,15491,1800,Comprehensive,2390.35,250,15,1,740,139101,0,0
449,19,Female,Divorced,Master,Self-Employed,Urban,0,0,0,2014,10,Chevrolet,Pickup,Diesel,26942,2500,Basic,2542.48,250,15,1,650,92831,0,1
450,48,Male,Widowed,Master,Unemployed,Suburban,30,1,2,2011,13,Honda,Minivan,Diesel,15608,2000,Comprehensive,2305.66,1000,1,0,769,53662,1,1
451,61,Female,Divorced,None,Employed,Suburban,42,1,1,2023,1,Honda,Sedan,Diesel,29435,3500,Standard,2180.4,500,10,1,521,106248,0,1
452,18,Female,Divorced,High School,Retired,Suburban,0,2,0,2020,4,Chevrolet,Pickup,Hybrid,16525,1500,Comprehensive,1449.79,1000,2,0,769,127298,1,1
453,45,Female,Divorced,PhD,Retired,Rural,23,3,2,2008,16,Honda,Sedan,Petrol,26286,1000,Standard,579.92,2000,15,0,754,146953,2,1
454,44,Male,Married,PhD,Unemployed,Suburban,26,0,0,2008,16,Hyundai,Pickup,Hybrid,34753,2500,Comprehensive,2418.51,1500,1,1,529,148054,0,0
455,34,Female,Widowed,Bachelor,Employed,Suburban,16,0,0,2016,8,Nissan,Minivan,Electric,15980,1200,Comprehensive,2980.64,500,9,1,497,176550,2,0
456,69,Female,Married,PhD,Self-Employed,Suburban,49,0,0,2008,16,Ford,Coupe,Petrol,25691,1800,Standard,2576.18,1000,14,0,630,68415,0,1
457,67,Male,Single,None,Unemployed,Urban,45,0,1,2009,15,Chevrolet,Minivan,Electric,11113,1500,Basic,1101.69,2000,14,0,687,83283,2,1
458,58,Male,Single,High School,Student,Rural,40,0,0,2010,14,Honda,Sedan,Hybrid,32676,1500,Basic,1355.16,1500,13,0,723,34287,1,0
459,31,Female,Widowed,Master,Student,Urban,12,0,2,2023,1,Audi,Sedan,Petrol,16233,3500,Standard,2986.27,2000,9,0,462,151773,2,0
460,30,Male,Single,None,Unemployed,Urban,11,2,0,2011,13,Toyota,Hatchback,Diesel,12201,1200,Comprehensive,2837.59,1000,5,1,504,39109,1,0
461,36,Female,Widowed,PhD,Unemployed,Suburban,17,0,0,2013,11,Volkswagen,Sedan,Electric,10428,2000,Comprehensive,1617.15,1500,7,1,626,178292,0,0
462,30,Female,Divorced,High School,Student,Urban,12,3,0,2018,6,Mercedes,Coupe,Electric,18051,1000,Basic,2484.41,1500,13,0,666,79308,0,0
463,41,Male,Divorced,High School,Employed,Suburban,18,0,0,2019,5,Audi,Hatchback,Diesel,23403,1000,Standard,1924.87,2000,4,0,584,174358,4,0
464,60,Male,Widowed,PhD,Retired,Suburban,41,0,2,2020,4,Toyota,Hatchback,Hybrid,8907,1200,Basic,1923.86,2000,7,0,321,89720,0,0
465,54,Male,Widowed,Master,Self-Employed,Suburban,36,2,3,2006,18,Hyundai,Minivan,Petrol,7275,1800,Standard,2252.78,1000,6,1,709,35910,2,1
466,43,Female,Widowed,PhD,Employed,Suburban,21,0,0,2005,19,Ford,Sedan,Electric,33225,2000,Standard,911.12,250,4,1,850,16295,4,0
467,34,Male,Single,High School,Retired,Urban,14,0,1,2017,7,Mercedes,Minivan,Diesel,9514,1800,Basic,640.98,500,13,1,757,190173,0,0
468,54,Female,Widowed,Master,Retired,Rural,33,0,0,2014,10,Honda,Hatchback,Diesel,26609,2000,Basic,2176.41,250,8,0,517,18441,2,0
469,42,Male,Widowed,High School,Retired,Urban,20,1,1,2015,9,Mercedes,Minivan,Hybrid,26472,1200,Comprehensive,585.28,500,4,1,694,133602,3,0
470,67,Female,Married,High School,Retired,Suburban,48,1,3,2023,1,Honda,SUV,Hybrid,33711,1200,Basic,949.52,1500,3,1,329,139843,2,1
471,53,Male,Divorced,PhD,Self-Employed,Urban,32,0,1,2006,18,Chevrolet,Hatchback,Electric,8205,1000,Standard,2276.4,1500,4,1,493,120563,0,1
472,51,Female,Single,High School,Self-Employed,Urban,32,0,2,2023,1,Mercedes,SUV,Petrol,22436,1200,Basic,2683.02,1500,7,1,403,72642,2,0
473,35,Female,Married,Bachelor,Self-Employed,Suburban,12,0,1,2005,19,Honda,SUV,Hybrid,29218,1500,Comprehensive,944.27,1000,11,0,470,64111,1,0
474,18,Female,Widowed,Master,Employed,Urban,0,2,0,2005,19,Audi,Hatchback,Hybrid,24108,1000,Basic,1575.93,250,14,0,597,74844,2,1
475,24,Male,Divorced,Master,Student,Suburban,1,0,1,2020,4,Mercedes,Hatchback,Hybrid,5444,2500,Standard,2217.42,2000,13,1,415,85762,2,0
476,19,Male,Widowed,Bachelor,Self-Employed,Suburban,0,0,1,2018,6,Hyundai,SUV,Petrol,11351,3000,Standard,2024.58,1000,15,1,839,60862,0,0
477,74,Female,Widowed,None,Student,Suburban,54,0,1,2015,9,Audi,Sedan,Hybrid,31061,1800,Standard,1078.7,250,8,0,777,193499,0,0
478,57,Male,Divorced,PhD,Retired,Urban,37,0,0,2014,10,Audi,Sedan,Petrol,21002,1500,Standard,1251.09,250,1,1,441,106807,3,0
479,50,Male,Single,Master,Self-Employed,Rural,31,0,3,2014,10,BMW,Sedan,Hybrid,16620,1500,Comprehensive,2020.02,1500,7,0,567,94173,2,1
480,74,Female,Married,Bachelor,Retired,Urban,53,1,0,2007,17,Mercedes,Coupe,Hybrid,22885,1200,Standard,559.31,2000,8,1,815,194611,2,0
481,45,Female,Widowed,PhD,Student,Urban,23,0,1,2007,17,Ford,Coupe,Electric,30776,1500,Comprehensive,1307.4,2000,9,1,354,117933,0,0
482,47,Female,Single,High School,Employed,Suburban,24,0,1,2014,10,Audi,Pickup,Electric,33321,1000,Comprehensive,1878.47,2000,12,0,509,150335,0,0
483,49,Male,Married,Bachelor,Retired,Rural,29,1,3,2020,4,Audi,Minivan,Diesel,8758,1000,Basic,1930.23,250,9,0,553,68554,0,1
484,43,Male,Single,Master,Student,Suburban,24,2,2,2022,2,Mercedes,Coupe,Hybrid,33157,2000,Basic,1467.35,250,3,0,546,59767,2,0
485,30,Female,Widowed,Master,Retired,Rural,12,3,0,2013,11,Volkswagen,Pickup,Petrol,20203,1500,Standard,700.05,1000,8,0,698,17888,2,1
486,60,Female,Single,Master,Self-Employed,Suburban,37,0,0,2010,14,Hyundai,Coupe,Diesel,16430,3000,Comprehensive,1354.69,250,3,0,660,186949,2,0
487,63,Male,Divorced,Master,Student,Urban,40,0,3,2024,0,Ford,Coupe,Electric,9240,2000,Comprehensive,2879.03,1000,10,1,369,26777,0,0
488,32,Male,Single,PhD,Student,Suburban,13,4,2,2012,12,Honda,SUV,Hybrid,29766,3500,Basic,467.2,1000,2,0,374,130744,2,1
489,29,Female,Single,PhD,Student,Urban,6,1,0,2013,11,Chevrolet,Pickup,Electric,12389,1500,Basic,1471.97,2000,13,0,388,167596,0,0
490,24,Male,Single,Bachelor,Employed,Suburban,3,1,2,2015,9,Ford,Minivan,Hybrid,11230,2500,Comprehensive,2534.45,2000,6,1,441,32604,1,0
491,73,Male,Single,Bachelor,Unemployed,Suburban,55,0,0,2024,0,Nissan,Hatchback,Petrol,12340,2500,Standard,2790.14,1000,7,1,369,56382,4,1
492,72,Female,Widowed,None,Employed,Rural,49,2,1,2013,11,Toyota,Sedan,Electric,18808,1500,Standard,2697.68,250,3,0,637,188889,3,1
493,69,Male,Divorced,High School,Student,Rural,46,1,0,2022,2,Chevrolet,SUV,Electric,28702,1000,Basic,1640.81,500,11,1,741,140198,1,0
494,32,Male,Single,High School,Self-Employed,Rural,10,2,1,2005,19,Nissan,Pickup,Petrol,17685,2000,Comprehensive,638.14,1500,9,0,418,129806,0,0
495,75,Female,Divorced,Bachelor,Retired,Suburban,57,0,0,2005,19,BMW,Pickup,Petrol,31272,1000,Comprehensive,974.79,250,2,0,429,129964,0,1
496,59,Male,Divorced,Bachelor,Unemployed,Suburban,38,1,1,2007,17,Mercedes,Coupe,Diesel,21217,2000,Standard,2723.63,500,8,1,675,159547,0,0
497,51,Female,Divorced,None,Unemployed,Urban,33,0,0,2024,0,Chevrolet,Hatchback,Petrol,11670,3000,Comprehensive,922.45,2000,4,0,681,52214,0,1
498,66,Female,Single,High School,Student,Urban,46,0,0,2007,17,Toyota,Hatchback,Hybrid,21231,1000,Standard,1338.59,250,4,0,688,63346,2,0
499,60,Female,Single,None,Retired,Urban,38,1,0,2013,11,Audi,SUV,Petrol,16172,2000,Comprehensive,1472.01,1500,13,0,411,160042,1,0
500,61,Female,Widowed,PhD,Unemployed,Rural,39,1,0,2017,7,Chevrolet,Minivan,Diesel,9321,3000,Standard,2458.89,1000,2,0,602,103482,2,1
501,35,Female,Single,High School,Retired,Rural,12,0,0,2010,14,Chevrolet,Pickup,Petrol,19414,1000,Basic,2907.89,1500,11,0,718,30357,2,1
502,53,Female,Single,PhD,Self-Employed,Suburban,33,0,0,2012,12,Ford,SUV,Petrol,12624,1200,Basic,797.49,2000,14,1,624,25998,2,0
503,63,Female,Divorced,High School,Retired,Rural,40,0,0,2008,16,Honda,Coupe,Hybrid,8708,1800,Basic,850.91,2000,6,1,373,183266,1,0
504,19,Female,Divorced,Master,Student,Rural,0,0,5,2024,0,Toyota,SUV,Electric,6461,1500,Basic,2762.06,250,2,0,620,148902,2,0
505,68,Female,Married,PhD,Unemployed,Urban,45,1,0,2007,17,Honda,SUV,Hybrid,22660,2000,Comprehensive,2455.15,2000,8,1,624,85564,0,0
506,33,Female,Married,Master,Self-Employed,Suburban,13,1,0,2012,12,Chevrolet,Minivan,Hybrid,16858,1000,Comprehensive,1665.24,1000,11,1,535,132694,3,1
507,26,Male,Widowed,None,Self-Employed,Rural,6,1,0,2008,16,Honda,Pickup,Hybrid,21548,3500,Comprehensive,1634.34,500,15,0,764,19066,0,0
508,66,Female,Single,Bachelor,Employed,Suburban,48,1,5,2009,15,Nissan,Coupe,Hybrid,34630,1800,Basic,1386.26,2000,4,1,421,103292,3,0
509,55,Male,Single,High School,Retired,Suburban,34,1,1,2018,6,Mercedes,Pickup,Diesel,29033,1200,Comprehensive,2774.12,2000,2,0,307,170596,2,0
510,47,Female,Divorced,PhD,Self-Employed,Rural,24,1,3,2008,16,BMW,Hatchback,Hybrid,16177,1000,Comprehensive,2722.71,2000,9,1,592,99620,1,0
511,27,Male,Married,PhD,Unemployed,Suburban,5,2,0,2016,8,Mercedes,SUV,Petrol,14432,1500,Standard,903.81,500,5,1,408,75732,2,1
512,71,Male,Single,None,Employed,Rural,49,1,0,2005,19,Hyundai,SUV,Electric,23715,1800,Standard,1706.41,1500,5,0,422,131498,3,0
513,23,Male,Divorced,High School,Retired,Urban,0,1,1,2015,9,Ford,Coupe,Electric,14047,1800,Comprehensive,1684.68,250,12,1,339,128607,0,0
514,51,Female,Married,None,Employed,Rural,28,0,0,2017,7,BMW,Minivan,Diesel,13692,1800,Standard,2497.45,1500,5,0,503,181401,3,0
515,72,Male,Single,PhD,Employed,Suburban,50,1,1,2006,18,Volkswagen,Minivan,Electric,25099,1500,Comprehensive,933.73,1000,8,0,607,75789,3,0
516,49,Female,Divorced,None,Student,Suburban,31,0,3,2014,10,Volkswagen,Pickup,Electric,13106,2000,Basic,775.72,1000,11,0,655,197706,1,1
517,71,Female,Widowed,Bachelor,Employed,Suburban,51,0,2,2018,6,Toyota,Coupe,Electric,13572,2000,Standard,1356.72,1500,7,1,566,29321,0,0
518,39,Male,Divorced,PhD,Student,Urban,17,2,1,2008,16,Audi,Coupe,Electric,9234,1800,Basic,2865.75,250,13,1,392,199740,1,1
519,22,Male,Married,Master,Unemployed,Urban,3,2,0,2012,12,Mercedes,SUV,Electric,15862,1500,Comprehensive,2280,250,1,0,839,41875,2,0
520,20,Male,Divorced,Master,Employed,Urban,0,1,0,2013,11,Honda,Pickup,Hybrid,9298,2500,Standard,2627.36,250,2,1,320,18864,2,1
521,24,Female,Married,None,Retired,Suburban,3,0,0,2013,11,Chevrolet,SUV,Petrol,13659,3500,Comprehensive,1572.78,1000,7,0,527,121517,2,0
522,62,Male,Widowed,High School,Student,Rural,41,3,1,2008,16,Chevrolet,SUV,Petrol,18020,2000,Standard,1298.52,2000,2,1,640,52688,3,0
523,24,Male,Married,PhD,Unemployed,Urban,6,0,1,2020,4,Nissan,Minivan,Diesel,6931,2000,Standard,1412.02,1000,14,0,337,99264,2,0
524,73,Male,Divorced,Bachelor,Unemployed,Suburban,51,0,3,2012,12,Hyundai,Pickup,Hybrid,21856,1800,Comprehensive,2980.44,250,15,0,735,198305,0,1
525,51,Male,Married,Bachelor,Student,Urban,33,2,0,2021,3,Chevrolet,SUV,Hybrid,18087,1000,Basic,1475.79,1000,12,1,835,99511,2,0
526,59,Male,Married,Master,Unemployed,Rural,40,2,3,2016,8,Nissan,Coupe,Electric,20470,1800,Standard,2803.11,500,3,1,310,98280,1,1
527,18,Female,Married,Bachelor,Employed,Rural,0,0,0,2019,5,Audi,SUV,Petrol,16483,2000,Basic,1231.39,250,15,0,581,89498,3,0
528,55,Female,Divorced,None,Student,Suburban,33,0,1,2007,17,Audi,SUV,Petrol,28942,1500,Basic,1009.93,250,3,1,638,165904,2,0
529,35,Female,Married,Bachelor,Employed,Urban,16,0,2,2009,15,Ford,SUV,Hybrid,33659,1000,Basic,2719.07,250,3,1,735,189284,1,1
530,33,Female,Widowed,PhD,Student,Suburban,13,2,0,2007,17,Audi,SUV,Diesel,25767,2500,Comprehensive,685.79,1500,9,1,801,197216,3,0
531,53,Female,Divorced,Bachelor,Employed,Suburban,32,1,0,2018,6,BMW,Coupe,Diesel,17532,1500,Comprehensive,2987.68,500,8,1,838,66088,0,0
532,24,Female,Divorced,None,Employed,Rural,4,0,0,2020,4,Volkswagen,Sedan,Electric,13984,2000,Comprehensive,2522.98,1500,10,1,802,60553,1,0
533,66,Male,Single,Master,Employed,Rural,43,0,1,2009,15,Honda,Pickup,Petrol,6836,1800,Comprehensive,468.28,250,14,1,498,186731,2,1
534,72,Female,Married,None,Retired,Rural,54,3,0,2006,18,Honda,SUV,Diesel,28886,1500,Basic,1497.18,1000,10,0,817,122282,0,0
535,71,Male,Divorced,Master,Unemployed,Suburban,53,0,1,2007,17,Audi,Pickup,Petrol,8809,3000,Basic,2269.79,500,6,0,473,17736,0,1
536,64,Male,Divorced,Bachelor,Self-Employed,Suburban,46,0,0,2013,11,Ford,Coupe,Electric,18565,1500,Basic,1036.56,500,3,1,565,197860,1,1
537,41,Female,Widowed,Bachelor,Employed,Rural,20,0,1,2018,6,Hyundai,Minivan,Electric,11797,1500,Comprehensive,1789.35,1000,2,0,564,72214,1,1
538,60,Male,Widowed,Bachelor,Student,Rural,40,0,0,2023,1,Toyota,Hatchback,Petrol,25626,1500,Basic,728.63,1500,6,1,402,64050,3,0
539,47,Male,Single,PhD,Unemployed,Suburban,25,1,0,2017,7,Chevrolet,SUV,Electric,28703,1500,Standard,1602.91,1500,5,0,539,147896,0,0
540,35,Female,Single,Bachelor,Unemployed,Urban,15,2,3,2021,3,BMW,Coupe,Diesel,9256,2000,Basic,2919.88,1000,13,0,654,135248,1,1
541,30,Male,Divorced,Master,Employed,Urban,11,2,0,2012,12,Ford,Minivan,Electric,5162,1800,Standard,569.77,2000,11,1,517,138812,2,0
542,63,Male,Single,PhD,Self-Employed,Suburban,44,0,0,2014,10,Volkswagen,Coupe,Hybrid,22501,1000,Standard,2108.67,2000,1,0,482,76645,1,0
543,70,Male,Widowed,High School,Self-Employed,Urban,49,0,0,2018,6,Honda,Hatchback,Hybrid,26431,1200,Basic,1069.4,1500,11,1,335,83424,4,0
544,28,Female,Single,PhD,Employed,Suburban,5,1,1,2017,7,Toyota,SUV,Electric,9218,1800,Standard,2153.01,250,8,1,732,29289,1,1
545,56,Female,Divorced,PhD,Retired,Rural,36,0,0,2018,6,Nissan,Pickup,Petrol,9927,1000,Comprehensive,1893.41,500,9,1,745,27725,1,1
546,47,Female,Single,None,Retired,Suburban,26,0,0,2005,19,Nissan,Hatchback,Diesel,14608,1500,Basic,1506.28,1000,11,0,414,108649,2,0
547,43,Male,Married,High School,Unemployed,Urban,24,1,1,2018,6,Mercedes,Hatchback,Hybrid,27576,1800,Comprehensive,2515.31,2000,8,0,378,100613,1,1
548,58,Male,Widowed,None,Employed,Suburban,35,1,0,2005,19,Ford,Minivan,Electric,28645,2000,Basic,2559.5,1500,2,0,567,94482,2,0
549,68,Male,Single,Master,Unemployed,Suburban,49,1,0,2010,14,Mercedes,Coupe,Petrol,24812,1500,Basic,2131.16,1000,1,1,512,19907,3,0
550,35,Female,Widowed,None,Retired,Urban,16,0,1,2012,12,Honda,Coupe,Electric,28860,2000,Standard,1887.37,2000,6,1,787,161186,0,0
551,40,Female,Married,PhD,Student,Urban,18,1,1,2013,11,Volkswagen,Sedan,Petrol,25689,1800,Standard,524.35,2000,6,1,598,97663,1,0
552,27,Male,Divorced,None,Student,Suburban,9,1,0,2020,4,BMW,Pickup,Diesel,17400,1800,Basic,561.85,500,4,0,596,61824,3,0
553,65,Female,Widowed,Master,Self-Employed,Suburban,43,0,1,2008,16,Hyundai,Coupe,Hybrid,12376,2500,Standard,2343.44,1000,14,1,460,61563,1,1
554,66,Female,Married,High School,Student,Rural,43,0,0,2011,13,Toyota,Coupe,Diesel,9540,1800,Comprehensive,2997.06,2000,10,1,323,100202,2,1
555,61,Male,Divorced,High School,Unemployed,Rural,40,1,2,2010,14,Chevrolet,Hatchback,Diesel,10741,1800,Comprehensive,2787.74,1000,3,1,366,23097,0,1
556,56,Female,Married,Bachelor,Student,Rural,33,0,1,2015,9,Ford,SUV,Hybrid,28660,3500,Basic,2321.24,1500,14,1,694,33445,3,0
557,74,Male,Single,PhD,Student,Rural,56,0,0,2006,18,Hyundai,Pickup,Hybrid,19043,2000,Basic,694.16,1000,13,0,473,111066,1,0
558,33,Female,Married,Master,Employed,Suburban,10,1,0,2020,4,BMW,Hatchback,Electric,14676,2000,Standard,2425.91,1000,10,1,336,51705,0,1
559,41,Female,Divorced,Master,Self-Employed,Rural,18,0,1,2014,10,Ford,Minivan,Diesel,9801,1800,Standard,994.73,500,1,0,610,53892,2,0
560,64,Female,Widowed,None,Self-Employed,Suburban,41,0,2,2015,9,Nissan,Hatchback,Hybrid,33357,3000,Comprehensive,756.63,2000,8,0,795,114581,0,0
561,39,Male,Divorced,Bachelor,Self-Employed,Urban,19,1,1,2008,16,BMW,Hatchback,Hybrid,20051,1800,Comprehensive,2747.02,2000,15,0,507,110305,2,1
562,39,Male,Divorced,None,Unemployed,Rural,17,2,5,2006,18,Chevrolet,Coupe,Diesel,13018,1500,Comprehensive,793.25,500,4,1,481,25546,4,1
563,65,Male,Single,Bachelor,Unemployed,Suburban,47,0,0,2023,1,Chevrolet,Pickup,Petrol,22594,2500,Basic,1160.92,250,4,1,419,130840,0,1
564,31,Female,Divorced,None,Employed,Rural,10,2,0,2019,5,BMW,Coupe,Hybrid,5016,1500,Standard,1923.66,1500,11,0,636,147983,1,1
565,34,Male,Divorced,Master,Unemployed,Rural,14,1,0,2010,14,Chevrolet,Sedan,Electric,34273,3500,Standard,1638.63,500,2,1,611,39790,4,0
566,58,Male,Married,High School,Self-Employed,Urban,38,0,0,2021,3,Chevrolet,Sedan,Electric,24972,1500,Comprehensive,717.41,500,4,1,475,56403,2,1
567,48,Female,Divorced,Bachelor,Retired,Suburban,28,0,0,2016,8,Hyundai,Pickup,Electric,18936,1800,Standard,315.32,1500,1,1,662,184290,3,0
568,67,Female,Single,Bachelor,Self-Employed,Rural,44,0,2,2005,19,Hyundai,Pickup,Hybrid,15672,1800,Comprehensive,838.52,500,10,1,580,43006,0,1
569,64,Female,Single,PhD,Student,Urban,44,4,1,2006,18,Honda,Sedan,Electric,14045,1800,Standard,2793.74,250,8,0,375,100077,4,0
570,70,Male,Married,None,Retired,Rural,51,1,0,2015,9,Audi,Coupe,Electric,23241,1800,Standard,2161.84,500,13,0,621,109694,3,0
571,74,Male,Married,Master,Student,Urban,53,0,0,2013,11,Mercedes,Coupe,Petrol,9596,1200,Standard,1453.79,1500,13,0,841,30803,3,0
572,19,Female,Single,None,Retired,Rural,0,0,0,2007,17,Honda,Coupe,Petrol,23294,2000,Comprehensive,727.2,2000,14,0,779,174916,2,1
573,61,Female,Divorced,PhD,Student,Rural,42,1,0,2023,1,Hyundai,Pickup,Hybrid,34143,1000,Comprehensive,1093.3,2000,14,1,319,17238,0,0
574,34,Male,Divorced,None,Student,Rural,11,0,2,2016,8,Audi,SUV,Diesel,30329,1200,Standard,790.28,250,9,0,430,156577,1,1
575,32,Male,Married,Master,Self-Employed,Suburban,12,0,3,2016,8,Toyota,SUV,Hybrid,9034,2500,Standard,368.64,500,7,0,757,129962,1,1
576,70,Male,Single,Bachelor,Unemployed,Rural,47,0,0,2011,13,Honda,Pickup,Electric,29565,3500,Standard,815.65,250,13,1,789,81921,2,0
577,19,Male,Widowed,PhD,Student,Urban,0,0,0,2007,17,Volkswagen,Minivan,Electric,12515,3500,Basic,2056.17,1500,15,1,316,87015,2,0
578,20,Male,Married,Bachelor,Unemployed,Urban,1,0,0,2020,4,Toyota,Sedan,Diesel,33388,2000,Standard,1303.6,1500,14,0,729,60198,0,0
579,27,Male,Divorced,High School,Self-Employed,Urban,6,0,0,2016,8,Mercedes,Coupe,Electric,5933,2000,Standard,376.94,1500,1,0,717,27189,2,0
580,64,Male,Married,High School,Employed,Suburban,45,0,5,2008,16,Chevrolet,Pickup,Hybrid,33054,2500,Standard,662.89,2000,13,0,618,139844,1,0
581,26,Female,Divorced,None,Employed,Suburban,5,1,2,2011,13,Ford,SUV,Diesel,31392,3000,Basic,2079.87,250,12,1,589,176222,0,1
582,60,Female,Divorced,PhD,Unemployed,Rural,38,1,2,2009,15,Hyundai,Pickup,Electric,26666,1200,Comprehensive,2823.49,250,12,1,349,66877,4,1
583,71,Male,Married,PhD,Retired,Urban,49,0,2,2011,13,Audi,Pickup,Hybrid,12039,1800,Standard,1773.87,250,12,1,826,103434,1,0
584,34,Female,Widowed,None,Student,Rural,16,1,0,2021,3,Mercedes,Sedan,Electric,18976,2000,Comprehensive,640.82,500,8,0,423,159301,2,1
585,46,Female,Single,None,Self-Employed,Suburban,24,0,2,2012,12,Toyota,SUV,Electric,22222,1800,Basic,1819.78,2000,9,0,845,110068,2,0
586,51,Male,Divorced,Bachelor,Employed,Rural,32,1,2,2012,12,Ford,Coupe,Hybrid,33124,1500,Basic,2889.45,1500,5,1,834,125431,3,0
587,26,Female,Single,High School,Retired,Rural,4,1,0,2024,0,Audi,Sedan,Petrol,29745,1500,Basic,1598.52,500,13,0,700,56797,2,0
588,30,Male,Divorced,High School,Self-Employed,Suburban,11,2,0,2023,1,Ford,SUV,Hybrid,9666,2000,Standard,329.08,250,9,1,836,41899,2,0
589,32,Female,Divorced,High School,Unemployed,Rural,10,0,0,2015,9,Mercedes,Sedan,Hybrid,32458,2500,Basic,1992.63,1500,10,0,798,91311,0,1
590,56,Female,Married,PhD,Student,Suburban,38,1,2,2013,11,Mercedes,Hatchback,Electric,18750,2000,Standard,2954.33,250,1,0,797,78633,2,1
591,35,Male,Widowed,None,Unemployed,Rural,14,1,2,2017,7,Toyota,Coupe,Petrol,24344,2500,Comprehensive,2875.99,2000,2,0,544,109555,2,0
592,56,Female,Widowed,High School,Retired,Rural,35,2,1,2021,3,Toyota,Pickup,Hybrid,26924,3000,Basic,1830.71,250,11,1,401,91618,4,0
593,64,Female,Divorced,Master,Retired,Suburban,45,0,2,2015,9,Chevrolet,Minivan,Electric,30185,2000,Basic,1807.89,2000,11,1,710,106367,3,1
594,23,Female,Divorced,None,Unemployed,Rural,4,0,0,2007,17,Volkswagen,Hatchback,Hybrid,25954,1200,Standard,845.8,1500,6,1,748,109755,2,0
595,38,Male,Single,Bachelor,Unemployed,Suburban,16,1,1,2022,2,Nissan,SUV,Hybrid,25266,2000,Basic,552.08,2000,15,1,569,53211,2,0
596,43,Male,Widowed,High School,Retired,Rural,21,4,0,2012,12,Chevrolet,Sedan,Diesel,22956,1200,Standard,371.17,500,14,0,551,74200,1,0
597,27,Male,Divorced,Bachelor,Employed,Rural,6,2,0,2022,2,Audi,SUV,Hybrid,11096,2500,Comprehensive,1378.97,2000,15,1,567,110412,3,1
598,75,Male,Divorced,None,Retired,Urban,52,0,2,2012,12,Nissan,Coupe,Diesel,8166,3500,Comprehensive,2212.56,2000,6,0,533,106315,2,0
599,53,Male,Widowed,Master,Unemployed,Urban,32,1,0,2018,6,Honda,SUV,Petrol,23348,1800,Comprehensive,455.37,1000,8,0,365,193784,1,0
600,35,Female,Single,None,Student,Suburban,12,1,0,2017,7,BMW,Minivan,Hybrid,15152,1800,Comprehensive,1122.58,500,10,1,447,156456,4,0
601,73,Male,Single,Master,Unemployed,Urban,55,1,1,2010,14,BMW,SUV,Diesel,32385,1200,Comprehensive,2807.83,250,6,0,396,120789,2,0
602,42,Female,Widowed,PhD,Self-Employed,Suburban,23,0,0,2018,6,Mercedes,Pickup,Petrol,11047,1500,Basic,911.93,250,6,1,396,152328,0,0
603,21,Male,Divorced,High School,Self-Employed,Urban,0,0,0,2014,10,Toyota,Coupe,Electric,33159,1000,Basic,808.9,2000,8,0,848,72245,4,1
604,27,Female,Married,PhD,Self-Employed,Rural,8,2,0,2024,0,Toyota,Coupe,Petrol,31450,3000,Standard,590.99,500,10,0,402,145456,0,1
605,39,Female,Widowed,PhD,Employed,Rural,17,0,0,2009,15,BMW,Pickup,Diesel,31019,1500,Standard,458.29,1500,13,0,832,38842,2,0
606,51,Female,Married,Master,Retired,Urban,30,1,0,2018,6,Volkswagen,Pickup,Hybrid,7699,1800,Standard,581.66,2000,8,1,613,145446,4,0
607,67,Male,Single,Bachelor,Employed,Suburban,45,1,1,2010,14,Hyundai,Minivan,Petrol,22507,1000,Standard,1339.23,1000,9,0,744,148267,2,1
608,62,Male,Married,High School,Student,Urban,43,1,0,2011,13,Chevrolet,SUV,Petrol,6482,3000,Basic,2730.87,250,15,1,304,78016,2,0
609,39,Male,Widowed,Bachelor,Retired,Suburban,21,0,1,2024,0,Mercedes,Pickup,Electric,11713,3000,Comprehensive,2288.91,1000,7,0,725,123433,1,0
610,30,Female,Divorced,None,Employed,Rural,7,0,1,2019,5,Ford,Minivan,Diesel,7310,2000,Basic,729.09,1500,2,0,849,100820,0,0
611,61,Female,Divorced,None,Retired,Suburban,39,0,1,2017,7,BMW,Sedan,Hybrid,11579,1200,Basic,1566.18,250,2,0,338,116728,0,0
612,69,Male,Married,PhD,Unemployed,Suburban,48,1,0,2006,18,Nissan,SUV,Diesel,28753,1500,Comprehensive,338.37,500,6,1,479,106781,1,0
613,21,Female,Widowed,Bachelor,Retired,Rural,3,0,1,2015,9,Chevrolet,Sedan,Hybrid,7273,2500,Comprehensive,1727.1,2000,3,0,625,29867,0,1
614,19,Male,Divorced,Master,Employed,Urban,1,1,0,2005,19,Audi,Sedan,Hybrid,30188,1800,Basic,2357.88,250,10,0,320,185095,3,1
615,42,Female,Widowed,PhD,Self-Employed,Rural,21,1,0,2019,5,Chevrolet,SUV,Hybrid,22578,2500,Basic,689.9,500,7,1,464,111489,2,0
616,37,Male,Single,PhD,Student,Rural,15,2,5,2009,15,Hyundai,SUV,Hybrid,18799,2500,Standard,2280.31,1500,7,1,672,103552,1,1
617,31,Male,Married,Bachelor,Unemployed,Urban,8,1,1,2019,5,Nissan,Pickup,Electric,26102,1500,Standard,681.6,250,9,1,607,178471,1,1
618,74,Male,Widowed,None,Student,Urban,53,0,0,2023,1,Ford,Hatchback,Diesel,26012,1500,Basic,706.84,1000,8,0,433,142581,1,0
619,57,Male,Single,High School,Employed,Urban,39,3,2,2015,9,Honda,Hatchback,Electric,11652,2000,Basic,1130.42,250,6,1,757,139541,1,1
620,69,Male,Married,Bachelor,Student,Urban,47,2,0,2022,2,Nissan,Minivan,Hybrid,27933,3500,Comprehensive,2589.59,500,2,0,755,40446,2,1
621,42,Female,Married,High School,Unemployed,Rural,22,3,1,2010,14,Chevrolet,Sedan,Hybrid,27012,1800,Standard,2967.1,1000,2,0,438,178586,1,1
622,68,Male,Divorced,Master,Employed,Suburban,46,4,0,2024,0,Audi,Pickup,Diesel,16967,2500,Basic,1686.24,2000,15,0,801,98510,3,1
623,37,Female,Widowed,PhD,Retired,Urban,17,1,1,2019,5,Honda,Hatchback,Petrol,9281,2500,Comprehensive,328.83,2000,1,1,689,67335,3,0
624,20,Female,Widowed,Master,Retired,Rural,0,0,0,2016,8,Mercedes,Coupe,Diesel,21017,1500,Basic,2766.06,250,13,1,821,44759,0,1
625,33,Male,Married,Master,Employed,Urban,11,2,1,2007,17,Toyota,Minivan,Petrol,29133,2500,Comprehensive,490.03,2000,11,1,638,189309,0,1
626,30,Male,Married,High School,Employed,Urban,9,1,0,2006,18,Honda,Pickup,Electric,25494,1800,Standard,2507.39,1500,10,0,780,90514,2,0
627,73,Male,Widowed,Bachelor,Unemployed,Urban,55,0,0,2009,15,Nissan,Coupe,Diesel,27936,1200,Basic,808.14,1000,13,0,466,118459,2,0
628,56,Female,Divorced,Bachelor,Student,Suburban,36,1,1,2013,11,Mercedes,SUV,Petrol,7019,1000,Standard,2737.27,250,10,1,381,191694,2,0
629,18,Male,Divorced,None,Retired,Rural,0,1,3,2023,1,Mercedes,Minivan,Electric,19771,1500,Standard,1300.2,1000,13,1,620,158108,4,1
630,20,Female,Widowed,PhD,Student,Suburban,0,0,2,2019,5,Ford,SUV,Hybrid,18749,3000,Basic,2428.32,1500,14,0,709,110868,0,0
631,60,Male,Married,None,Self-Employed,Urban,42,0,0,2013,11,Hyundai,SUV,Petrol,21296,1500,Standard,2540.4,2000,5,0,494,142542,2,0
632,45,Male,Widowed,High School,Retired,Urban,27,3,1,2024,0,Mercedes,SUV,Diesel,21998,3000,Basic,1424.13,250,5,0,646,180271,1,0
633,57,Male,Married,None,Retired,Suburban,34,0,1,2009,15,Hyundai,Coupe,Hybrid,7068,1000,Standard,1425.9,500,6,0,620,181165,3,0
634,68,Female,Divorced,None,Retired,Rural,49,2,3,2023,1,BMW,Minivan,Diesel,31650,2500,Standard,1820.9,250,6,0,693,53890,2,1
635,56,Female,Single,PhD,Student,Urban,36,1,0,2006,18,Chevrolet,SUV,Diesel,25744,1000,Standard,2527.06,1500,9,0,579,98895,1,1
636,30,Male,Single,Master,Employed,Rural,11,0,1,2012,12,Volkswagen,Pickup,Petrol,14770,1500,Basic,1099.48,250,11,1,380,111634,1,0
637,27,Female,Widowed,None,Self-Employed,Rural,6,1,0,2013,11,Chevrolet,Hatchback,Diesel,28143,1800,Standard,739.83,500,6,0,426,28742,3,0
638,41,Male,Divorced,PhD,Unemployed,Urban,18,0,0,2010,14,Hyundai,Coupe,Petrol,26090,1500,Comprehensive,2342.53,250,15,0,435,145200,0,1
639,51,Male,Married,High School,Retired,Suburban,31,0,0,2007,17,Chevrolet,Pickup,Petrol,22192,1500,Standard,2175.38,2000,14,0,512,132571,0,0
640,73,Female,Married,Bachelor,Employed,Rural,50,1,0,2012,12,Chevrolet,Sedan,Petrol,12176,2000,Basic,2876.94,500,9,1,630,116587,2,0
641,19,Female,Widowed,High School,Student,Rural,1,0,1,2011,13,BMW,Coupe,Hybrid,5234,1500,Basic,1870.27,1000,9,0,706,70778,0,1
642,57,Female,Divorced,None,Retired,Rural,36,0,0,2024,0,Mercedes,Hatchback,Diesel,15717,2500,Standard,621.75,1000,8,0,756,173169,4,0
643,67,Female,Married,Bachelor,Employed,Urban,46,2,1,2011,13,BMW,Coupe,Electric,32293,2000,Basic,2693.96,1000,6,1,355,184824,2,1
644,34,Male,Single,Master,Employed,Urban,15,2,0,2017,7,Hyundai,Pickup,Hybrid,24720,2000,Standard,1596.47,2000,5,0,379,176577,0,1
645,21,Male,Divorced,High School,Retired,Suburban,0,1,3,2008,16,Toyota,Hatchback,Diesel,26160,1200,Standard,2302.99,1000,2,1,727,186344,0,0
646,75,Male,Divorced,Bachelor,Retired,Suburban,56,0,1,2005,19,Chevrolet,SUV,Petrol,8689,1200,Basic,1529.16,2000,12,1,576,20913,2,0
647,64,Male,Married,High School,Student,Rural,43,0,0,2019,5,Volkswagen,SUV,Petrol,23899,2500,Comprehensive,470.13,1000,12,1,790,68136,3,1
648,73,Male,Married,PhD,Employed,Rural,55,2,2,2018,6,Nissan,Minivan,Hybrid,30951,1500,Comprehensive,427.7,1000,2,1,767,138856,2,1
649,64,Male,Divorced,Master,Student,Urban,42,0,0,2016,8,Mercedes,SUV,Hybrid,27141,1800,Standard,2895.74,250,10,1,440,102242,4,0
650,46,Male,Single,Master,Unemployed,Rural,27,1,1,2010,14,Audi,SUV,Diesel,32023,2000,Basic,2523.3,250,9,0,832,42214,2,1
651,28,Male,Divorced,PhD,Employed,Suburban,5,2,0,2017,7,Nissan,Minivan,Hybrid,12178,1800,Comprehensive,1401.6,250,4,1,459,196912,3,1
652,68,Male,Widowed,Bachelor,Employed,Rural,48,0,0,2011,13,Nissan,Minivan,Petrol,31689,1200,Basic,383.96,250,4,0,373,32569,0,0
653,45,Female,Widowed,High School,Unemployed,Suburban,25,0,0,2018,6,Audi,Coupe,Hybrid,25814,1800,Basic,2133.62,250,8,1,659,23137,0,0
654,69,Female,Single,PhD,Unemployed,Rural,49,3,1,2005,19,Volkswagen,Sedan,Hybrid,29872,3000,Standard,980.82,250,2,0,396,134193,1,1
655,48,Male,Divorced,Master,Unemployed,Rural,27,0,0,2005,19,Ford,Coupe,Petrol,21590,1800,Comprehensive,789.33,1000,12,1,848,186364,2,0
656,25,Female,Married,PhD,Retired,Urban,7,0,0,2008,16,Ford,Sedan,Diesel,20798,1800,Basic,1345.72,500,13,1,344,94240,0,0
657,61,Female,Married,PhD,Employed,Urban,42,0,1,2024,0,Audi,Sedan,Hybrid,21257,1500,Comprehensive,1460.93,2000,15,1,408,124739,1,1
658,45,Male,Single,High School,Retired,Rural,25,0,1,2012,12,Ford,Sedan,Petrol,10308,1200,Basic,2094.53,1500,11,1,569,140273,0,0
659,29,Female,Single,None,Employed,Urban,10,0,0,2017,7,Toyota,Hatchback,Petrol,21718,2000,Basic,1716.32,1000,10,0,610,50929,1,0
660,48,Male,Married,PhD,Student,Suburban,29,0,0,2022,2,Honda,SUV,Diesel,33109,1800,Basic,1589.76,250,10,0,552,179348,2,0
661,41,Male,Divorced,PhD,Employed,Suburban,23,2,2,2005,19,BMW,Minivan,Electric,17804,1800,Basic,2321.24,500,8,1,461,78265,2,1
662,45,Male,Widowed,High School,Unemployed,Urban,22,2,0,2006,18,Hyundai,Hatchback,Hybrid,14202,1800,Standard,1119.44,2000,10,1,615,138184,2,1
663,62,Male,Widowed,Master,Employed,Rural,41,4,1,2024,0,Honda,Hatchback,Electric,13888,2500,Comprehensive,1686.5,1000,15,1,545,163377,0,0
664,30,Female,Widowed,Master,Retired,Rural,9,1,0,2024,0,Ford,Minivan,Electric,11224,2000,Standard,2224.08,2000,6,0,773,167502,2,1
665,36,Male,Married,None,Retired,Urban,13,2,0,2017,7,Chevrolet,Minivan,Electric,23618,1800,Standard,695.12,2000,2,1,427,113713,3,0
666,18,Male,Married,Master,Student,Suburban,0,1,0,2023,1,Volkswagen,SUV,Electric,6670,3500,Comprehensive,2950.58,2000,2,1,747,116419,1,1
667,66,Male,Single,High School,Retired,Urban,44,0,0,2008,16,Volkswagen,SUV,Petrol,34206,2000,Basic,326.61,1000,10,1,591,127670,0,1
668,66,Female,Divorced,Bachelor,Self-Employed,Urban,44,1,1,2010,14,Volkswagen,SUV,Petrol,10255,1200,Comprehensive,1958.16,1000,13,1,427,40082,0,1
669,57,Male,Married,Bachelor,Retired,Urban,39,0,0,2023,1,Audi,Pickup,Hybrid,11992,1500,Basic,1403.04,1500,8,0,693,176232,2,1
670,31,Female,Widowed,None,Retired,Suburban,13,0,1,2019,5,Audi,SUV,Electric,9735,2000,Comprehensive,2559.74,1500,3,1,512,72128,1,0
671,33,Female,Married,PhD,Unemployed,Suburban,15,1,1,2007,17,Chevrolet,Minivan,Petrol,17742,1800,Standard,1328.62,1500,7,1,734,38451,1,1
672,34,Female,Married,Bachelor,Self-Employed,Rural,11,0,1,2011,13,Toyota,Pickup,Electric,6572,2000,Basic,2209.18,500,2,0,556,35776,2,0
673,27,Female,Married,PhD,Retired,Urban,8,0,0,2007,17,BMW,Sedan,Petrol,23763,2000,Comprehensive,775.05,2000,8,1,471,76930,0,0
674,56,Male,Single,High School,Retired,Urban,34,0,0,2016,8,Ford,SUV,Diesel,13049,2000,Standard,2609.6,1000,9,0,812,147254,3,0
675,28,Male,Widowed,Bachelor,Self-Employed,Urban,6,2,1,2013,11,Chevrolet,SUV,Hybrid,10739,2000,Comprehensive,970.18,2000,13,0,368,113939,0,1
676,49,Female,Widowed,None,Student,Rural,27,0,1,2017,7,Mercedes,Coupe,Hybrid,10468,1800,Standard,640.85,250,4,0,676,93234,0,0
677,42,Female,Divorced,Master,Employed,Suburban,21,0,0,2018,6,Ford,Pickup,Diesel,26268,2000,Standard,960.13,250,15,0,749,81301,1,0
678,47,Female,Married,PhD,Self-Employed,Suburban,29,0,0,2008,16,Mercedes,Hatchback,Petrol,16486,1800,Standard,2695.03,1500,2,1,663,149364,2,1
679,72,Female,Single,Master,Retired,Urban,52,3,0,2008,16,Ford,Minivan,Electric,6962,1000,Basic,2002.82,1000,1,1,713,102566,3,1
680,36,Female,Single,None,Unemployed,Urban,15,1,0,2021,3,Toyota,Minivan,Petrol,10024,3000,Standard,1191.41,1500,12,1,447,52279,2,1
681,35,Female,Married,High School,Employed,Suburban,17,3,0,2023,1,BMW,Pickup,Diesel,18989,1800,Standard,2974.15,500,1,0,467,24820,0,0
682,22,Male,Widowed,Bachelor,Student,Urban,4,1,2,2015,9,Audi,Minivan,Electric,32872,1800,Standard,1858.02,2000,15,1,634,153073,0,0
683,63,Female,Married,Bachelor,Employed,Suburban,42,0,3,2014,10,Chevrolet,Minivan,Hybrid,6680,3000,Standard,2464.52,1000,2,0,528,72397,3,1
684,24,Female,Widowed,PhD,Student,Rural,4,0,0,2024,0,Chevrolet,Minivan,Petrol,30394,1500,Basic,1476.18,1500,3,1,784,23020,1,0
685,37,Male,Widowed,PhD,Student,Rural,18,0,2,2014,10,BMW,Coupe,Diesel,16013,1200,Standard,1902.3,250,2,0,384,17225,0,0
686,75,Male,Married,High School,Employed,Suburban,56,0,0,2016,8,Hyundai,Minivan,Petrol,6324,1200,Standard,1191.38,250,10,0,340,176051,0,0
687,68,Male,Widowed,PhD,Employed,Suburban,46,0,2,2007,17,Audi,Hatchback,Diesel,7128,1800,Standard,724.96,2000,2,1,529,195625,0,0
688,39,Male,Widowed,PhD,Retired,Rural,19,0,1,2017,7,Volkswagen,SUV,Electric,26831,1500,Basic,1545.47,500,1,0,360,169057,3,1
689,26,Male,Single,Master,Retired,Rural,6,1,1,2018,6,Volkswagen,Sedan,Electric,28236,1500,Standard,2071.69,1000,3,1,496,105462,0,1
690,34,Female,Married,PhD,Student,Rural,13,1,2,2019,5,Ford,Hatchback,Hybrid,26574,1500,Comprehensive,2643.96,500,1,0,556,123999,0,0
691,39,Male,Single,Bachelor,Self-Employed,Rural,17,0,0,2011,13,Ford,Pickup,Petrol,30259,1000,Standard,2220.69,2000,6,1,302,42419,1,0
692,50,Male,Married,Bachelor,Retired,Rural,27,2,1,2013,11,Nissan,Pickup,Diesel,19252,2000,Comprehensive,2460.75,1500,12,1,767,26668,0,1
693,68,Male,Widowed,PhD,Student,Rural,46,0,0,2023,1,BMW,Pickup,Electric,14839,2500,Basic,2505.19,2000,5,1,571,16123,2,1
694,46,Male,Widowed,High School,Student,Urban,28,2,0,2022,2,Volkswagen,Sedan,Electric,30195,1800,Basic,1640.92,2000,4,1,418,76560,4,1
695,29,Male,Single,PhD,Employed,Suburban,6,0,0,2008,16,Ford,Minivan,Electric,10538,2000,Comprehensive,994.15,500,15,1,508,57967,1,0
696,36,Female,Single,High School,Self-Employed,Urban,18,3,0,2013,11,Ford,Sedan,Hybrid,16060,1200,Comprehensive,1556.3,250,8,1,385,108391,3,1
697,30,Female,Single,None,Employed,Urban,11,0,0,2022,2,BMW,Pickup,Electric,5976,1500,Standard,2440.2,1500,2,1,517,58915,0,0
698,67,Male,Married,PhD,Unemployed,Suburban,46,0,0,2006,18,Toyota,Pickup,Diesel,5121,1800,Basic,2966.69,1000,11,1,725,16949,4,0
699,23,Male,Single,None,Unemployed,Rural,5,1,0,2022,2,Nissan,Minivan,Electric,8924,2000,Basic,2422.59,1000,4,1,849,126579,0,0
700,21,Female,Married,Master,Student,Urban,1,0,0,2007,17,Nissan,Hatchback,Petrol,21327,1500,Standard,1398.55,250,5,1,489,39399,3,0
701,56,Male,Divorced,High School,Employed,Suburban,36,0,0,2023,1,BMW,Coupe,Petrol,12586,1000,Standard,2571.96,2000,13,0,604,159799,2,1
702,20,Female,Widowed,High School,Retired,Suburban,0,0,0,2023,1,Toyota,Sedan,Hybrid,6393,1800,Standard,1396.17,250,5,0,553,36498,1,1
703,62,Male,Single,PhD,Self-Employed,Rural,39,0,1,2021,3,BMW,Pickup,Petrol,27328,1800,Standard,1857.07,500,8,0,360,127649,0,0
704,30,Female,Divorced,Bachelor,Student,Rural,9,2,0,2012,12,Audi,Sedan,Hybrid,13355,2000,Standard,303.92,250,7,0,559,196220,0,1
705,25,Male,Married,High School,Self-Employed,Urban,2,0,0,2017,7,Ford,SUV,Electric,8690,1800,Comprehensive,867.55,250,14,0,723,43037,1,0
706,27,Male,Divorced,Master,Student,Suburban,4,0,0,2011,13,Ford,SUV,Hybrid,16572,1200,Comprehensive,2616.91,500,8,1,580,129675,0,1
707,21,Male,Widowed,None,Retired,Urban,0,0,0,2014,10,Mercedes,SUV,Hybrid,30200,1000,Comprehensive,476.3,1500,6,1,529,132792,0,0
708,71,Female,Widowed,Master,Self-Employed,Suburban,52,0,0,2012,12,Chevrolet,Pickup,Diesel,23079,1800,Basic,596.53,1000,9,1,401,86253,3,0
709,37,Female,Single,High School,Unemployed,Urban,18,2,0,2012,12,Nissan,Coupe,Diesel,25562,1800,Comprehensive,309.1,250,6,1,649,15382,1,1
710,64,Female,Divorced,Master,Unemployed,Urban,41,0,2,2024,0,Audi,Coupe,Electric,8148,1500,Comprehensive,829.93,500,6,0,644,108554,1,1
711,32,Female,Single,High School,Employed,Rural,13,0,2,2011,13,Chevrolet,Pickup,Petrol,8362,2000,Comprehensive,1491.46,500,4,0,523,112223,0,1
712,44,Male,Divorced,None,Student,Urban,26,0,0,2008,16,Honda,Hatchback,Diesel,6447,1800,Standard,1760.9,250,15,1,521,122953,3,1
713,32,Female,Single,PhD,Retired,Suburban,11,1,0,2008,16,Audi,Sedan,Electric,11309,1200,Basic,932.39,250,12,0,500,69806,0,0
714,21,Female,Married,None,Self-Employed,Urban,3,1,1,2016,8,Mercedes,Minivan,Hybrid,10043,2000,Basic,1579.07,250,3,1,335,154730,0,0
715,44,Male,Single,Bachelor,Self-Employed,Urban,25,0,0,2010,14,Mercedes,Minivan,Electric,34045,1800,Comprehensive,1738.69,2000,4,1,735,60124,2,0
716,35,Female,Divorced,None,Self-Employed,Rural,17,0,0,2022,2,Chevrolet,Sedan,Petrol,31103,2000,Basic,920.29,2000,14,0,790,118443,3,0
717,65,Male,Single,None,Self-Employed,Rural,46,1,0,2006,18,Nissan,Coupe,Petrol,12913,1800,Basic,1215.6,2000,2,1,567,102051,2,0
718,20,Female,Widowed,Bachelor,Self-Employed,Urban,0,1,1,2024,0,Chevrolet,Sedan,Hybrid,28623,2000,Basic,2291.9,1000,8,0,582,103521,0,0
719,67,Male,Single,High School,Employed,Suburban,48,1,2,2023,1,Honda,Sedan,Diesel,20754,3000,Basic,1485.24,2000,11,1,358,180372,2,0
720,64,Male,Divorced,Master,Student,Rural,46,1,1,2014,10,Mercedes,Hatchback,Diesel,7786,1800,Basic,1920.94,2000,9,1,594,143749,2,0
721,27,Male,Divorced,None,Unemployed,Urban,7,0,0,2018,6,Chevrolet,Sedan,Petrol,24634,1000,Comprehensive,1005.47,500,7,1,649,38249,1,0
722,51,Male,Widowed,PhD,Unemployed,Urban,32,0,2,2021,3,BMW,Hatchback,Electric,26670,1000,Standard,2518.26,2000,7,0,340,178844,1,1
723,56,Female,Divorced,High School,Unemployed,Rural,34,0,0,2013,11,Toyota,Sedan,Hybrid,13284,2500,Basic,2703.55,2000,12,0,567,178991,2,0
724,59,Male,Widowed,PhD,Self-Employed,Rural,40,0,1,2021,3,Honda,Pickup,Electric,12937,1200,Basic,682.05,1500,10,1,474,151766,2,0
725,64,Female,Widowed,Master,Self-Employed,Urban,45,2,1,2009,15,Hyundai,Minivan,Hybrid,12008,1200,Standard,521.85,250,14,1,598,180578,1,1
726,66,Female,Single,Bachelor,Student,Urban,43,1,0,2010,14,Mercedes,SUV,Petrol,26910,1200,Standard,1130.87,1000,14,1,825,165918,4,0
727,19,Male,Single,Master,Self-Employed,Rural,0,0,0,2013,11,Hyundai,Minivan,Diesel,20259,1800,Comprehensive,466.13,1000,1,1,358,91382,0,0
728,31,Female,Married,None,Retired,Rural,11,2,0,2012,12,Ford,Sedan,Petrol,8099,2000,Standard,1720.77,250,9,0,503,78201,2,0
729,30,Female,Married,Bachelor,Student,Rural,10,4,0,2018,6,Toyota,Minivan,Petrol,7748,3000,Comprehensive,2355.65,1500,13,1,698,39984,1,1
730,53,Male,Single,Bachelor,Self-Employed,Urban,35,1,0,2018,6,Honda,Coupe,Diesel,32446,1800,Basic,959.84,1500,6,1,809,84176,2,0
731,56,Male,Widowed,High School,Unemployed,Rural,37,0,1,2016,8,Ford,Sedan,Petrol,15198,1800,Basic,2651.27,2000,5,0,599,74203,0,0
732,39,Male,Married,PhD,Self-Employed,Urban,16,0,0,2024,0,Nissan,SUV,Petrol,12868,1800,Standard,1211.78,250,2,1,337,197299,2,0
733,26,Female,Single,Master,Employed,Suburban,7,0,0,2018,6,Toyota,Coupe,Petrol,8817,2000,Standard,2406.83,250,1,0,356,151382,3,0
734,43,Male,Single,PhD,Self-Employed,Rural,22,0,3,2011,13,Honda,SUV,Diesel,13323,2500,Standard,440.54,1500,9,0,746,164957,0,0
735,49,Female,Married,None,Self-Employed,Rural,29,0,3,2008,16,BMW,Hatchback,Petrol,31011,1800,Standard,2406.66,1000,5,0,788,189878,3,0
736,51,Male,Widowed,High School,Self-Employed,Urban,28,0,1,2006,18,Honda,Minivan,Electric,19795,2000,Basic,1935.34,250,9,1,366,90851,0,1
737,46,Female,Married,PhD,Unemployed,Rural,24,1,1,2024,0,Audi,Pickup,Electric,32206,1800,Comprehensive,2350.64,1500,2,1,448,155316,3,0
738,58,Male,Married,Master,Unemployed,Urban,38,0,1,2014,10,Audi,Coupe,Diesel,10738,2500,Basic,799.38,500,5,0,740,120961,2,0
739,21,Female,Single,None,Student,Urban,0,1,0,2018,6,Toyota,Minivan,Hybrid,10698,2000,Standard,1816.48,500,9,0,633,190674,2,0
740,59,Male,Married,None,Employed,Suburban,41,2,3,2008,16,Ford,Minivan,Hybrid,16185,1000,Basic,1396.82,1000,9,0,744,188255,0,0
741,42,Female,Divorced,PhD,Employed,Urban,24,1,2,2008,16,Ford,SUV,Electric,23727,1500,Basic,980.21,500,13,1,708,156942,0,0
742,67,Female,Divorced,High School,Employed,Urban,46,1,0,2021,3,Volkswagen,Coupe,Hybrid,34731,2500,Basic,2995.8,250,14,1,815,67968,0,0
743,70,Female,Single,High School,Employed,Suburban,48,0,1,2007,17,Mercedes,Minivan,Petrol,33109,2000,Basic,1523.47,500,14,0,753,183315,1,1
744,32,Female,Divorced,High School,Student,Suburban,11,1,0,2006,18,Chevrolet,SUV,Hybrid,30000,2500,Comprehensive,651.08,500,6,0,394,143999,2,0
745,42,Male,Married,None,Unemployed,Urban,22,0,3,2022,2,Mercedes,Sedan,Diesel,11502,1500,Basic,540.8,500,15,1,666,59891,0,0
746,43,Male,Widowed,None,Employed,Suburban,25,0,5,2010,14,Honda,Sedan,Diesel,5015,1500,Basic,2325.91,500,14,1,435,137612,1,0
747,40,Female,Single,Bachelor,Self-Employed,Suburban,22,2,1,2014,10,Mercedes,Coupe,Petrol,28789,3500,Comprehensive,1172.16,500,14,1,601,148763,0,0
748,45,Female,Divorced,High School,Self-Employed,Suburban,26,1,2,2017,7,Chevrolet,Coupe,Petrol,9645,3000,Comprehensive,2435.53,2000,3,0,376,18673,3,0
749,74,Female,Married,High School,Self-Employed,Suburban,52,3,0,2023,1,Nissan,Hatchback,Hybrid,30703,2000,Comprehensive,1482.41,1500,14,0,548,45142,3,1
750,38,Female,Single,Master,Self-Employed,Rural,17,3,0,2023,1,Nissan,Minivan,Hybrid,18198,2000,Basic,1524.65,250,7,1,541,121190,2,0
751,73,Male,Divorced,High School,Student,Rural,54,0,2,2010,14,BMW,Minivan,Electric,15744,2000,Basic,2978.81,1000,1,1,758,42499,2,0
752,27,Male,Married,High School,Unemployed,Urban,7,1,3,2024,0,Toyota,Coupe,Electric,12707,1800,Comprehensive,1763.02,2000,14,0,462,48259,3,1
753,20,Male,Widowed,None,Retired,Rural,0,1,0,2024,0,Hyundai,Minivan,Petrol,26209,1200,Standard,1520.03,2000,9,1,336,197263,2,1
754,33,Female,Widowed,PhD,Student,Urban,11,1,1,2005,19,Audi,Pickup,Electric,17466,2000,Comprehensive,471.4,1500,8,1,693,157075,0,0
755,45,Female,Married,Bachelor,Retired,Rural,23,0,5,2006,18,Nissan,Hatchback,Petrol,18061,2000,Comprehensive,1988.04,500,6,0,575,22837,2,0
756,66,Female,Widowed,None,Retired,Rural,45,1,0,2008,16,Ford,Hatchback,Diesel,30505,2000,Standard,1024.47,500,15,1,771,170607,1,1
757,57,Female,Married,Bachelor,Self-Employed,Rural,35,1,2,2017,7,BMW,SUV,Petrol,16147,1500,Standard,514.94,1000,3,1,794,61635,3,0
758,28,Male,Widowed,None,Self-Employed,Rural,9,0,1,2016,8,Honda,SUV,Petrol,23347,2000,Standard,1287.67,1500,9,1,695,161455,1,0
759,66,Female,Divorced,Master,Self-Employed,Urban,47,0,1,2021,3,Audi,Sedan,Petrol,34946,1800,Standard,745,500,9,1,541,85551,3,1
760,43,Female,Single,Master,Retired,Suburban,25,0,0,2008,16,BMW,Minivan,Diesel,16996,1800,Basic,2507.35,1500,12,0,543,126738,1,0
761,19,Female,Married,High School,Retired,Urban,1,1,0,2017,7,Audi,Coupe,Petrol,27809,1800,Standard,1816.01,2000,12,0,789,16763,0,1
762,51,Female,Widowed,Bachelor,Self-Employed,Suburban,29,2,2,2018,6,Volkswagen,Sedan,Electric,33312,2000,Comprehensive,1421.88,1500,9,1,586,93289,3,1
763,50,Female,Divorced,None,Retired,Rural,28,0,0,2015,9,Audi,Hatchback,Diesel,21450,1200,Comprehensive,2758.31,250,13,1,640,21657,0,0
764,74,Male,Single,Bachelor,Retired,Suburban,51,0,1,2012,12,Honda,SUV,Diesel,26058,2500,Basic,2458.14,1000,2,0,305,99928,1,1
765,58,Female,Married,High School,Retired,Suburban,38,2,1,2017,7,Volkswagen,Coupe,Hybrid,9720,1800,Comprehensive,2974.25,500,7,1,751,91721,2,1
766,41,Male,Divorced,Master,Self-Employed,Urban,19,0,2,2022,2,Honda,Minivan,Diesel,11239,2500,Basic,840.49,500,15,0,612,178595,0,0
767,18,Male,Married,PhD,Retired,Suburban,0,0,1,2016,8,Toyota,Coupe,Diesel,30130,1800,Comprehensive,2206.65,1500,3,0,658,140849,1,1
768,53,Female,Widowed,Bachelor,Student,Urban,31,3,0,2024,0,Honda,Coupe,Hybrid,17530,2500,Comprehensive,950.94,250,7,0,486,130221,4,0
769,29,Male,Widowed,Bachelor,Self-Employed,Suburban,6,1,3,2023,1,Ford,Sedan,Electric,10956,1200,Comprehensive,2879.02,2000,4,1,475,41426,2,0
770,60,Male,Divorced,Bachelor,Unemployed,Rural,41,0,0,2016,8,BMW,Coupe,Diesel,15492,1800,Standard,1020.3,250,8,1,804,72374,0,0
771,33,Male,Divorced,Master,Retired,Rural,12,1,1,2010,14,Chevrolet,Coupe,Hybrid,5088,1200,Basic,1488.38,500,1,1,552,189776,3,0
772,51,Female,Single,Bachelor,Student,Rural,31,0,3,2021,3,BMW,SUV,Diesel,5920,2500,Basic,663.73,1000,7,0,492,60420,0,1
773,49,Female,Widowed,Master,Self-Employed,Rural,26,1,2,2021,3,Hyundai,SUV,Diesel,25887,1800,Basic,2456.47,250,4,0,584,94194,0,1
774,54,Female,Single,PhD,Employed,Suburban,35,3,2,2023,1,Honda,Sedan,Diesel,26066,1800,Comprehensive,2842.93,1000,11,0,394,94374,0,1
775,50,Male,Single,None,Self-Employed,Urban,28,0,0,2011,13,Audi,Pickup,Petrol,24945,3500,Basic,1374.11,500,12,0,418,69328,0,0
776,62,Female,Widowed,PhD,Self-Employed,Urban,44,1,1,2007,17,Honda,Sedan,Hybrid,18195,1200,Basic,413,2000,12,0,757,50648,2,0
777,51,Female,Married,Bachelor,Unemployed,Rural,28,0,0,2011,13,Volkswagen,Pickup,Electric,11828,1800,Comprehensive,782.86,1000,13,0,453,88936,0,1
778,53,Female,Married,Master,Employed,Rural,30,0,0,2024,0,Mercedes,Pickup,Diesel,5560,2500,Comprehensive,822.87,1000,6,1,367,186745,0,0
779,63,Female,Married,None,Student,Urban,45,0,0,2009,15,Mercedes,SUV,Hybrid,16764,1800,Comprehensive,1290.06,1000,13,0,517,22088,0,1
780,27,Male,Married,PhD,Employed,Suburban,9,0,0,2012,12,Nissan,Pickup,Electric,6976,1200,Comprehensive,466.1,250,7,1,322,123092,0,1
781,59,Male,Divorced,Master,Retired,Urban,36,1,0,2014,10,Toyota,SUV,Petrol,9085,1000,Standard,2751.55,1500,8,1,677,125936,3,0
782,22,Female,Widowed,None,Retired,Suburban,2,0,0,2012,12,Mercedes,Pickup,Petrol,9484,2500,Standard,1546.71,250,2,0,360,46066,3,0
783,20,Male,Single,PhD,Unemployed,Urban,2,0,0,2007,17,Chevrolet,SUV,Hybrid,21917,1000,Basic,1695.5,1000,8,0,451,170385,0,0
784,39,Male,Widowed,High School,Self-Employed,Rural,21,0,0,2006,18,Chevrolet,Minivan,Diesel,15883,1000,Basic,2495.09,1000,6,1,803,93705,0,0
785,25,Male,Single,High School,Unemployed,Suburban,6,0,2,2016,8,Chevrolet,Pickup,Hybrid,24534,1500,Basic,852.32,2000,1,1,503,190911,3,0
786,56,Female,Married,PhD,Retired,Suburban,35,0,0,2016,8,Audi,Sedan,Diesel,32220,1200,Standard,351.25,250,5,1,724,126558,0,0
787,58,Male,Single,High School,Employed,Suburban,36,0,0,2013,11,Toyota,Sedan,Electric,24187,1500,Comprehensive,483.45,2000,13,1,303,97587,0,0
788,22,Female,Married,High School,Retired,Rural,0,0,2,2014,10,Audi,Pickup,Hybrid,30668,1800,Standard,2024.98,250,4,1,749,194609,0,1
789,65,Female,Single,PhD,Student,Urban,46,0,0,2006,18,Chevrolet,Pickup,Electric,13134,1500,Basic,2357.93,1500,3,0,827,190566,2,0
790,54,Male,Widowed,High School,Employed,Rural,34,0,0,2009,15,Toyota,SUV,Hybrid,6670,1800,Comprehensive,2579.48,250,2,1,356,56512,2,0
791,58,Female,Single,None,Employed,Urban,38,1,1,2023,1,Nissan,Coupe,Hybrid,34518,1200,Basic,525.45,1500,1,1,820,23004,3,0
792,52,Female,Divorced,Master,Unemployed,Urban,33,1,0,2016,8,Nissan,Coupe,Diesel,23713,3500,Comprehensive,1309.26,250,9,0,363,21735,0,1
793,48,Male,Married,Bachelor,Student,Rural,30,0,0,2007,17,Ford,Coupe,Hybrid,27096,2500,Standard,2436.95,2000,11,1,816,54436,1,0
794,55,Female,Single,Master,Employed,Rural,35,0,0,2007,17,Audi,Pickup,Petrol,16619,1800,Standard,2728.88,500,3,1,590,191735,3,0
795,53,Male,Divorced,PhD,Retired,Urban,32,1,2,2017,7,Ford,Hatchback,Petrol,33992,1800,Standard,2195.43,1000,14,1,692,158339,0,1
796,19,Female,Widowed,None,Retired,Urban,1,0,0,2015,9,Honda,Pickup,Diesel,10236,3500,Standard,1865.99,500,14,1,581,157244,2,1
797,68,Male,Divorced,None,Student,Rural,45,0,1,2018,6,Ford,Hatchback,Hybrid,20713,1200,Comprehensive,1501.97,2000,2,1,322,178378,3,1
798,71,Male,Married,Master,Unemployed,Rural,52,4,2,2018,6,Honda,SUV,Diesel,20568,2000,Basic,1222.67,500,1,1,628,160829,2,1
799,62,Male,Married,Master,Retired,Suburban,41,0,0,2008,16,Volkswagen,Hatchback,Petrol,33607,1200,Standard,1038.72,2000,7,1,364,138219,2,0
800,65,Male,Married,Master,Unemployed,Rural,43,1,1,2022,2,Nissan,Minivan,Petrol,33386,1500,Comprehensive,692.74,1000,2,1,577,123448,2,0
801,68,Male,Divorced,None,Self-Employed,Suburban,45,0,0,2018,6,Audi,Minivan,Diesel,27900,3500,Standard,2180.49,2000,8,1,818,114919,2,0
802,73,Male,Divorced,Master,Unemployed,Suburban,53,2,0,2008,16,Audi,SUV,Diesel,6919,2500,Standard,2985.65,500,12,1,345,107080,0,1
803,64,Male,Married,None,Unemployed,Rural,43,0,0,2018,6,Ford,Sedan,Electric,15736,1500,Basic,1323.25,250,1,0,608,50621,0,0
804,34,Male,Single,Master,Student,Suburban,11,2,2,2022,2,Audi,Pickup,Hybrid,21302,1500,Standard,2430.78,1000,3,0,618,97509,1,1
805,39,Male,Widowed,Master,Retired,Urban,20,1,2,2005,19,Volkswagen,SUV,Diesel,33083,2000,Standard,2457.11,1500,13,0,488,124768,1,1
806,58,Female,Divorced,Bachelor,Employed,Urban,35,3,0,2010,14,Honda,SUV,Diesel,14637,1200,Standard,1456.09,1500,12,1,618,120181,0,1
807,19,Male,Single,Bachelor,Retired,Rural,1,0,3,2021,3,Mercedes,Coupe,Hybrid,6965,1000,Comprehensive,340.54,1500,10,1,792,144639,4,1
808,29,Female,Widowed,High School,Retired,Suburban,10,4,0,2013,11,Ford,Minivan,Hybrid,7494,1200,Basic,2782.71,250,4,1,534,140494,1,1
809,64,Female,Single,PhD,Unemployed,Suburban,41,0,5,2021,3,Ford,Hatchback,Diesel,9043,2000,Comprehensive,2328.18,2000,6,1,670,85347,0,0
810,45,Female,Divorced,Master,Retired,Rural,24,0,0,2011,13,Honda,Sedan,Diesel,11342,1200,Comprehensive,2958.76,1000,13,1,386,133161,1,0
811,66,Male,Married,Master,Self-Employed,Suburban,47,0,2,2022,2,Nissan,Pickup,Diesel,31858,1000,Standard,1254.8,250,11,0,368,174053,3,0
812,70,Male,Divorced,Master,Self-Employed,Urban,49,1,2,2012,12,Hyundai,Minivan,Diesel,13741,2000,Basic,1193.77,500,15,1,312,24375,3,0
813,68,Male,Single,PhD,Student,Suburban,46,0,2,2018,6,Hyundai,SUV,Electric,13326,1500,Comprehensive,2879.88,1000,5,1,354,154391,0,0
814,41,Male,Widowed,None,Unemployed,Urban,20,1,1,2005,19,Hyundai,SUV,Petrol,9819,1800,Comprehensive,1683.73,1000,14,1,735,168701,2,0
815,74,Male,Divorced,Master,Student,Rural,51,0,0,2013,11,Chevrolet,Minivan,Diesel,13316,1500,Basic,2487.6,2000,9,1,558,60882,0,0
816,71,Male,Widowed,Bachelor,Unemployed,Urban,52,1,0,2008,16,Nissan,Pickup,Petrol,17841,3000,Basic,2847.99,2000,4,0,829,149921,4,0
817,53,Male,Married,Bachelor,Employed,Urban,35,0,0,2005,19,Toyota,Sedan,Hybrid,20116,1800,Basic,422.34,250,9,1,695,46903,0,1
818,41,Female,Single,Master,Employed,Rural,22,2,0,2015,9,BMW,Minivan,Petrol,24321,1800,Basic,2422.66,1000,7,0,499,97539,1,0
819,55,Female,Single,High School,Employed,Urban,32,1,0,2017,7,Ford,Sedan,Electric,31783,2500,Standard,2871.74,2000,7,1,376,101876,0,0
820,45,Female,Widowed,PhD,Retired,Urban,27,0,1,2016,8,Mercedes,Sedan,Petrol,28071,2500,Basic,2964.31,250,13,1,631,41364,1,0
821,55,Female,Widowed,High School,Unemployed,Rural,37,0,1,2011,13,Volkswagen,Pickup,Diesel,14640,1800,Standard,1742.6,2000,10,1,463,116820,2,0
822,51,Male,Widowed,None,Unemployed,Rural,28,1,0,2020,4,Audi,Sedan,Electric,6003,1500,Comprehensive,1457.64,1000,8,0,765,113842,0,0
823,26,Male,Single,Bachelor,Student,Rural,6,0,3,2021,3,Audi,Coupe,Diesel,17456,1000,Basic,1793.9,250,13,1,442,34094,3,0
824,50,Female,Single,PhD,Student,Suburban,30,1,1,2009,15,Chevrolet,Hatchback,Hybrid,24730,1200,Basic,560.74,2000,3,1,394,174528,2,0
825,26,Female,Divorced,Bachelor,Self-Employed,Urban,4,3,0,2023,1,Honda,Pickup,Petrol,31580,2000,Standard,2246.72,1000,5,0,407,160110,1,1
826,71,Male,Divorced,PhD,Unemployed,Urban,53,2,0,2016,8,Chevrolet,Sedan,Petrol,29062,1000,Comprehensive,1378.11,1000,7,1,354,135417,0,0
827,35,Female,Married,None,Self-Employed,Rural,13,0,1,2013,11,Toyota,Sedan,Petrol,20908,1800,Comprehensive,793.47,1000,12,1,546,38616,0,0
828,42,Female,Single,PhD,Employed,Urban,22,3,1,2006,18,Honda,Sedan,Electric,5033,1800,Standard,2691.95,250,14,0,622,63740,1,0
829,20,Female,Married,PhD,Employed,Rural,1,0,0,2007,17,Volkswagen,Coupe,Electric,27298,1000,Standard,992.35,250,15,1,635,198271,0,0
830,27,Female,Widowed,None,Unemployed,Rural,8,2,0,2009,15,Audi,Hatchback,Electric,20473,2000,Standard,2558.1,250,10,0,785,68001,3,0
831,23,Male,Single,High School,Retired,Suburban,5,0,1,2024,0,Volkswagen,SUV,Diesel,7251,1800,Standard,876.01,1000,8,1,836,78427,1,0
832,44,Male,Widowed,Master,Unemployed,Suburban,26,1,0,2023,1,Nissan,SUV,Electric,34196,1500,Comprehensive,1659.13,2000,5,0,625,74729,1,0
833,58,Female,Widowed,Bachelor,Unemployed,Urban,38,0,0,2019,5,Mercedes,Minivan,Petrol,17893,1500,Comprehensive,1206.02,250,6,1,463,68999,2,0
834,18,Male,Divorced,Master,Employed,Urban,0,1,0,2005,19,Audi,Sedan,Diesel,8267,3000,Basic,1549.29,2000,7,0,319,52309,1,1
835,61,Female,Single,Bachelor,Self-Employed,Rural,43,0,1,2012,12,Hyundai,Hatchback,Petrol,27367,1200,Basic,2711.02,500,3,1,621,163344,1,0
836,18,Male,Widowed,High School,Employed,Suburban,0,0,2,2010,14,Hyundai,Minivan,Electric,19422,2000,Comprehensive,1217.42,1500,5,0,804,41186,2,0
837,72,Male,Widowed,None,Unemployed,Urban,52,1,1,2016,8,Toyota,SUV,Petrol,6577,1000,Standard,1077.18,2000,4,1,312,68284,2,0
838,18,Female,Divorced,Bachelor,Employed,Urban,0,0,1,2014,10,Honda,Sedan,Electric,25540,1800,Basic,2879.61,1000,15,0,667,105730,2,1
839,54,Female,Married,High School,Retired,Suburban,36,0,0,2020,4,Audi,Coupe,Petrol,26106,1000,Comprehensive,1456.88,2000,1,0,696,130142,1,1
840,33,Female,Divorced,Bachelor,Self-Employed,Rural,14,1,0,2023,1,Hyundai,SUV,Petrol,5091,1500,Standard,1317.84,500,6,1,308,72138,0,0
841,18,Male,Widowed,Bachelor,Student,Suburban,0,0,0,2014,10,Honda,Pickup,Electric,11021,1800,Comprehensive,804.28,2000,12,0,524,73018,1,0
842,22,Male,Single,None,Employed,Rural,1,2,0,2012,12,Toyota,Minivan,Hybrid,21725,1500,Basic,708.96,250,2,1,702,131410,0,1
843,36,Female,Widowed,Master,Unemployed,Rural,14,0,2,2010,14,Honda,SUV,Hybrid,15213,1200,Basic,923.55,500,7,0,308,196984,0,0
844,51,Male,Single,Master,Student,Suburban,33,1,0,2019,5,Honda,Sedan,Electric,32585,1200,Comprehensive,2330.22,250,3,0,741,198611,4,1
845,64,Male,Single,Master,Unemployed,Urban,42,1,0,2005,19,Hyundai,Coupe,Petrol,19212,1200,Basic,1658.46,500,9,1,640,159241,2,0
846,74,Female,Widowed,PhD,Self-Employed,Rural,51,0,1,2006,18,Toyota,Hatchback,Diesel,20687,1800,Comprehensive,1930.46,500,2,1,458,148305,3,0
847,29,Female,Divorced,Master,Employed,Rural,11,4,0,2020,4,Ford,Sedan,Petrol,10820,1800,Comprehensive,1095.27,500,11,0,438,188666,4,1
848,35,Female,Divorced,Bachelor,Self-Employed,Rural,13,1,0,2016,8,Audi,Coupe,Diesel,27973,1000,Basic,2286.44,250,3,0,512,28292,0,0
849,27,Male,Married,Bachelor,Student,Suburban,7,2,0,2008,16,BMW,Hatchback,Diesel,6357,2500,Basic,1659.01,1500,6,0,716,81444,1,1
850,21,Female,Married,PhD,Student,Suburban,1,0,1,2024,0,Nissan,SUV,Diesel,30162,1000,Basic,2059.76,2000,2,1,375,138122,0,0
851,20,Male,Married,High School,Employed,Suburban,1,2,1,2013,11,Honda,Coupe,Hybrid,17841,1200,Comprehensive,519.13,500,2,1,798,18667,2,1
852,41,Female,Widowed,PhD,Employed,Suburban,22,1,3,2007,17,Audi,Coupe,Hybrid,16863,1500,Standard,1869.28,1000,5,0,751,128111,1,1
853,67,Male,Married,None,Student,Suburban,49,0,1,2010,14,Chevrolet,SUV,Diesel,32738,1200,Basic,1471.37,250,2,1,450,82037,0,0
854,26,Female,Divorced,Master,Self-Employed,Urban,3,0,1,2006,18,Nissan,Minivan,Hybrid,24468,3000,Comprehensive,564.83,2000,15,1,451,182633,0,1
855,23,Female,Divorced,Bachelor,Self-Employed,Rural,3,2,2,2014,10,Chevrolet,SUV,Electric,26846,1000,Comprehensive,936.8,500,5,0,335,195754,0,1
856,72,Female,Widowed,High School,Retired,Rural,52,0,0,2017,7,Audi,Minivan,Electric,21363,1500,Standard,1383.72,1000,12,1,504,109500,4,0
857,54,Female,Divorced,PhD,Student,Rural,32,1,0,2007,17,Volkswagen,SUV,Electric,9144,1000,Standard,1070.99,250,9,0,640,177090,3,0
858,23,Female,Married,PhD,Unemployed,Urban,3,1,0,2017,7,Volkswagen,Hatchback,Hybrid,10954,1200,Basic,336.57,1000,3,0,676,169272,4,1
859,70,Female,Single,Master,Unemployed,Rural,51,0,2,2018,6,Honda,Hatchback,Electric,34036,1500,Comprehensive,2485.9,1500,10,1,525,187434,2,1
860,61,Male,Single,None,Employed,Suburban,39,2,3,2009,15,Honda,Sedan,Electric,28917,1800,Basic,2773.61,2000,5,1,460,69818,1,0
861,35,Male,Widowed,None,Student,Suburban,15,2,1,2020,4,Toyota,Sedan,Hybrid,11356,2000,Basic,2648.17,250,12,1,649,53689,0,0
862,46,Male,Widowed,PhD,Retired,Suburban,27,0,0,2013,11,Toyota,Minivan,Petrol,30008,2000,Standard,2501.29,1500,15,0,325,111334,1,0
863,20,Male,Single,Bachelor,Student,Rural,1,1,0,2010,14,Hyundai,Pickup,Diesel,8929,1800,Comprehensive,1113.03,2000,12,0,522,119332,2,0
864,23,Female,Married,High School,Self-Employed,Urban,4,0,0,2009,15,Nissan,Pickup,Diesel,34703,2000,Comprehensive,2041.16,2000,12,1,552,105169,0,1
865,70,Male,Married,Bachelor,Self-Employed,Urban,47,1,2,2012,12,Audi,SUV,Diesel,5046,1500,Standard,2166.21,500,13,1,530,48869,0,1
866,20,Female,Widowed,High School,Employed,Rural,0,0,0,2024,0,Chevrolet,Sedan,Diesel,32189,2500,Standard,404.15,250,8,0,459,118920,0,0
867,70,Male,Married,High School,Student,Rural,47,0,1,2013,11,Nissan,Hatchback,Hybrid,20678,1500,Standard,2335.13,500,3,0,521,196102,4,1
868,63,Male,Single,None,Retired,Suburban,44,0,5,2023,1,Ford,Minivan,Diesel,10853,2000,Standard,1393.57,1500,3,1,516,112410,2,0
869,33,Female,Married,High School,Employed,Rural,15,0,1,2020,4,Mercedes,Sedan,Diesel,5206,1800,Standard,918.61,2000,5,0,631,53927,0,0
870,32,Female,Married,PhD,Employed,Rural,12,1,0,2020,4,Hyundai,Pickup,Petrol,15283,2000,Standard,421.59,1000,5,0,478,179156,2,0
871,45,Female,Single,High School,Unemployed,Rural,25,0,0,2023,1,Honda,Coupe,Hybrid,24412,3500,Comprehensive,1166.81,2000,8,1,489,30780,1,1
872,34,Male,Widowed,Bachelor,Employed,Urban,12,2,0,2009,15,Honda,SUV,Electric,7401,3000,Comprehensive,957.86,1500,15,1,773,154455,2,0
873,20,Female,Married,High School,Self-Employed,Suburban,0,2,0,2024,0,Ford,SUV,Hybrid,26365,1500,Basic,1543.03,1000,12,1,730,107383,0,0
874,31,Female,Married,High School,Unemployed,Urban,8,1,0,2011,13,Toyota,Coupe,Electric,10953,1500,Basic,423.34,250,10,0,660,21165,2,0
875,42,Female,Divorced,None,Student,Suburban,21,0,0,2009,15,Volkswagen,Coupe,Hybrid,17964,1500,Comprehensive,2096.53,1500,8,1,604,165050,1,0
876,37,Male,Widowed,Bachelor,Student,Suburban,16,1,0,2015,9,Toyota,Sedan,Hybrid,13004,1500,Comprehensive,895.6,500,1,1,578,163123,1,1
877,23,Male,Divorced,Bachelor,Unemployed,Rural,2,0,0,2016,8,Audi,Pickup,Petrol,10873,1500,Basic,736.08,500,8,1,511,126821,0,0
878,72,Female,Divorced,None,Unemployed,Rural,50,1,1,2016,8,Mercedes,Pickup,Hybrid,13126,1500,Standard,2335.04,1000,12,0,614,82475,3,0
879,37,Male,Widowed,None,Unemployed,Rural,18,1,0,2013,11,Mercedes,Coupe,Hybrid,14341,1500,Standard,2668.1,1000,1,0,449,73858,0,1
880,56,Female,Married,None,Unemployed,Rural,34,1,3,2008,16,BMW,SUV,Petrol,5261,3500,Comprehensive,1502.97,250,12,0,417,140498,2,1
881,72,Female,Married,Master,Student,Suburban,52,0,1,2009,15,Toyota,SUV,Petrol,6406,1500,Comprehensive,1468.66,1000,7,0,451,175153,0,1
882,75,Female,Single,Bachelor,Employed,Urban,52,2,0,2017,7,Hyundai,Coupe,Hybrid,11236,1500,Standard,1995.61,1500,1,1,380,165382,2,0
883,34,Female,Divorced,Bachelor,Retired,Rural,14,0,0,2007,17,BMW,Coupe,Electric,6574,2500,Standard,2703.67,500,14,1,461,190832,2,1
884,37,Female,Divorced,Bachelor,Retired,Suburban,18,1,0,2012,12,Chevrolet,Minivan,Hybrid,21529,2000,Comprehensive,2462.69,1500,13,0,333,159747,3,0
885,59,Female,Married,None,Retired,Suburban,37,3,0,2007,17,Chevrolet,Pickup,Electric,7110,1800,Basic,2982.58,1000,4,1,359,55675,0,0
886,71,Female,Single,Bachelor,Self-Employed,Rural,49,3,0,2015,9,Ford,Pickup,Electric,28915,2500,Basic,837.22,500,9,0,539,17442,0,1
887,24,Male,Married,High School,Self-Employed,Urban,5,0,0,2019,5,Honda,Minivan,Petrol,26965,3000,Standard,1286.04,250,8,1,445,140406,2,1
888,33,Male,Married,Master,Retired,Urban,15,0,2,2012,12,Audi,Coupe,Electric,31740,1800,Basic,378.42,1000,12,0,347,48306,2,0
889,69,Male,Single,PhD,Self-Employed,Urban,46,1,0,2016,8,Toyota,Pickup,Hybrid,32240,1500,Comprehensive,1548.94,250,14,1,807,99178,3,1
890,71,Male,Divorced,High School,Student,Suburban,48,0,1,2019,5,Ford,Minivan,Hybrid,25608,1200,Comprehensive,2654.97,250,3,0,624,171971,0,0
891,68,Female,Widowed,PhD,Unemployed,Suburban,45,0,1,2009,15,BMW,Pickup,Diesel,25552,1200,Comprehensive,2377.44,250,13,0,402,49076,0,0
892,25,Female,Single,Bachelor,Retired,Rural,3,0,3,2024,0,Toyota,Minivan,Petrol,19890,2500,Standard,1086.64,250,13,0,454,107411,0,0
893,57,Female,Divorced,Bachelor,Unemployed,Suburban,34,2,1,2020,4,Honda,SUV,Diesel,9656,3000,Standard,2320.78,500,4,1,486,57873,0,0
894,27,Male,Single,PhD,Self-Employed,Suburban,4,0,2,2023,1,Volkswagen,SUV,Diesel,29249,2000,Comprehensive,1756.86,500,4,1,601,94178,1,0
895,19,Female,Widowed,None,Unemployed,Rural,0,0,0,2010,14,Toyota,Hatchback,Hybrid,30098,1800,Standard,492.7,1000,4,1,808,82470,2,0
896,43,Female,Married,Bachelor,Unemployed,Rural,23,0,0,2019,5,Chevrolet,Pickup,Electric,31043,1200,Standard,1831.54,250,7,0,708,106564,2,1
897,19,Female,Married,Bachelor,Unemployed,Suburban,1,0,3,2018,6,BMW,Sedan,Diesel,24379,1500,Comprehensive,2193.05,1500,4,1,550,136444,2,0
898,59,Female,Married,None,Retired,Rural,40,0,0,2015,9,Mercedes,Coupe,Petrol,26178,2000,Standard,562.16,500,12,0,528,186626,2,0
899,20,Female,Married,Bachelor,Employed,Rural,2,0,0,2010,14,Honda,Hatchback,Electric,21756,2000,Basic,2220.32,2000,3,1,727,155452,1,0
900,75,Male,Single,None,Employed,Rural,55,0,1,2017,7,Mercedes,Hatchback,Diesel,32432,2500,Basic,414.97,1500,3,1,752,182321,2,1
901,38,Female,Widowed,Master,Student,Rural,18,1,0,2018,6,Ford,SUV,Electric,26577,1200,Comprehensive,680.46,1500,13,0,483,34687,0,1
902,20,Female,Married,None,Retired,Rural,1,1,0,2020,4,Nissan,Coupe,Petrol,7950,1800,Comprehensive,1505.59,1500,10,1,839,40306,2,0
903,30,Male,Single,High School,Self-Employed,Suburban,9,0,1,2010,14,Toyota,Sedan,Petrol,16397,3000,Comprehensive,735.49,1000,4,1,493,40260,0,0
904,38,Male,Divorced,Bachelor,Unemployed,Urban,16,1,3,2022,2,Ford,Pickup,Diesel,26626,2000,Comprehensive,468.61,1500,7,1,467,134901,2,0
905,72,Male,Married,None,Self-Employed,Rural,50,2,1,2011,13,BMW,Pickup,Hybrid,34495,2000,Comprehensive,1207.8,250,15,1,481,119241,1,1
906,67,Male,Single,High School,Self-Employed,Urban,44,0,0,2012,12,Audi,SUV,Petrol,27053,1800,Comprehensive,2273.94,500,6,0,772,172309,2,1
907,63,Male,Widowed,PhD,Student,Suburban,45,1,0,2016,8,Audi,SUV,Petrol,25801,2500,Comprehensive,1711.15,1000,4,0,430,137444,2,0
908,25,Female,Single,Master,Unemployed,Suburban,3,2,1,2022,2,Mercedes,Hatchback,Hybrid,10839,2000,Basic,2974.82,500,12,1,685,111636,2,0
909,52,Female,Married,None,Retired,Rural,34,0,0,2014,10,Audi,Coupe,Diesel,16253,1500,Comprehensive,1036.64,1500,11,0,755,93082,3,0
910,56,Male,Widowed,Master,Student,Urban,34,0,1,2014,10,Honda,Pickup,Hybrid,20873,1000,Basic,1793.76,2000,8,1,809,81823,2,0
911,72,Female,Widowed,Master,Employed,Rural,53,2,2,2014,10,Honda,Pickup,Hybrid,12947,1500,Standard,1701.27,1000,4,1,849,154779,0,1
912,52,Male,Divorced,Master,Retired,Urban,30,0,1,2017,7,Toyota,Hatchback,Diesel,8875,2500,Basic,742.87,500,8,0,706,119913,0,0
913,21,Male,Married,Master,Unemployed,Suburban,1,0,1,2005,19,Nissan,Coupe,Diesel,33669,2000,Basic,1190.68,1000,11,0,785,83658,3,0
914,24,Female,Widowed,Bachelor,Employed,Urban,3,1,3,2006,18,Toyota,SUV,Petrol,27271,1500,Standard,2351.39,1500,2,1,508,19531,3,0
915,42,Female,Single,None,Retired,Rural,23,2,5,2014,10,Volkswagen,Pickup,Petrol,21470,2000,Comprehensive,2763.12,250,9,1,465,123644,3,0
916,19,Male,Married,PhD,Retired,Rural,1,0,0,2014,10,Mercedes,Hatchback,Diesel,24708,1800,Basic,1362.17,1000,11,1,732,161440,3,0
917,41,Male,Divorced,High School,Student,Urban,22,0,3,2024,0,Audi,Pickup,Hybrid,9486,1500,Standard,2373.92,500,14,0,427,174642,0,1
918,59,Female,Widowed,High School,Retired,Suburban,39,0,0,2022,2,Mercedes,Minivan,Electric,17201,1800,Comprehensive,1480.1,500,2,0,847,74041,1,0
919,23,Male,Divorced,Master,Retired,Urban,5,0,2,2024,0,Toyota,Sedan,Diesel,17923,1200,Basic,2855.56,250,15,1,542,182796,0,0
920,49,Male,Widowed,Master,Unemployed,Rural,27,1,1,2022,2,Hyundai,Minivan,Electric,23158,1500,Basic,1878.03,1000,3,1,443,96953,0,1
921,49,Female,Single,PhD,Employed,Urban,29,2,1,2006,18,Hyundai,Hatchback,Petrol,13464,1800,Standard,1026.96,500,13,1,519,108486,2,1
922,64,Female,Single,PhD,Employed,Suburban,42,0,2,2023,1,Chevrolet,SUV,Electric,14482,2500,Comprehensive,848.57,1000,4,1,822,155067,0,1
923,44,Male,Single,Bachelor,Self-Employed,Rural,22,2,5,2018,6,Toyota,Coupe,Hybrid,21581,1800,Basic,2492.63,2000,2,1,478,140807,2,1
924,53,Female,Married,Master,Employed,Suburban,34,0,1,2018,6,Hyundai,Minivan,Diesel,15729,2000,Standard,2492.85,2000,1,0,824,162986,3,0
925,61,Female,Married,Master,Retired,Suburban,40,0,0,2017,7,Ford,Coupe,Hybrid,24295,3000,Standard,906.11,1500,3,1,685,179916,3,0
926,75,Female,Single,None,Unemployed,Rural,53,1,1,2008,16,Toyota,Coupe,Electric,20718,1500,Basic,1734.49,500,14,1,467,39956,2,0
927,44,Female,Divorced,Bachelor,Retired,Suburban,24,1,1,2021,3,Mercedes,Coupe,Hybrid,24098,1500,Basic,1814.81,1000,14,1,636,181490,2,0
928,51,Male,Single,None,Employed,Urban,32,0,1,2019,5,Nissan,Coupe,Petrol,31869,1200,Comprehensive,1759.21,2000,15,1,383,136142,0,1
929,37,Female,Divorced,High School,Retired,Urban,16,0,2,2021,3,Volkswagen,Coupe,Petrol,7719,1200,Basic,2023.13,500,9,1,744,155607,0,1
930,49,Male,Divorced,Master,Unemployed,Urban,31,1,1,2023,1,Ford,Sedan,Hybrid,20335,1800,Standard,1152.18,2000,14,1,733,168406,0,0
931,41,Male,Divorced,None,Unemployed,Urban,18,0,1,2015,9,BMW,SUV,Hybrid,5654,2000,Basic,629.02,500,13,0,310,80174,4,0
932,72,Female,Divorced,Bachelor,Retired,Suburban,54,0,0,2023,1,Toyota,Minivan,Electric,32077,1800,Basic,2610.08,250,1,1,635,30989,3,0
933,63,Female,Married,PhD,Employed,Suburban,40,1,1,2011,13,Volkswagen,Pickup,Diesel,34983,1800,Basic,2163.56,2000,12,1,551,69784,1,0
934,21,Male,Divorced,None,Retired,Suburban,3,0,3,2019,5,BMW,Sedan,Electric,33205,1500,Standard,946.4,1500,10,0,665,105889,3,1
935,33,Female,Single,Bachelor,Unemployed,Urban,12,0,0,2010,14,Nissan,Coupe,Hybrid,30090,2000,Standard,312.65,500,5,0,833,36550,1,1
936,63,Female,Single,High School,Employed,Rural,40,0,3,2011,13,Hyundai,Coupe,Electric,18421,2500,Basic,2933.34,250,1,0,301,50486,1,1
937,49,Female,Married,PhD,Self-Employed,Rural,31,0,0,2013,11,Chevrolet,Sedan,Diesel,24397,1500,Basic,2801.73,2000,7,0,728,144839,1,0
938,73,Male,Married,Bachelor,Unemployed,Rural,53,3,1,2013,11,Hyundai,Hatchback,Petrol,33038,2000,Standard,1751.62,1500,3,1,426,133885,0,1
939,45,Male,Single,PhD,Retired,Rural,27,0,3,2023,1,Nissan,Coupe,Petrol,21621,1800,Comprehensive,1568.71,1000,9,0,539,71216,1,0
940,46,Male,Divorced,High School,Self-Employed,Rural,28,1,1,2008,16,Hyundai,SUV,Hybrid,5759,1200,Basic,1368.92,1000,5,0,340,83672,0,0
941,73,Male,Single,None,Employed,Rural,50,0,0,2005,19,Mercedes,Hatchback,Petrol,5644,1000,Comprehensive,1635.82,2000,14,1,402,163118,0,1
942,33,Male,Single,None,Student,Rural,11,0,3,2009,15,Ford,Hatchback,Hybrid,5922,1800,Comprehensive,1806.66,500,12,1,561,165558,1,1
943,49,Female,Married,Bachelor,Retired,Urban,29,2,1,2011,13,Ford,Pickup,Petrol,8535,1800,Comprehensive,439.37,500,5,1,838,128146,0,1
944,18,Male,Widowed,PhD,Self-Employed,Urban,0,1,0,2015,9,BMW,Pickup,Hybrid,28640,1200,Comprehensive,1273.06,1500,9,0,310,103857,1,1
945,24,Female,Married,Bachelor,Retired,Rural,6,0,0,2024,0,Chevrolet,Sedan,Diesel,29662,2000,Comprehensive,1518.97,500,2,0,509,156698,3,0
946,65,Female,Single,PhD,Student,Urban,46,0,2,2013,11,Hyundai,Minivan,Electric,29362,1500,Basic,2996.74,250,10,0,370,139246,3,0
947,37,Male,Widowed,High School,Self-Employed,Urban,17,0,2,2009,15,Ford,Hatchback,Diesel,8042,2000,Basic,688.99,500,4,1,384,52202,4,0
948,60,Male,Divorced,Master,Student,Suburban,41,0,0,2010,14,Volkswagen,Minivan,Electric,15348,1200,Basic,1569.88,250,11,1,607,161064,0,0
949,26,Female,Divorced,Master,Unemployed,Rural,6,0,0,2008,16,Honda,Coupe,Petrol,15474,3000,Comprehensive,1869.89,250,3,1,714,199318,0,0
950,52,Female,Divorced,PhD,Unemployed,Suburban,30,1,0,2019,5,Volkswagen,Sedan,Petrol,21390,1800,Standard,1531.7,250,9,0,748,187320,2,1
951,54,Male,Widowed,Master,Unemployed,Rural,35,0,0,2006,18,Volkswagen,Coupe,Diesel,17879,1800,Comprehensive,1988.38,500,13,1,535,88033,2,0
952,35,Female,Single,None,Self-Employed,Urban,16,1,1,2015,9,Mercedes,Pickup,Diesel,9850,2000,Basic,754.07,500,4,1,451,18812,1,1
953,66,Male,Single,High School,Employed,Urban,44,0,0,2014,10,Volkswagen,Pickup,Diesel,24455,1200,Basic,309.07,2000,10,0,424,81092,0,0
954,19,Male,Widowed,None,Self-Employed,Urban,0,1,0,2019,5,Audi,Minivan,Hybrid,29248,2000,Basic,1348.15,2000,13,1,607,157429,4,0
955,72,Female,Widowed,Master,Student,Urban,54,0,3,2023,1,Nissan,Hatchback,Diesel,13160,1800,Basic,2252.13,500,8,0,398,152203,3,1
956,53,Female,Divorced,Master,Unemployed,Urban,31,3,0,2005,19,BMW,Minivan,Electric,31375,2500,Basic,484.72,500,6,0,584,123232,1,1
957,54,Female,Divorced,None,Retired,Suburban,33,0,1,2008,16,Toyota,Coupe,Diesel,13748,2500,Comprehensive,343.29,500,12,0,819,54900,4,0
958,50,Female,Divorced,High School,Self-Employed,Suburban,31,0,0,2007,17,Chevrolet,Hatchback,Electric,34649,1200,Basic,2432.11,1000,11,0,721,96677,0,0
959,40,Female,Single,High School,Retired,Urban,21,1,5,2022,2,Ford,Coupe,Electric,8512,1800,Comprehensive,1430.42,250,11,0,635,105689,2,1
960,43,Male,Single,High School,Student,Rural,24,0,0,2018,6,Toyota,Sedan,Petrol,9187,1800,Comprehensive,686.98,250,1,0,479,67560,4,1
961,58,Female,Single,Master,Employed,Urban,40,1,0,2022,2,Hyundai,Sedan,Hybrid,29098,1800,Standard,905.85,1000,5,1,347,95074,2,0
962,46,Female,Married,Master,Student,Urban,28,1,0,2005,19,Hyundai,Pickup,Diesel,28982,1500,Basic,1000.58,1000,9,1,385,143757,4,0
963,28,Female,Single,Bachelor,Student,Rural,9,0,5,2021,3,Volkswagen,Pickup,Hybrid,16504,3000,Standard,2872.3,500,5,0,752,122156,3,0
964,72,Female,Divorced,PhD,Student,Urban,49,0,0,2011,13,Hyundai,Sedan,Petrol,18526,3500,Basic,2476.95,1000,9,1,608,53161,0,0
965,35,Male,Divorced,High School,Retired,Rural,14,2,1,2022,2,Ford,Sedan,Diesel,7846,1500,Comprehensive,1468.62,1000,10,1,467,108563,0,0
966,19,Female,Divorced,Master,Employed,Urban,1,1,1,2011,13,Nissan,Coupe,Petrol,22406,1200,Basic,306.81,1500,4,1,530,103437,2,0
967,50,Male,Single,None,Unemployed,Suburban,28,2,1,2017,7,Volkswagen,Hatchback,Petrol,16380,2500,Basic,2981,500,2,0,679,96527,0,0
968,23,Male,Married,High School,Employed,Rural,2,0,1,2021,3,Volkswagen,Sedan,Diesel,21274,1200,Comprehensive,2270.95,2000,7,0,359,68119,0,0
969,30,Male,Widowed,None,Unemployed,Rural,8,2,0,2007,17,Mercedes,Sedan,Petrol,11876,1500,Standard,2495.89,500,2,1,401,169584,3,0
970,53,Female,Single,High School,Student,Urban,33,1,1,2006,18,Nissan,Hatchback,Petrol,24065,2000,Comprehensive,1559.98,2000,6,1,309,179806,0,1
971,32,Female,Married,High School,Employed,Suburban,13,1,1,2019,5,Nissan,Minivan,Petrol,20455,1200,Standard,1916.61,250,12,0,779,44347,4,1
972,62,Male,Widowed,Bachelor,Self-Employed,Urban,39,1,1,2017,7,Mercedes,Pickup,Hybrid,30391,1200,Basic,1609.94,500,1,1,729,161711,3,0
973,18,Male,Divorced,None,Employed,Rural,0,1,0,2016,8,Chevrolet,Coupe,Petrol,5482,1200,Standard,2106.65,1000,4,0,518,118615,4,1
974,43,Male,Widowed,None,Student,Rural,23,2,0,2020,4,Toyota,Pickup,Hybrid,27355,2000,Basic,1479.71,250,4,1,445,38446,1,0
975,71,Female,Divorced,Bachelor,Student,Urban,53,0,0,2011,13,Hyundai,Sedan,Electric,34254,2000,Standard,2591.04,250,10,0,440,90643,2,1
976,19,Male,Divorced,High School,Student,Rural,1,2,0,2012,12,Toyota,SUV,Petrol,17068,3000,Standard,1585.93,1000,13,1,597,120979,2,1
977,57,Female,Married,Master,Unemployed,Urban,39,0,0,2008,16,Mercedes,Pickup,Hybrid,13505,2000,Basic,1624.58,2000,13,1,425,98901,1,0
978,38,Male,Married,None,Employed,Suburban,17,0,0,2012,12,Audi,Hatchback,Hybrid,21603,1200,Standard,1000.91,1500,14,0,772,57146,0,0
979,27,Female,Divorced,PhD,Retired,Suburban,6,1,0,2006,18,Hyundai,Sedan,Hybrid,8334,1000,Basic,465.09,2000,8,0,670,115735,3,0
980,48,Male,Widowed,High School,Self-Employed,Urban,27,0,5,2021,3,Toyota,SUV,Hybrid,14715,2500,Standard,1658.79,1000,12,1,485,115485,0,0
981,39,Female,Widowed,None,Student,Urban,18,0,1,2014,10,Toyota,Pickup,Hybrid,19044,1500,Basic,1502.36,1500,11,0,447,140366,4,0
982,63,Male,Divorced,Bachelor,Unemployed,Suburban,42,0,0,2024,0,Ford,SUV,Hybrid,28659,1800,Standard,1939.93,1500,15,0,569,150531,3,0
983,43,Male,Married,High School,Retired,Suburban,24,0,0,2005,19,Nissan,Coupe,Diesel,20540,1500,Standard,2303.95,1000,10,1,739,82468,2,0
984,61,Female,Widowed,PhD,Employed,Rural,40,0,2,2020,4,Hyundai,Hatchback,Electric,10203,1800,Basic,1884.08,250,4,1,450,62429,1,0
985,65,Male,Widowed,Bachelor,Self-Employed,Urban,42,0,3,2009,15,Chevrolet,Sedan,Petrol,29955,1000,Standard,2541.36,1500,7,0,803,42946,1,1
986,57,Female,Single,Master,Retired,Rural,36,1,0,2016,8,Ford,Sedan,Hybrid,23959,1000,Comprehensive,2612.49,500,3,0,484,123320,4,0
987,68,Male,Single,Master,Self-Employed,Rural,47,0,2,2006,18,Volkswagen,Coupe,Petrol,33454,1000,Standard,2685.55,250,15,0,382,119873,4,1
988,74,Female,Single,High School,Retired,Rural,55,0,0,2019,5,Ford,Hatchback,Electric,17344,1800,Basic,2630.17,1500,3,1,754,128568,4,0
989,18,Male,Single,PhD,Retired,Suburban,0,0,0,2024,0,Nissan,Hatchback,Petrol,27900,1800,Comprehensive,1932.72,500,8,0,805,62233,2,1
990,25,Female,Married,Master,Employed,Suburban,3,2,0,2018,6,Volkswagen,Pickup,Hybrid,26164,1500,Basic,1524.77,500,9,1,664,68846,2,1
991,55,Female,Single,PhD,Employed,Rural,33,0,2,2018,6,Chevrolet,Hatchback,Hybrid,32737,2500,Basic,420.41,250,11,0,475,170981,0,1
992,41,Female,Married,None,Employed,Suburban,21,0,3,2023,1,BMW,SUV,Diesel,16419,3000,Basic,856.98,250,3,0,666,32625,0,0
993,75,Female,Divorced,High School,Employed,Rural,52,0,0,2015,9,Toyota,SUV,Hybrid,24034,1800,Comprehensive,2483.05,1000,12,0,498,79383,0,1
994,43,Male,Widowed,Bachelor,Employed,Rural,25,0,1,2022,2,BMW,Sedan,Diesel,32251,3500,Standard,2332.18,250,3,0,754,102383,2,0
995,73,Male,Single,High School,Self-Employed,Urban,52,0,0,2019,5,Mercedes,Coupe,Electric,14104,1200,Basic,1336.61,2000,13,1,395,163467,0,0
996,57,Male,Married,Bachelor,Student,Suburban,39,1,0,2016,8,BMW,Minivan,Hybrid,9197,3000,Standard,1578.32,500,11,1,557,115426,0,0
997,62,Male,Widowed,High School,Student,Urban,44,0,1,2022,2,Mercedes,Hatchback,Diesel,13863,1000,Basic,2203.91,250,6,0,639,107963,0,1
998,67,Male,Single,None,Employed,Suburban,48,1,0,2019,5,Chevrolet,Coupe,Hybrid,25896,1200,Standard,1934.75,500,6,1,434,55193,4,0
999,33,Female,Divorced,None,Employed,Rural,14,1,3,2014,10,Nissan,Pickup,Hybrid,6358,1800,Comprehensive,1331.95,2000,4,0,540,59605,2,0
1000,45,Female,Single,Master,Unemployed,Urban,26,0,1,2014,10,Volkswagen,Hatchback,Petrol,33947,1800,Comprehensive,1659.33,1000,12,0,475,99053,2,0
1001,48,Male,Widowed,Bachelor,Employed,Rural,26,0,0,2023,1,Ford,Hatchback,Electric,12101,2500,Comprehensive,2662.22,1000,2,1,472,160607,0,1
1002,66,Male,Married,Master,Student,Urban,46,0,1,2011,13,Audi,Hatchback,Diesel,26172,1000,Basic,2440.88,500,15,1,389,90359,2,1
1003,18,Female,Widowed,Bachelor,Student,Urban,0,0,0,2015,9,Toyota,Coupe,Electric,19100,1200,Basic,1588.48,1000,11,0,319,75712,2,1
1004,54,Male,Married,Master,Self-Employed,Rural,32,0,0,2019,5,Honda,Sedan,Diesel,17527,2500,Comprehensive,426.3,250,15,0,772,142363,2,0
1005,35,Female,Single,PhD,Employed,Suburban,14,2,0,2011,13,Nissan,Minivan,Electric,5338,1000,Standard,916.33,500,4,1,733,38627,1,0
1006,27,Male,Single,Bachelor,Self-Employed,Suburban,9,0,3,2024,0,Mercedes,Hatchback,Petrol,19263,1500,Basic,2231.62,1500,6,1,594,45488,3,1
1007,48,Female,Divorced,PhD,Student,Urban,27,2,0,2013,11,Audi,Hatchback,Diesel,25436,3500,Standard,2676,250,8,1,648,41237,2,1
1008,71,Female,Married,Bachelor,Retired,Rural,52,0,0,2022,2,BMW,Pickup,Electric,13736,2000,Basic,2375.17,500,4,1,653,127302,3,0
1009,50,Female,Divorced,PhD,Unemployed,Urban,31,0,0,2022,2,Hyundai,Minivan,Diesel,17402,2500,Basic,1428.66,2000,1,1,778,60339,0,0
1010,63,Female,Single,High School,Employed,Rural,43,0,2,2015,9,Chevrolet,Minivan,Electric,10714,1200,Comprehensive,1052.02,1000,13,0,333,167450,3,0
1011,22,Female,Widowed,High School,Retired,Suburban,0,1,1,2014,10,BMW,Pickup,Electric,14037,1500,Basic,1369.68,1500,2,1,659,123956,0,1
1012,61,Female,Married,PhD,Unemployed,Urban,41,1,2,2007,17,Nissan,Hatchback,Petrol,6959,1200,Standard,2796.16,500,10,0,311,150534,1,1
1013,71,Female,Single,Master,Self-Employed,Suburban,50,1,0,2015,9,Toyota,SUV,Diesel,19555,1500,Standard,1898.78,500,4,0,705,141627,2,0
1014,19,Female,Widowed,High School,Unemployed,Urban,0,1,0,2020,4,Audi,Minivan,Electric,30431,1200,Basic,2381.96,1500,9,1,636,72155,2,1
1015,70,Male,Widowed,PhD,Self-Employed,Rural,49,0,1,2010,14,Nissan,Minivan,Hybrid,18100,1000,Standard,2456.81,1000,14,0,609,164684,0,0
1016,62,Female,Single,Master,Unemployed,Suburban,39,1,1,2017,7,Chevrolet,Sedan,Hybrid,17804,1500,Basic,2358.85,1500,13,0,315,139404,0,0
1017,55,Male,Single,None,Unemployed,Urban,34,0,0,2015,9,BMW,SUV,Hybrid,7963,1800,Basic,1741.51,1000,10,1,475,121227,2,1
1018,62,Male,Single,Bachelor,Retired,Suburban,39,4,1,2005,19,Honda,Hatchback,Electric,30398,1800,Standard,1514.03,1500,10,0,365,176724,1,1
1019,41,Female,Married,Master,Self-Employed,Rural,19,1,0,2012,12,Toyota,Minivan,Diesel,30651,2500,Comprehensive,2519.47,250,8,0,724,138594,2,0
1020,42,Female,Divorced,Bachelor,Employed,Suburban,19,0,2,2006,18,Honda,Pickup,Electric,33917,2000,Comprehensive,2077.06,2000,2,1,301,67353,4,0
1021,25,Female,Single,None,Self-Employed,Suburban,2,0,0,2006,18,BMW,Sedan,Petrol,21960,2000,Basic,1526.51,1500,3,0,724,159249,0,0
1022,36,Female,Divorced,High School,Employed,Suburban,17,0,1,2015,9,Audi,SUV,Hybrid,25687,1500,Basic,1431.16,250,7,0,694,43882,0,0
1023,43,Male,Single,None,Employed,Rural,24,2,0,2008,16,Chevrolet,Sedan,Diesel,18804,1200,Standard,1057.65,500,6,1,488,183276,0,0
1024,61,Female,Single,High School,Self-Employed,Urban,38,1,2,2009,15,Mercedes,SUV,Electric,12043,1500,Basic,1881.03,500,4,1,672,80180,0,0
1025,35,Female,Widowed,High School,Self-Employed,Rural,14,1,0,2009,15,Mercedes,SUV,Hybrid,15428,1200,Comprehensive,1132.51,1000,6,0,735,82067,2,1
1026,46,Female,Divorced,High School,Self-Employed,Suburban,23,0,2,2021,3,Nissan,SUV,Petrol,16543,2500,Comprehensive,1519.78,1500,4,1,583,119874,1,0
1027,26,Male,Widowed,High School,Student,Suburban,5,1,1,2021,3,Volkswagen,Hatchback,Petrol,9238,1500,Standard,1830.76,1500,15,0,438,28237,4,1
1028,29,Male,Widowed,None,Unemployed,Urban,11,0,0,2019,5,Audi,Coupe,Hybrid,10797,1200,Standard,1317.78,2000,15,0,553,71449,1,0
1029,48,Female,Widowed,PhD,Student,Rural,29,0,2,2005,19,Mercedes,Sedan,Diesel,13349,1800,Basic,1712.79,1000,15,0,397,100818,0,0
1030,30,Male,Married,Bachelor,Student,Urban,12,0,0,2014,10,Toyota,Minivan,Hybrid,18071,1200,Comprehensive,2255.82,250,13,1,532,23848,3,0
1031,54,Male,Married,Master,Employed,Urban,35,0,1,2015,9,Ford,Minivan,Hybrid,9338,1000,Comprehensive,1758.39,1000,14,1,604,56882,2,0
1032,62,Male,Divorced,High School,Retired,Rural,39,1,0,2010,14,BMW,Hatchback,Diesel,6015,1800,Standard,2981.98,1500,10,0,567,161459,3,0
1033,54,Male,Divorced,PhD,Unemployed,Urban,36,0,1,2012,12,Toyota,Pickup,Hybrid,18403,1200,Comprehensive,1462.66,1000,8,0,597,16763,1,0
1034,37,Female,Divorced,High School,Self-Employed,Suburban,18,3,1,2020,4,Audi,Hatchback,Hybrid,8176,1000,Standard,1623.52,500,11,0,375,145109,4,1
1035,23,Male,Single,Bachelor,Retired,Rural,0,2,1,2007,17,Audi,SUV,Hybrid,11336,1500,Basic,812.67,500,13,1,617,87105,3,1
1036,67,Female,Widowed,PhD,Employed,Suburban,44,3,0,2009,15,BMW,Hatchback,Petrol,33994,1000,Standard,1416.55,250,13,0,782,180117,0,0
1037,53,Female,Single,PhD,Self-Employed,Rural,34,2,1,2007,17,Mercedes,Hatchback,Hybrid,11310,3500,Basic,1933.55,250,9,1,821,15381,1,0
1038,23,Male,Divorced,PhD,Retired,Suburban,0,2,0,2016,8,BMW,Coupe,Petrol,18053,1000,Standard,2517.4,250,1,1,311,169096,0,0
1039,18,Female,Divorced,Master,Employed,Rural,0,4,5,2012,12,Audi,Minivan,Diesel,10839,1200,Comprehensive,365.16,500,10,1,703,57026,2,1
1040,50,Female,Widowed,Master,Employed,Rural,29,0,0,2017,7,Hyundai,SUV,Electric,7966,3500,Standard,1062.71,1500,12,0,508,77057,1,0
1041,30,Male,Married,None,Student,Suburban,10,2,1,2021,3,Toyota,Pickup,Hybrid,6394,1800,Comprehensive,1807.65,250,10,0,342,193126,2,0
1042,57,Male,Divorced,Bachelor,Employed,Urban,38,1,3,2017,7,Volkswagen,Sedan,Petrol,15986,1800,Comprehensive,1213.96,250,6,0,708,78168,0,1
1043,43,Male,Divorced,PhD,Self-Employed,Urban,25,0,1,2020,4,Toyota,Pickup,Hybrid,13933,1500,Standard,1099.92,250,14,0,501,35952,1,1
1044,22,Female,Married,None,Retired,Suburban,1,2,5,2009,15,Volkswagen,SUV,Diesel,15705,2000,Comprehensive,1315,250,6,0,313,51141,2,1
1045,19,Male,Divorced,PhD,Unemployed,Suburban,1,0,0,2017,7,Toyota,Hatchback,Petrol,17889,1500,Standard,1368.69,1500,14,0,679,26538,0,0
1046,59,Male,Widowed,Master,Employed,Rural,37,1,0,2011,13,Audi,Sedan,Petrol,10403,1000,Comprehensive,940.6,250,3,1,438,21109,2,1
1047,67,Female,Divorced,None,Student,Rural,45,0,2,2023,1,Ford,Pickup,Petrol,6623,2000,Comprehensive,1462.03,500,14,1,657,144236,4,0
1048,34,Female,Married,High School,Retired,Suburban,11,1,1,2014,10,Hyundai,SUV,Petrol,9074,1800,Comprehensive,1814.86,2000,10,1,656,179954,1,1
1049,72,Female,Divorced,PhD,Student,Urban,53,1,1,2009,15,Honda,Pickup,Hybrid,6714,1500,Standard,1325.69,500,13,1,405,125100,3,1
1050,46,Male,Divorced,PhD,Self-Employed,Suburban,25,0,0,2007,17,Hyundai,Coupe,Electric,5890,1000,Basic,2138.42,250,8,0,392,125928,1,1
1051,40,Female,Single,Master,Self-Employed,Urban,20,0,0,2023,1,Hyundai,Hatchback,Hybrid,23584,1500,Comprehensive,1313.52,1000,12,1,518,40447,2,0
1052,47,Male,Divorced,PhD,Employed,Rural,24,0,1,2021,3,Audi,Coupe,Hybrid,19245,3500,Standard,2588.55,1500,10,0,739,101533,1,1
1053,74,Female,Widowed,Master,Unemployed,Suburban,53,0,0,2019,5,Toyota,SUV,Diesel,29447,2000,Standard,2463.48,250,9,1,550,16567,3,1
1054,19,Female,Widowed,PhD,Self-Employed,Urban,0,2,0,2024,0,Chevrolet,SUV,Diesel,11892,1800,Standard,1080.56,250,3,0,629,77933,2,0
1055,69,Female,Widowed,None,Unemployed,Rural,50,0,0,2012,12,Audi,Minivan,Diesel,12334,2000,Standard,2059.61,250,3,0,486,20686,2,1
1056,22,Female,Married,Bachelor,Self-Employed,Rural,2,0,0,2014,10,Chevrolet,Minivan,Petrol,24813,1800,Basic,2701.54,250,13,1,639,99169,3,1
1057,39,Male,Widowed,High School,Student,Suburban,18,1,1,2007,17,BMW,Coupe,Diesel,9073,1000,Comprehensive,2547.31,1000,4,0,458,63314,2,0
1058,58,Male,Married,PhD,Student,Suburban,37,0,3,2018,6,Nissan,Minivan,Petrol,18055,1500,Standard,2271.31,250,15,1,303,69351,2,1
1059,20,Female,Divorced,Bachelor,Unemployed,Rural,0,0,0,2006,18,Chevrolet,Minivan,Electric,28852,1000,Standard,1029.67,1500,8,1,818,58779,1,1
1060,18,Female,Married,High School,Employed,Urban,0,0,2,2016,8,Volkswagen,Hatchback,Hybrid,28885,1000,Comprehensive,1509.1,1000,10,1,513,42390,2,1
1061,67,Female,Divorced,None,Employed,Suburban,45,2,1,2006,18,Audi,Minivan,Electric,31668,1500,Standard,1912.48,500,3,1,746,92751,0,1
1062,55,Female,Widowed,High School,Self-Employed,Urban,36,1,1,2022,2,Honda,Minivan,Petrol,15798,1800,Comprehensive,2818.52,500,5,0,304,198449,0,0
1063,45,Male,Married,Bachelor,Unemployed,Rural,22,2,3,2014,10,Ford,Minivan,Diesel,16174,1500,Standard,2315.61,1500,2,0,431,68747,1,0
1064,59,Female,Single,Master,Unemployed,Suburban,41,0,0,2007,17,BMW,Minivan,Electric,23859,2000,Standard,1126.06,2000,10,1,700,21422,2,0
1065,45,Female,Divorced,None,Student,Urban,22,0,5,2024,0,Chevrolet,SUV,Diesel,17942,2500,Basic,2566.41,250,10,0,727,36934,1,1
1066,38,Female,Divorced,PhD,Unemployed,Suburban,18,0,1,2021,3,Volkswagen,Hatchback,Electric,29628,2000,Standard,1250.58,500,5,1,741,86984,0,1
1067,39,Female,Married,Master,Employed,Suburban,21,0,0,2015,9,Honda,SUV,Diesel,34221,1500,Standard,1002.03,2000,10,1,603,16294,0,0
1068,30,Male,Widowed,None,Student,Urban,8,1,2,2020,4,Toyota,Minivan,Petrol,19831,1000,Basic,1402.16,250,15,1,574,55339,3,0
1069,44,Male,Married,High School,Retired,Rural,26,0,1,2012,12,Toyota,Coupe,Electric,29468,1000,Standard,2103.53,250,10,1,367,174226,1,0
1070,72,Female,Married,Master,Retired,Urban,50,0,0,2017,7,Audi,Hatchback,Petrol,14791,1500,Basic,1552.9,1000,13,1,803,93421,4,0
1071,18,Female,Widowed,Bachelor,Unemployed,Suburban,0,0,0,2022,2,Toyota,SUV,Hybrid,5035,1200,Comprehensive,977.63,500,11,0,538,38599,1,0
1072,66,Male,Divorced,None,Retired,Rural,48,0,2,2009,15,Toyota,SUV,Petrol,23465,2000,Comprehensive,1541.56,1000,9,1,771,110046,2,0
1073,25,Female,Single,None,Student,Rural,5,4,1,2010,14,BMW,Sedan,Diesel,32495,1800,Comprehensive,1704,1500,12,1,408,164566,1,1
1074,28,Female,Single,Master,Unemployed,Suburban,5,1,0,2019,5,Volkswagen,Pickup,Electric,21919,1500,Standard,819.67,250,7,1,486,169758,0,0
1075,61,Male,Divorced,High School,Unemployed,Urban,40,0,0,2009,15,Volkswagen,Hatchback,Electric,23452,1500,Comprehensive,1781.65,250,15,1,456,76752,0,0
1076,32,Female,Single,PhD,Unemployed,Rural,10,0,0,2010,14,BMW,Pickup,Petrol,6176,2000,Standard,1154.17,1000,14,1,356,190924,3,0
1077,47,Female,Divorced,Master,Employed,Rural,26,0,0,2011,13,Audi,Coupe,Petrol,31822,2500,Comprehensive,1760.12,250,14,1,515,136312,2,0
1078,22,Female,Widowed,None,Employed,Rural,0,0,1,2024,0,Volkswagen,SUV,Hybrid,32091,1800,Comprehensive,1011.65,2000,8,1,510,152658,0,1
1079,48,Female,Single,Bachelor,Self-Employed,Rural,27,1,0,2024,0,Toyota,Minivan,Electric,29190,1200,Comprehensive,569.37,2000,11,1,400,148888,2,0
1080,19,Female,Single,PhD,Student,Rural,0,0,0,2019,5,Audi,SUV,Diesel,20762,2000,Comprehensive,1798.06,1500,9,0,529,87063,3,0
1081,72,Female,Divorced,None,Student,Urban,53,1,0,2020,4,Hyundai,Pickup,Hybrid,33254,1800,Comprehensive,2635.58,500,6,1,756,18478,3,0
1082,65,Male,Married,Bachelor,Employed,Suburban,45,0,0,2015,9,Chevrolet,Minivan,Petrol,16713,1200,Basic,1716.95,2000,10,0,828,86787,2,0
1083,20,Female,Divorced,None,Unemployed,Urban,2,4,0,2014,10,Chevrolet,Sedan,Petrol,29659,1200,Basic,2940,1000,14,0,503,120013,2,1
1084,66,Female,Single,High School,Unemployed,Rural,45,2,0,2019,5,Nissan,Sedan,Diesel,12606,2000,Standard,2471.6,1000,6,1,824,91525,0,0
1085,54,Female,Single,Bachelor,Student,Rural,33,3,2,2007,17,Volkswagen,SUV,Diesel,25091,1500,Basic,2347.63,2000,11,0,421,108078,2,1
1086,28,Male,Widowed,Bachelor,Employed,Rural,7,3,1,2011,13,Toyota,SUV,Petrol,15860,1800,Comprehensive,2087.1,500,14,0,532,60888,1,1
1087,41,Male,Divorced,Master,Unemployed,Urban,19,0,0,2019,5,BMW,Hatchback,Electric,31041,1500,Standard,2214.35,1500,3,0,653,180724,2,0
1088,59,Male,Widowed,Master,Unemployed,Urban,38,0,0,2005,19,Ford,SUV,Petrol,21830,2000,Standard,1824.27,250,11,1,401,74749,3,1
1089,48,Female,Single,None,Retired,Rural,29,1,2,2014,10,Toyota,Minivan,Diesel,24381,2500,Basic,1747.24,1000,11,0,506,22516,3,0
1090,72,Female,Single,None,Unemployed,Suburban,49,2,0,2011,13,Volkswagen,Pickup,Hybrid,20062,1200,Comprehensive,1319.4,1500,7,1,379,15392,0,1
1091,33,Female,Married,High School,Self-Employed,Urban,14,1,5,2013,11,Audi,Coupe,Petrol,7371,2500,Basic,2258.03,1500,9,0,731,142984,1,0
1092,24,Female,Widowed,None,Employed,Suburban,5,1,0,2017,7,Honda,Hatchback,Electric,5881,1800,Basic,962.35,1000,2,1,611,118665,3,0
1093,37,Male,Widowed,High School,Employed,Rural,16,0,1,2017,7,BMW,Sedan,Electric,29086,3000,Standard,2712.8,1000,6,0,487,142393,2,0
1094,74,Female,Single,Master,Unemployed,Urban,56,0,2,2022,2,Hyundai,Sedan,Diesel,29345,2500,Standard,471.57,500,14,1,595,194135,0,0
1095,48,Male,Married,None,Unemployed,Urban,26,0,0,2012,12,BMW,Sedan,Electric,16835,1500,Comprehensive,2295.13,250,6,1,599,167111,3,1
1096,34,Female,Widowed,None,Retired,Urban,16,0,1,2014,10,Toyota,Coupe,Electric,14352,1500,Standard,2056.71,1500,2,0,353,198072,2,0
1097,21,Male,Single,None,Student,Urban,3,0,1,2015,9,Honda,Sedan,Electric,12498,1800,Comprehensive,1413.89,250,13,0,797,158786,0,0
1098,20,Female,Divorced,PhD,Retired,Urban,0,1,2,2018,6,Nissan,Minivan,Petrol,9678,2500,Comprehensive,2072.67,500,15,0,681,84016,0,0
1099,18,Female,Single,High School,Self-Employed,Urban,0,0,1,2015,9,Hyundai,Minivan,Petrol,27127,1500,Basic,754.14,250,2,1,457,22158,1,1
1100,22,Female,Divorced,None,Unemployed,Urban,4,0,2,2018,6,BMW,SUV,Diesel,9218,1200,Basic,1050.26,250,6,0,433,63284,2,1
1101,59,Male,Single,None,Employed,Urban,41,1,0,2014,10,BMW,SUV,Petrol,11305,1500,Basic,1281.77,2000,7,0,519,56503,0,0
1102,39,Female,Divorced,Master,Self-Employed,Urban,19,0,0,2014,10,Audi,Pickup,Hybrid,30986,1000,Standard,1875.85,1500,7,0,574,60578,2,0
1103,55,Female,Married,PhD,Student,Rural,32,0,2,2012,12,Mercedes,Minivan,Electric,10811,2000,Basic,1261.77,250,6,0,692,120980,1,0
1104,72,Male,Divorced,PhD,Student,Urban,52,1,2,2021,3,Toyota,Coupe,Hybrid,18647,1500,Standard,1576.38,1000,4,0,714,167464,2,1
1105,67,Female,Widowed,PhD,Retired,Rural,48,0,1,2018,6,Ford,Minivan,Electric,29508,1500,Standard,846.88,1500,8,0,604,42068,1,1
1106,73,Female,Married,None,Self-Employed,Suburban,53,0,1,2018,6,Nissan,Hatchback,Hybrid,13072,2000,Basic,1414.99,250,7,0,603,163244,1,0
1107,57,Male,Widowed,High School,Retired,Urban,34,3,0,2017,7,Nissan,Minivan,Diesel,27761,1800,Basic,961.08,1500,13,0,785,49288,1,1
1108,71,Male,Single,Master,Unemployed,Rural,50,2,3,2005,19,Nissan,SUV,Hybrid,28983,1500,Basic,618.13,250,5,1,501,170229,2,0
1109,46,Female,Married,Master,Retired,Urban,23,1,2,2010,14,Volkswagen,Minivan,Electric,16287,2000,Basic,2776.33,500,10,0,771,51357,2,0
1110,69,Female,Single,Bachelor,Student,Rural,49,0,1,2008,16,Ford,Minivan,Hybrid,28020,3000,Comprehensive,1088.76,1500,2,1,762,191222,0,0
1111,53,Male,Married,Master,Self-Employed,Rural,35,0,3,2008,16,Ford,Hatchback,Petrol,8722,1500,Comprehensive,966.63,2000,5,0,383,66036,0,1
1112,48,Female,Widowed,Bachelor,Retired,Rural,30,0,2,2022,2,Mercedes,Sedan,Petrol,7331,2500,Standard,1921.34,250,2,1,393,42192,1,0
1113,55,Male,Single,High School,Retired,Rural,36,2,0,2021,3,Nissan,Pickup,Hybrid,8901,1500,Comprehensive,2997.98,250,15,0,552,91540,0,0
1114,67,Male,Divorced,None,Retired,Suburban,45,0,0,2006,18,BMW,Hatchback,Diesel,7447,1800,Comprehensive,1590.75,250,8,0,510,157487,1,1
1115,24,Male,Widowed,High School,Self-Employed,Urban,1,0,1,2005,19,Ford,Hatchback,Hybrid,26922,2500,Basic,2920.75,2000,9,0,596,39121,0,0
1116,47,Female,Divorced,Bachelor,Student,Rural,29,1,1,2018,6,Chevrolet,Coupe,Electric,21084,1500,Standard,806.31,250,4,0,338,182025,1,0
1117,25,Female,Single,None,Retired,Urban,6,1,0,2014,10,Toyota,Sedan,Diesel,7700,3000,Basic,1195.04,1500,10,1,489,116852,0,0
1118,70,Female,Divorced,Bachelor,Retired,Urban,47,0,0,2007,17,Toyota,SUV,Electric,14273,1800,Basic,2822.44,1500,10,1,833,152812,3,0
1119,42,Female,Married,High School,Employed,Suburban,24,1,1,2015,9,Volkswagen,Pickup,Electric,26738,3000,Basic,1287.17,2000,5,0,488,132507,2,1
1120,43,Male,Divorced,PhD,Retired,Urban,23,0,0,2005,19,Toyota,Sedan,Electric,33148,3500,Standard,600.33,500,1,1,821,184943,4,0
1121,29,Female,Single,None,Student,Urban,11,0,1,2018,6,Volkswagen,Coupe,Petrol,27030,1500,Basic,1611.83,2000,3,0,783,121861,0,0
1122,25,Male,Divorced,Bachelor,Self-Employed,Urban,6,1,0,2022,2,Ford,Hatchback,Petrol,22565,1500,Standard,2639.09,2000,4,1,604,23375,0,1
1123,53,Female,Widowed,None,Employed,Urban,33,2,0,2008,16,BMW,Hatchback,Petrol,32067,2500,Standard,824.45,1500,15,0,468,183592,2,1
1124,68,Female,Divorced,High School,Retired,Suburban,46,4,1,2019,5,Nissan,SUV,Petrol,9182,3000,Basic,2599.02,250,15,1,404,178069,0,0
1125,39,Male,Divorced,High School,Unemployed,Suburban,20,1,1,2008,16,Mercedes,Hatchback,Hybrid,23208,1500,Standard,1077.16,500,9,0,479,37282,2,0
1126,57,Male,Single,PhD,Self-Employed,Suburban,36,4,1,2005,19,BMW,Pickup,Petrol,26877,1200,Basic,2524.55,2000,12,1,556,77796,3,1
1127,38,Female,Divorced,Master,Student,Suburban,16,1,1,2005,19,Nissan,Hatchback,Diesel,23871,2500,Basic,2552.11,2000,7,0,605,109184,3,0
1128,69,Female,Single,PhD,Employed,Rural,51,0,0,2012,12,BMW,Pickup,Electric,17165,1800,Basic,524.08,1000,3,1,724,39440,4,0
1129,53,Male,Divorced,None,Unemployed,Urban,34,0,1,2021,3,Mercedes,SUV,Hybrid,28687,1500,Comprehensive,733.97,2000,14,1,602,85609,1,0
1130,49,Male,Divorced,High School,Unemployed,Suburban,26,0,1,2013,11,Ford,SUV,Electric,21786,1000,Basic,1039.55,1500,12,0,615,43995,2,0
1131,73,Female,Single,Master,Unemployed,Suburban,53,0,2,2023,1,Toyota,Pickup,Diesel,32331,1800,Standard,340.36,1000,3,1,763,31104,0,0
1132,32,Male,Divorced,None,Retired,Suburban,13,3,2,2015,9,Nissan,SUV,Hybrid,12417,1000,Basic,2761.45,500,10,1,701,63187,3,0
1133,56,Male,Widowed,Bachelor,Employed,Suburban,36,3,1,2009,15,Toyota,Hatchback,Petrol,18345,1800,Basic,2743.97,1000,11,0,480,121461,1,1
1134,71,Male,Widowed,Bachelor,Self-Employed,Suburban,53,4,0,2012,12,Audi,SUV,Petrol,14898,1800,Standard,320.49,500,1,1,397,191009,2,1
1135,33,Male,Divorced,None,Self-Employed,Suburban,11,0,1,2005,19,Toyota,Minivan,Petrol,11022,2000,Comprehensive,1222.3,250,7,0,488,104263,1,0
1136,35,Female,Single,None,Retired,Suburban,13,0,1,2023,1,Audi,SUV,Diesel,5015,1500,Standard,2262.78,500,3,0,384,115943,2,0
1137,68,Male,Divorced,Master,Student,Suburban,47,1,2,2019,5,Toyota,Minivan,Petrol,25150,1500,Standard,828.69,2000,12,0,382,190657,1,1
1138,63,Female,Divorced,High School,Retired,Urban,40,0,2,2018,6,Honda,SUV,Petrol,30682,1800,Comprehensive,533.66,1000,8,0,716,188586,0,0
1139,21,Male,Married,Bachelor,Employed,Rural,3,0,1,2019,5,Toyota,Pickup,Hybrid,25729,1800,Standard,964.4,500,4,1,426,156335,1,1
1140,42,Female,Divorced,PhD,Self-Employed,Suburban,24,0,2,2024,0,Mercedes,SUV,Petrol,6312,1000,Comprehensive,961.07,1000,13,0,850,163006,3,1
1141,62,Male,Married,Bachelor,Retired,Suburban,42,1,1,2017,7,Volkswagen,Coupe,Diesel,9155,3500,Comprehensive,2226.74,250,8,0,808,123195,1,1
1142,75,Male,Married,High School,Employed,Urban,55,1,0,2017,7,Hyundai,SUV,Hybrid,17875,1500,Standard,1501.81,500,14,1,365,52879,1,0
1143,38,Female,Married,Bachelor,Student,Suburban,15,0,3,2017,7,Audi,Pickup,Hybrid,13525,1800,Comprehensive,1092.46,1500,3,0,585,166455,0,0
1144,25,Male,Divorced,PhD,Self-Employed,Suburban,7,3,1,2023,1,Volkswagen,Hatchback,Hybrid,22492,3000,Basic,686.09,250,14,1,429,132259,3,0
1145,29,Male,Divorced,High School,Unemployed,Suburban,7,1,0,2013,11,Ford,Sedan,Diesel,23858,1200,Standard,2645.43,1000,15,0,490,53625,3,1
1146,53,Male,Divorced,Master,Student,Rural,31,0,2,2016,8,Honda,Coupe,Electric,27875,2000,Standard,365.41,500,11,0,395,91704,1,0
1147,27,Male,Married,PhD,Self-Employed,Rural,9,3,1,2013,11,Hyundai,Sedan,Hybrid,20998,1500,Comprehensive,1502.22,1500,4,1,524,190873,0,0
1148,69,Female,Married,High School,Employed,Urban,50,2,2,2005,19,Toyota,Minivan,Electric,21494,3000,Basic,1346.79,1000,13,0,509,70709,1,1
1149,19,Male,Widowed,PhD,Employed,Rural,0,0,2,2013,11,Audi,Hatchback,Hybrid,33727,3000,Basic,364.87,1000,15,1,586,163965,2,1
1150,27,Female,Divorced,High School,Unemployed,Urban,7,0,1,2005,19,Honda,Sedan,Electric,14560,1500,Standard,1231.45,2000,12,0,349,71816,4,0
1151,54,Male,Divorced,Master,Employed,Urban,34,0,0,2016,8,Volkswagen,Pickup,Electric,7485,2000,Standard,815.52,250,5,0,788,96341,1,0
1152,21,Male,Single,None,Employed,Urban,0,0,0,2014,10,Chevrolet,Sedan,Hybrid,32551,2500,Comprehensive,1008.11,250,15,0,458,136265,3,0
1153,43,Male,Widowed,High School,Student,Urban,25,0,3,2018,6,Nissan,Pickup,Petrol,7791,1800,Standard,2531.82,1500,8,1,833,67943,2,1
1154,73,Male,Divorced,High School,Retired,Rural,54,0,0,2022,2,Honda,Coupe,Electric,18827,1500,Comprehensive,704.87,1000,4,1,545,79871,2,0
1155,66,Male,Divorced,Bachelor,Student,Suburban,43,0,0,2020,4,Hyundai,Coupe,Petrol,7180,2000,Comprehensive,2498.84,1500,7,1,513,16127,3,0
1156,18,Male,Divorced,Bachelor,Self-Employed,Suburban,0,0,0,2023,1,Nissan,Minivan,Diesel,13357,1500,Comprehensive,1301.63,250,3,1,428,150753,1,1
1157,33,Male,Widowed,Bachelor,Employed,Rural,11,3,0,2005,19,Chevrolet,SUV,Diesel,20852,2000,Standard,1530.88,250,2,1,443,98634,0,0
1158,59,Female,Married,High School,Unemployed,Urban,41,0,0,2007,17,Toyota,SUV,Electric,9614,1200,Comprehensive,1083.72,500,15,0,657,187660,1,0
1159,60,Female,Widowed,High School,Unemployed,Rural,39,3,1,2023,1,Chevrolet,Sedan,Hybrid,16952,2000,Standard,1244.64,1500,7,1,716,92593,0,0
1160,61,Female,Married,Bachelor,Retired,Suburban,43,0,1,2009,15,Ford,Hatchback,Diesel,27100,1500,Comprehensive,1284.23,1500,10,0,486,48340,3,0
1161,66,Female,Married,None,Employed,Suburban,48,0,0,2012,12,Volkswagen,Sedan,Petrol,15963,1800,Comprehensive,1884.21,250,15,1,338,199051,0,1
1162,27,Female,Single,High School,Unemployed,Urban,8,0,1,2011,13,Mercedes,Pickup,Electric,24591,1800,Comprehensive,2779.99,500,4,1,595,148064,2,1
1163,23,Male,Single,Master,Unemployed,Suburban,2,1,2,2017,7,BMW,Minivan,Hybrid,25760,1500,Standard,2132.7,500,13,0,323,69439,0,0
1164,49,Male,Widowed,PhD,Retired,Urban,27,0,0,2015,9,Mercedes,Coupe,Diesel,28612,1800,Basic,1083.27,250,13,0,444,20450,2,0
1165,23,Female,Widowed,High School,Retired,Urban,1,0,1,2013,11,BMW,SUV,Hybrid,33751,1200,Comprehensive,847.88,250,15,0,540,98956,3,0
1166,31,Female,Married,High School,Employed,Urban,13,1,1,2021,3,Audi,Coupe,Diesel,7161,1800,Comprehensive,607.69,250,13,1,844,26758,0,0
1167,32,Female,Divorced,High School,Retired,Rural,10,1,1,2006,18,Audi,Minivan,Diesel,6617,3000,Comprehensive,895.69,1500,7,1,390,78554,2,1
1168,59,Male,Single,Bachelor,Self-Employed,Rural,36,0,0,2023,1,Mercedes,Pickup,Electric,30201,1800,Basic,2653.9,500,2,0,337,106449,2,0
1169,61,Male,Single,None,Student,Suburban,42,1,1,2014,10,Ford,Sedan,Petrol,29477,1500,Comprehensive,1439.91,500,8,1,664,184774,0,0
1170,43,Female,Widowed,PhD,Employed,Rural,22,0,2,2009,15,Nissan,Coupe,Diesel,18407,3000,Standard,1770.82,1000,1,0,706,182740,0,0
1171,29,Male,Married,PhD,Student,Suburban,8,0,1,2005,19,Audi,Minivan,Diesel,19665,2000,Basic,2863.93,1000,3,0,850,174697,0,0
1172,55,Male,Divorced,None,Unemployed,Urban,36,0,1,2020,4,Chevrolet,SUV,Hybrid,15574,3500,Standard,1326.49,250,9,0,678,154513,0,1
1173,63,Female,Single,PhD,Employed,Suburban,43,0,1,2023,1,Honda,SUV,Electric,33423,1500,Basic,1742.83,1500,2,0,615,152778,1,1
1174,67,Male,Single,None,Self-Employed,Suburban,47,1,1,2021,3,Chevrolet,Coupe,Hybrid,16455,2000,Basic,1991.44,250,13,0,500,19723,0,0
1175,27,Female,Single,High School,Unemployed,Suburban,4,0,0,2023,1,Toyota,Pickup,Electric,9890,3500,Basic,913.07,500,7,0,421,181196,2,0
1176,74,Male,Single,PhD,Self-Employed,Urban,55,2,2,2017,7,Volkswagen,SUV,Electric,27994,2500,Standard,1281.4,1500,13,1,325,197789,3,1
1177,23,Female,Divorced,PhD,Unemployed,Suburban,2,1,2,2013,11,Toyota,Minivan,Hybrid,22784,3000,Basic,1277.09,1000,5,1,524,81685,1,1
1178,45,Female,Divorced,None,Self-Employed,Rural,22,2,1,2014,10,Nissan,Minivan,Diesel,26671,3000,Standard,2068.27,1500,11,0,726,144636,0,0
1179,71,Female,Divorced,Bachelor,Self-Employed,Urban,48,2,0,2021,3,Chevrolet,Sedan,Electric,12985,1200,Comprehensive,1402.99,2000,9,0,557,93844,0,0
1180,45,Female,Single,Master,Employed,Rural,25,0,0,2006,18,Audi,SUV,Electric,18136,1800,Comprehensive,2521.38,250,8,0,587,60145,3,0
1181,66,Male,Single,PhD,Student,Urban,43,0,0,2023,1,Hyundai,Hatchback,Electric,26854,2000,Comprehensive,312.93,2000,15,0,364,125548,0,0
1182,40,Male,Divorced,High School,Self-Employed,Rural,17,1,0,2015,9,Toyota,Minivan,Diesel,23426,1200,Basic,1227.23,250,3,1,571,194248,2,0
1183,70,Male,Widowed,None,Retired,Urban,52,1,1,2008,16,Honda,SUV,Diesel,26522,1500,Basic,1041.88,500,7,1,489,135774,3,1
1184,61,Female,Married,Master,Employed,Rural,43,0,0,2021,3,BMW,Coupe,Electric,16421,1500,Basic,1000.77,1500,1,0,537,99981,0,0
1185,75,Female,Divorced,Master,Retired,Rural,56,1,1,2018,6,Ford,Pickup,Diesel,22819,2500,Standard,1530.19,500,8,1,694,40026,4,1
1186,38,Female,Divorced,PhD,Self-Employed,Suburban,18,2,0,2018,6,Toyota,Coupe,Electric,22226,1200,Comprehensive,1493.6,500,1,0,734,164689,0,0
1187,45,Male,Single,Bachelor,Unemployed,Rural,25,3,0,2020,4,Toyota,Hatchback,Electric,6064,2000,Comprehensive,1961.97,2000,9,0,428,192518,2,1
1188,69,Male,Married,Bachelor,Retired,Urban,47,2,1,2006,18,Mercedes,Coupe,Electric,32859,3000,Comprehensive,1087.73,500,1,0,678,174332,3,1
1189,72,Male,Married,Bachelor,Employed,Urban,52,0,0,2016,8,Chevrolet,Pickup,Hybrid,11055,1800,Basic,597.54,1000,5,0,592,179812,0,0
1190,51,Male,Divorced,Bachelor,Student,Rural,31,0,2,2006,18,Ford,Minivan,Hybrid,20848,1200,Comprehensive,589.45,250,7,0,417,191461,4,0
1191,42,Female,Single,PhD,Self-Employed,Urban,20,0,0,2024,0,Honda,Minivan,Petrol,28958,1800,Basic,2514.26,500,3,0,552,119089,2,1
1192,31,Female,Widowed,PhD,Employed,Urban,11,0,1,2019,5,Chevrolet,Sedan,Hybrid,26085,1500,Comprehensive,2299.31,250,6,0,357,81662,0,1
1193,29,Male,Married,PhD,Unemployed,Urban,7,0,1,2011,13,Mercedes,Minivan,Electric,33852,1000,Comprehensive,1153.76,1500,8,1,348,77322,2,1
1194,67,Male,Divorced,PhD,Student,Rural,47,0,0,2009,15,BMW,Pickup,Petrol,6463,1000,Basic,2541.28,500,8,0,373,27705,3,0
1195,33,Male,Divorced,PhD,Employed,Urban,11,0,0,2008,16,BMW,Coupe,Diesel,16850,2000,Basic,385.12,2000,12,0,378,191191,1,1
1196,44,Male,Widowed,High School,Self-Employed,Rural,22,1,1,2020,4,BMW,Minivan,Hybrid,24668,1000,Comprehensive,1677.76,1000,11,1,738,141390,0,1
1197,23,Female,Single,High School,Student,Urban,2,0,0,2022,2,Hyundai,Sedan,Electric,8414,1200,Standard,317.33,1000,2,0,382,178110,0,0
1198,41,Female,Divorced,PhD,Unemployed,Suburban,22,1,0,2017,7,Honda,Coupe,Diesel,19860,1800,Basic,938.08,1500,12,0,813,146196,1,1
1199,55,Female,Widowed,High School,Self-Employed,Rural,34,1,0,2019,5,Nissan,SUV,Petrol,17198,1500,Basic,1538.67,500,9,1,593,27199,0,1
1200,63,Female,Widowed,High School,Retired,Suburban,42,2,0,2018,6,BMW,Minivan,Diesel,5027,1500,Comprehensive,598.21,1500,7,0,605,60643,2,1
1201,50,Male,Single,None,Student,Rural,27,0,2,2018,6,Mercedes,Pickup,Petrol,32581,1500,Standard,1318.19,2000,7,1,322,71741,1,0
1202,32,Male,Single,Master,Unemployed,Urban,11,1,3,2012,12,Volkswagen,Minivan,Diesel,27613,2500,Standard,1856.96,500,12,0,416,188361,2,1
1203,39,Male,Divorced,High School,Employed,Suburban,21,0,3,2009,15,Audi,Sedan,Petrol,22800,1800,Basic,1686.62,1000,8,0,831,65483,0,0
1204,46,Female,Single,PhD,Retired,Rural,25,0,1,2021,3,Mercedes,Coupe,Hybrid,34307,1500,Comprehensive,1511.75,2000,1,1,465,50342,0,1
1205,72,Female,Divorced,PhD,Retired,Rural,49,0,1,2008,16,Toyota,Pickup,Petrol,21138,1500,Comprehensive,2606.22,1000,7,0,396,121937,0,1
1206,41,Female,Widowed,Bachelor,Student,Urban,20,1,1,2011,13,Chevrolet,Coupe,Petrol,7905,1800,Basic,1719,2000,11,0,701,154041,4,1
1207,66,Male,Single,PhD,Employed,Suburban,45,0,2,2010,14,Honda,Pickup,Diesel,31295,3500,Basic,1438.3,250,13,0,378,138261,2,0
1208,35,Male,Single,Master,Unemployed,Urban,16,0,0,2016,8,Mercedes,Hatchback,Electric,21499,1500,Comprehensive,1436.96,500,11,0,456,141308,3,0
1209,31,Male,Married,Master,Retired,Urban,10,2,0,2024,0,Ford,Hatchback,Petrol,25622,2000,Standard,2546.59,1500,15,0,408,199343,4,0
1210,43,Male,Single,None,Student,Urban,21,1,0,2008,16,BMW,Minivan,Electric,15431,1500,Standard,1351.95,250,10,0,308,138284,2,0
1211,65,Female,Single,None,Student,Rural,42,0,2,2023,1,Nissan,Pickup,Diesel,25631,1500,Comprehensive,386.7,2000,10,0,410,135822,1,0
1212,30,Female,Single,PhD,Student,Rural,12,0,0,2024,0,Chevrolet,SUV,Hybrid,19838,1000,Comprehensive,667.43,1500,11,0,600,17937,2,0
1213,26,Male,Married,Master,Employed,Rural,4,0,2,2012,12,Toyota,Pickup,Diesel,11056,2000,Standard,1144.21,250,2,0,617,91071,0,0
1214,53,Female,Married,High School,Self-Employed,Rural,33,0,2,2016,8,Toyota,Minivan,Electric,19392,1500,Comprehensive,2715,250,2,1,366,103175,1,1
1215,54,Female,Single,Master,Student,Suburban,35,1,1,2007,17,BMW,Pickup,Petrol,15483,1500,Comprehensive,662.43,1000,2,0,820,61945,1,1
1216,67,Male,Single,Bachelor,Retired,Suburban,47,1,0,2023,1,Audi,SUV,Petrol,25780,3000,Basic,1596.77,1500,7,1,477,59008,2,1
1217,23,Female,Single,High School,Unemployed,Urban,1,1,2,2012,12,Mercedes,SUV,Electric,26420,2000,Basic,1093.95,1500,7,0,824,64236,0,1
1218,61,Male,Married,Master,Self-Employed,Suburban,41,0,3,2021,3,Volkswagen,Pickup,Electric,28974,1000,Standard,2395.32,1000,13,1,479,89521,0,0
1219,42,Male,Divorced,Master,Employed,Suburban,22,0,2,2005,19,Audi,Hatchback,Diesel,29874,2500,Comprehensive,2739.23,2000,13,1,578,140725,3,0
1220,33,Female,Widowed,Master,Retired,Urban,13,1,2,2020,4,Volkswagen,Hatchback,Petrol,13474,1800,Comprehensive,1712.19,250,1,1,580,50749,2,0
1221,31,Female,Divorced,None,Student,Rural,10,0,0,2019,5,Audi,Coupe,Electric,19974,1000,Comprehensive,587.53,250,14,1,352,37283,3,0
1222,23,Male,Single,Bachelor,Unemployed,Suburban,0,3,0,2015,9,Volkswagen,Pickup,Electric,18724,1800,Standard,300.14,1000,2,1,320,194889,0,1
1223,54,Male,Married,Master,Self-Employed,Suburban,32,2,5,2023,1,Nissan,Hatchback,Petrol,33932,3500,Standard,1175.35,250,11,1,718,122093,3,1
1224,49,Female,Divorced,High School,Self-Employed,Rural,26,2,2,2022,2,Volkswagen,Sedan,Hybrid,32244,2000,Comprehensive,753.11,1000,13,1,427,93816,4,0
1225,39,Male,Married,None,Retired,Rural,18,0,0,2017,7,Mercedes,Coupe,Petrol,25617,1500,Basic,1696.71,1000,10,0,716,161613,3,0
1226,30,Female,Divorced,Bachelor,Employed,Rural,12,0,0,2009,15,Chevrolet,Coupe,Hybrid,24696,1500,Comprehensive,2051.01,250,13,1,815,111697,0,0
1227,63,Female,Widowed,Master,Unemployed,Suburban,42,0,0,2015,9,Volkswagen,SUV,Petrol,11366,2000,Basic,985.07,1000,4,1,712,148344,3,0
1228,65,Male,Married,High School,Unemployed,Urban,42,3,0,2016,8,Chevrolet,Minivan,Hybrid,7909,1800,Comprehensive,2735.88,1500,15,0,427,132047,1,0
1229,47,Female,Widowed,Bachelor,Student,Urban,26,0,0,2022,2,Hyundai,Minivan,Petrol,21693,1800,Comprehensive,2770.04,2000,8,1,571,144969,4,0
1230,57,Female,Divorced,Bachelor,Retired,Rural,34,0,1,2011,13,Chevrolet,Minivan,Hybrid,30795,1500,Basic,2898.22,500,8,1,776,125072,2,1
1231,27,Male,Widowed,PhD,Student,Suburban,9,0,0,2011,13,Mercedes,Sedan,Petrol,15390,2000,Basic,2059.7,500,1,0,333,183650,2,0
1232,35,Male,Widowed,Master,Student,Suburban,12,0,0,2014,10,Mercedes,Hatchback,Diesel,22214,3500,Standard,2067.67,1500,6,0,650,62262,3,0
1233,26,Female,Widowed,High School,Employed,Urban,6,0,2,2023,1,Honda,Sedan,Petrol,29104,1500,Standard,1879.27,1000,14,1,379,35621,2,0
1234,50,Female,Divorced,High School,Employed,Rural,32,1,0,2011,13,Chevrolet,Hatchback,Hybrid,18971,1000,Comprehensive,1127.31,1500,7,0,822,183515,2,0
1235,49,Male,Divorced,PhD,Unemployed,Suburban,28,1,2,2017,7,Nissan,SUV,Petrol,29260,1500,Basic,1295.92,1000,10,1,317,153085,2,1
1236,62,Male,Married,High School,Self-Employed,Rural,39,0,0,2014,10,Toyota,Hatchback,Electric,32465,1800,Basic,1982.48,1500,3,0,368,81421,0,1
1237,52,Female,Widowed,High School,Retired,Suburban,32,0,0,2022,2,Audi,Sedan,Electric,19869,2000,Comprehensive,1216.88,1000,8,1,609,48607,0,0
1238,34,Female,Single,High School,Self-Employed,Rural,15,1,0,2012,12,Hyundai,Sedan,Hybrid,18553,1500,Standard,1593.48,250,4,0,508,111067,0,0
1239,18,Male,Divorced,None,Retired,Urban,0,2,5,2015,9,Nissan,Sedan,Electric,11882,3000,Comprehensive,2394.71,1000,11,0,421,143177,2,1
1240,69,Male,Divorced,High School,Self-Employed,Rural,48,0,2,2008,16,Volkswagen,Pickup,Electric,29834,2000,Basic,1752.7,250,10,0,618,154589,2,0
1241,53,Male,Single,Bachelor,Unemployed,Urban,33,2,0,2009,15,Audi,SUV,Electric,34973,1200,Comprehensive,1942.32,1000,10,1,547,28637,3,0
1242,24,Male,Single,None,Retired,Urban,3,2,0,2007,17,Mercedes,Minivan,Hybrid,7887,1200,Basic,1197.32,1000,6,0,355,31455,1,1
1243,37,Female,Single,PhD,Student,Rural,19,1,0,2006,18,Audi,Minivan,Hybrid,16814,1800,Standard,2091.84,1000,6,1,716,128287,0,0
1244,38,Female,Single,None,Self-Employed,Rural,16,0,0,2024,0,Audi,Hatchback,Electric,10003,1000,Standard,2147.98,2000,15,0,323,124930,4,0
1245,65,Female,Widowed,None,Employed,Urban,47,2,2,2021,3,Ford,SUV,Electric,9390,2500,Basic,1392.14,500,7,0,455,195096,0,0
1246,40,Female,Married,PhD,Unemployed,Rural,19,3,0,2011,13,Mercedes,Pickup,Petrol,29436,1000,Standard,1835.5,500,11,1,804,48949,2,0
1247,47,Male,Married,Bachelor,Self-Employed,Urban,29,3,1,2013,11,Nissan,Hatchback,Hybrid,29085,1200,Basic,1802.55,250,3,1,390,92395,1,0
1248,69,Male,Divorced,None,Employed,Rural,50,2,3,2017,7,Toyota,Pickup,Petrol,14438,1800,Basic,2436.5,500,5,0,728,109008,3,0
1249,34,Female,Widowed,None,Retired,Urban,11,1,0,2007,17,Nissan,Minivan,Electric,19275,1500,Comprehensive,1000.88,250,2,1,637,179365,3,0
1250,26,Male,Widowed,None,Unemployed,Rural,5,1,0,2018,6,Audi,Coupe,Diesel,7427,1500,Comprehensive,2889.25,1500,11,0,441,170078,0,1
1251,64,Male,Widowed,High School,Retired,Suburban,42,0,1,2007,17,Audi,Coupe,Petrol,12022,1800,Basic,1189.03,1000,14,1,551,161831,0,0
1252,36,Female,Single,None,Employed,Suburban,15,2,1,2016,8,BMW,Hatchback,Hybrid,9199,1800,Comprehensive,1267.7,250,12,1,785,71374,2,0
1253,39,Male,Married,PhD,Student,Urban,17,0,1,2021,3,Volkswagen,Minivan,Hybrid,32351,2000,Standard,2159.67,500,10,0,676,188941,4,0
1254,29,Male,Married,None,Employed,Urban,7,0,0,2011,13,Toyota,Pickup,Electric,18995,1800,Standard,2140.07,1500,8,1,807,146696,0,0
1255,35,Female,Married,PhD,Retired,Rural,15,1,2,2020,4,Hyundai,SUV,Petrol,12571,1500,Basic,519.13,1500,6,1,637,172207,2,0
1256,62,Female,Divorced,None,Student,Suburban,44,3,0,2014,10,Nissan,Pickup,Diesel,19042,1800,Basic,2565.38,250,13,1,734,82416,1,1
1257,68,Female,Single,Master,Student,Suburban,50,1,0,2024,0,Volkswagen,SUV,Petrol,34934,2500,Comprehensive,2879.62,1000,12,0,362,43903,1,1
1258,66,Female,Widowed,Bachelor,Self-Employed,Suburban,47,0,0,2022,2,BMW,Hatchback,Diesel,20715,1500,Comprehensive,431.81,2000,13,1,746,186679,2,0
1259,69,Male,Divorced,High School,Self-Employed,Urban,49,1,0,2015,9,BMW,Pickup,Diesel,17279,2000,Comprehensive,1377.66,1500,2,1,634,83475,0,0
1260,40,Male,Married,PhD,Employed,Rural,19,0,0,2017,7,Ford,Pickup,Diesel,6575,2000,Comprehensive,856.77,1000,10,0,409,172103,2,0
1261,70,Female,Widowed,PhD,Self-Employed,Rural,50,1,0,2007,17,Hyundai,Hatchback,Diesel,23254,1500,Basic,2118.66,1500,6,1,442,38420,3,1
1262,31,Female,Widowed,PhD,Unemployed,Suburban,11,1,0,2022,2,Audi,Sedan,Hybrid,32201,1500,Comprehensive,2409.45,2000,12,0,816,31953,1,0
1263,22,Male,Divorced,Master,Employed,Suburban,0,1,0,2008,16,Volkswagen,Hatchback,Diesel,22039,2000,Basic,1696.84,1000,11,1,578,130336,1,1
1264,55,Male,Widowed,High School,Retired,Suburban,35,1,0,2011,13,Mercedes,SUV,Hybrid,22597,1800,Standard,574.99,1500,13,0,444,15700,3,1
1265,75,Male,Widowed,PhD,Self-Employed,Suburban,57,0,0,2019,5,Chevrolet,Sedan,Petrol,26757,1000,Basic,2864.32,1000,8,1,534,90428,2,1
1266,70,Female,Widowed,Bachelor,Self-Employed,Suburban,50,0,1,2017,7,Mercedes,Sedan,Diesel,16226,1500,Comprehensive,2011.48,1000,2,1,846,101192,3,0
1267,31,Female,Married,Bachelor,Self-Employed,Rural,11,3,0,2005,19,Audi,Hatchback,Hybrid,29472,1800,Standard,1277.74,2000,2,1,712,26615,0,0
1268,51,Female,Single,Bachelor,Student,Urban,32,0,1,2014,10,Chevrolet,Sedan,Electric,5597,1800,Standard,1381.21,2000,8,0,560,144158,2,0
1269,69,Male,Divorced,High School,Unemployed,Suburban,46,0,0,2006,18,Nissan,Minivan,Diesel,21361,3000,Standard,2227.49,1500,1,0,772,21658,0,0
1270,24,Male,Single,PhD,Retired,Rural,1,0,2,2008,16,Chevrolet,Minivan,Petrol,17557,1800,Comprehensive,1028.22,250,8,1,482,153674,1,0
1271,43,Male,Single,Master,Unemployed,Urban,20,0,2,2023,1,Volkswagen,Pickup,Hybrid,27179,1500,Basic,2434.58,1500,4,1,664,199347,2,0
1272,49,Male,Widowed,Bachelor,Self-Employed,Rural,27,0,1,2011,13,BMW,Hatchback,Petrol,29683,1200,Basic,500.91,500,1,1,617,58245,1,0
1273,57,Male,Widowed,PhD,Self-Employed,Suburban,36,1,1,2018,6,Chevrolet,Sedan,Electric,22044,3500,Basic,2199.7,250,11,0,767,191565,2,0
1274,67,Female,Divorced,None,Self-Employed,Suburban,49,0,5,2015,9,Ford,Minivan,Hybrid,12775,2500,Standard,2486.4,1000,12,0,444,147796,3,0
1275,45,Male,Single,Bachelor,Self-Employed,Urban,26,0,1,2010,14,Hyundai,SUV,Hybrid,7706,3000,Comprehensive,1620.93,2000,10,0,641,177187,3,0
1276,66,Female,Widowed,Master,Retired,Suburban,46,1,0,2015,9,Mercedes,Hatchback,Petrol,8584,1800,Comprehensive,1737.27,1000,2,0,691,133002,0,0
1277,61,Female,Married,High School,Self-Employed,Rural,38,1,0,2023,1,BMW,Pickup,Hybrid,21809,1500,Basic,1750.06,1000,14,1,382,83202,1,1
1278,22,Female,Married,Bachelor,Self-Employed,Suburban,2,4,2,2008,16,Ford,Pickup,Diesel,22750,1500,Standard,330.83,250,9,1,704,91304,1,1
1279,18,Female,Widowed,PhD,Employed,Rural,0,1,0,2024,0,Hyundai,Sedan,Hybrid,18797,2000,Comprehensive,2563.51,1500,3,0,810,53609,0,0
1280,72,Female,Single,Master,Employed,Rural,51,2,0,2012,12,Ford,Pickup,Electric,26441,1500,Standard,993.1,1500,8,1,411,169356,2,1
1281,75,Male,Single,PhD,Retired,Rural,57,3,1,2020,4,Toyota,SUV,Electric,9282,1500,Comprehensive,2994.73,2000,8,0,426,159785,0,0
1282,53,Male,Married,PhD,Unemployed,Urban,31,0,3,2019,5,Mercedes,SUV,Petrol,15882,3000,Basic,1915.58,1500,12,0,649,60055,1,1
1283,45,Male,Widowed,Master,Retired,Rural,27,0,2,2024,0,BMW,SUV,Electric,22866,1500,Comprehensive,2534.4,500,11,0,304,122021,1,1
1284,72,Male,Widowed,Master,Retired,Suburban,51,1,1,2016,8,Honda,Sedan,Diesel,29064,1200,Basic,2749.83,250,3,0,493,37749,2,1
1285,55,Female,Single,Bachelor,Retired,Rural,34,0,3,2007,17,Chevrolet,Minivan,Petrol,11299,1000,Standard,1650.86,250,15,1,375,48965,0,0
1286,42,Male,Divorced,High School,Student,Suburban,20,2,1,2022,2,Audi,Hatchback,Diesel,12833,1800,Comprehensive,998.94,2000,8,1,768,136841,3,0
1287,21,Male,Widowed,Master,Self-Employed,Suburban,1,3,1,2023,1,Chevrolet,Minivan,Diesel,32615,1200,Standard,2352.82,250,4,0,481,84257,2,1
1288,64,Female,Divorced,PhD,Retired,Suburban,46,1,0,2013,11,Nissan,Sedan,Electric,27967,2500,Standard,2258.48,500,14,0,394,105292,1,0
1289,72,Female,Married,PhD,Employed,Suburban,50,1,1,2016,8,Audi,Minivan,Electric,31304,1800,Basic,584,250,8,1,701,95392,3,1
1290,40,Female,Divorced,PhD,Self-Employed,Rural,18,1,0,2017,7,Audi,SUV,Electric,21610,1500,Comprehensive,366.77,500,10,0,819,82586,4,0
1291,72,Female,Widowed,High School,Student,Suburban,49,1,1,2018,6,Honda,SUV,Diesel,18427,2000,Standard,391.18,1500,15,1,767,130089,2,0
1292,66,Male,Widowed,Bachelor,Student,Urban,45,0,0,2019,5,Honda,Minivan,Petrol,6807,3000,Basic,2968.56,250,3,1,476,64134,2,1
1293,75,Male,Divorced,Bachelor,Self-Employed,Urban,56,1,1,2006,18,Ford,SUV,Diesel,13265,1500,Basic,2426.24,250,14,1,564,74392,2,1
1294,59,Male,Married,Master,Student,Rural,38,0,0,2014,10,Honda,SUV,Electric,12944,1800,Basic,389.12,1500,14,1,559,154214,3,0
1295,36,Female,Divorced,Bachelor,Employed,Urban,14,1,1,2021,3,Toyota,Hatchback,Diesel,16865,1500,Standard,2742.19,2000,13,0,631,79901,4,0
1296,37,Male,Divorced,Master,Employed,Suburban,15,2,3,2022,2,Nissan,Minivan,Hybrid,22837,1500,Comprehensive,787.15,500,12,0,472,47071,0,1
1297,75,Male,Divorced,None,Student,Suburban,56,3,1,2009,15,Nissan,Pickup,Hybrid,10225,3000,Comprehensive,1642.07,250,5,0,617,163736,1,1
1298,25,Female,Widowed,Master,Retired,Urban,4,0,0,2010,14,Nissan,Coupe,Petrol,20433,1000,Standard,512.17,250,3,1,619,103729,2,1
1299,61,Male,Single,High School,Student,Suburban,41,0,0,2017,7,Mercedes,Coupe,Hybrid,25300,1200,Comprehensive,484.01,1000,7,1,434,137281,1,0
1300,67,Male,Divorced,Bachelor,Student,Rural,44,1,0,2010,14,Toyota,SUV,Hybrid,6815,1800,Standard,1089.36,2000,15,0,506,18511,2,0
1301,49,Male,Married,None,Self-Employed,Suburban,27,1,0,2006,18,Honda,Hatchback,Electric,19595,3500,Basic,918.62,1500,8,0,574,188974,2,0
1302,24,Female,Single,High School,Retired,Urban,1,0,0,2024,0,Chevrolet,Minivan,Diesel,5907,1800,Standard,498.76,500,1,0,458,159102,2,1
1303,63,Male,Widowed,High School,Retired,Rural,40,2,1,2023,1,Hyundai,Coupe,Diesel,24444,3000,Standard,1745.92,1000,15,1,427,35270,1,1
1304,46,Male,Divorced,None,Self-Employed,Urban,25,0,3,2014,10,Honda,Hatchback,Diesel,14798,1800,Standard,2532.16,2000,7,0,694,49153,1,1
1305,33,Male,Married,Master,Unemployed,Suburban,10,0,1,2018,6,Chevrolet,Pickup,Diesel,33897,2000,Standard,816.43,1000,4,1,611,178220,3,0
1306,28,Female,Divorced,PhD,Employed,Suburban,7,1,2,2012,12,Nissan,Minivan,Petrol,32358,1200,Comprehensive,426.56,500,5,0,603,47862,0,0
1307,44,Male,Single,High School,Unemployed,Suburban,26,1,0,2016,8,Chevrolet,SUV,Hybrid,18605,1200,Basic,1394.9,500,3,1,567,170687,0,1
1308,56,Male,Single,None,Employed,Rural,36,3,1,2006,18,Honda,Minivan,Electric,9859,1800,Basic,2849.4,250,13,1,488,62783,1,0
1309,34,Female,Divorced,PhD,Unemployed,Urban,16,1,1,2009,15,Audi,SUV,Diesel,15812,1800,Comprehensive,1036.82,1000,3,0,548,184706,2,0
1310,61,Female,Widowed,PhD,Employed,Suburban,42,2,0,2010,14,Ford,Pickup,Diesel,29305,1500,Comprehensive,2404.31,1500,6,0,343,68160,0,0
1311,54,Male,Single,PhD,Retired,Suburban,33,0,2,2014,10,Mercedes,SUV,Hybrid,21490,1800,Comprehensive,2205.3,1000,5,0,590,61146,2,1
1312,56,Male,Single,PhD,Student,Suburban,36,3,0,2011,13,Mercedes,SUV,Hybrid,24250,1000,Standard,2604.91,2000,14,0,655,60748,2,0
1313,32,Female,Widowed,Bachelor,Self-Employed,Rural,14,2,0,2020,4,BMW,Hatchback,Electric,13144,2000,Comprehensive,862.12,500,4,1,617,41599,3,1
1314,34,Male,Divorced,Bachelor,Student,Urban,16,0,0,2015,9,Honda,Pickup,Petrol,9112,1500,Basic,1181.96,250,8,0,674,108452,1,0
1315,21,Female,Single,Master,Self-Employed,Urban,0,2,1,2015,9,Volkswagen,Hatchback,Petrol,7578,1800,Basic,1302.61,1000,14,0,434,99080,0,0
1316,20,Female,Single,None,Employed,Urban,0,4,0,2005,19,Hyundai,Minivan,Diesel,28895,2000,Comprehensive,2894.69,250,10,1,412,102341,2,1
1317,49,Male,Widowed,PhD,Self-Employed,Urban,27,1,0,2013,11,Volkswagen,SUV,Petrol,32521,2000,Basic,2311.45,500,14,0,849,187263,1,0
1318,45,Male,Divorced,Bachelor,Employed,Urban,24,0,0,2006,18,Mercedes,SUV,Petrol,15302,1800,Comprehensive,1340.61,1000,11,1,756,135738,3,0
1319,61,Male,Widowed,High School,Unemployed,Urban,38,1,0,2006,18,Honda,Hatchback,Hybrid,29010,1200,Basic,2278.23,2000,3,1,825,152480,2,1
1320,20,Female,Widowed,High School,Student,Urban,0,0,0,2021,3,Chevrolet,Minivan,Electric,7903,1800,Comprehensive,1253.7,1500,15,0,658,179550,0,0
1321,39,Female,Married,PhD,Student,Urban,17,0,0,2009,15,Chevrolet,SUV,Petrol,28724,2000,Comprehensive,603.1,1000,8,0,497,135088,0,0
1322,19,Female,Married,High School,Unemployed,Urban,1,1,1,2021,3,Audi,Coupe,Electric,8382,2000,Standard,2937.74,2000,9,0,721,135966,3,1
1323,54,Male,Widowed,PhD,Unemployed,Rural,31,0,0,2022,2,Hyundai,Pickup,Petrol,7752,1800,Standard,1463.99,1000,11,1,711,69323,4,0
1324,66,Male,Single,PhD,Self-Employed,Rural,47,0,0,2016,8,Nissan,Hatchback,Hybrid,15855,2000,Basic,948.61,1500,12,1,793,78426,0,1
1325,62,Female,Single,None,Self-Employed,Suburban,44,0,1,2009,15,Toyota,Sedan,Diesel,13605,2000,Basic,2875.63,1000,6,1,324,187539,0,0
1326,55,Male,Single,None,Unemployed,Rural,36,1,0,2019,5,BMW,Coupe,Hybrid,9427,1500,Basic,1357.67,250,4,1,554,152927,0,0
1327,19,Male,Single,Master,Self-Employed,Suburban,0,1,1,2012,12,Toyota,Pickup,Electric,8485,1800,Comprehensive,1829.26,1500,6,1,723,116577,0,0
1328,62,Male,Divorced,High School,Unemployed,Rural,41,0,0,2019,5,Hyundai,Minivan,Hybrid,6824,1000,Basic,974.49,500,4,1,339,112591,1,0
1329,72,Male,Married,Master,Employed,Rural,52,0,1,2013,11,Honda,Coupe,Diesel,30303,2500,Basic,1209.4,1500,7,1,344,157151,3,0
1330,31,Male,Widowed,None,Unemployed,Suburban,11,0,1,2023,1,Nissan,Pickup,Diesel,18640,1200,Basic,1578.82,2000,6,1,610,94411,0,1
1331,34,Male,Divorced,None,Unemployed,Suburban,15,1,0,2019,5,BMW,Pickup,Petrol,14837,1500,Basic,2846.16,250,15,0,456,114682,2,0
1332,69,Male,Divorced,High School,Unemployed,Urban,46,1,0,2007,17,Toyota,Hatchback,Hybrid,30641,2000,Comprehensive,1833.22,250,14,0,428,97661,3,1
1333,56,Male,Divorced,PhD,Student,Rural,34,1,0,2007,17,Toyota,SUV,Electric,7572,1500,Basic,2340.17,2000,2,0,406,96802,0,0
1334,23,Male,Married,Master,Employed,Suburban,1,1,0,2019,5,Toyota,Coupe,Electric,18568,1000,Comprehensive,1042.2,250,13,1,764,41237,0,0
1335,47,Male,Single,High School,Self-Employed,Urban,27,2,0,2017,7,Mercedes,Hatchback,Hybrid,9100,3000,Basic,1535.86,1500,10,1,355,134273,2,1
1336,46,Female,Divorced,None,Unemployed,Rural,24,0,1,2012,12,BMW,Coupe,Petrol,28200,1500,Comprehensive,2918.11,2000,5,0,490,180170,1,1
1337,42,Male,Married,Bachelor,Student,Suburban,22,0,0,2022,2,Toyota,Hatchback,Hybrid,17995,1500,Comprehensive,2558.59,250,1,1,640,92417,1,1
1338,43,Male,Widowed,Master,Employed,Urban,23,0,3,2017,7,Chevrolet,Coupe,Electric,33731,1800,Comprehensive,2017.6,2000,10,1,820,81145,2,0
1339,75,Male,Widowed,High School,Employed,Urban,54,1,0,2007,17,Chevrolet,Pickup,Diesel,26425,1800,Comprehensive,2750.12,2000,4,0,337,131431,2,1
1340,46,Male,Widowed,High School,Employed,Suburban,24,0,3,2013,11,Mercedes,Hatchback,Petrol,31547,1500,Comprehensive,1441.76,1000,4,0,538,189478,2,1
1341,44,Female,Divorced,Bachelor,Self-Employed,Rural,26,0,1,2011,13,BMW,Hatchback,Diesel,34716,1000,Basic,1140.02,2000,10,0,693,179235,1,0
1342,64,Female,Single,None,Student,Rural,43,0,5,2011,13,Audi,Hatchback,Hybrid,27756,3000,Standard,1667.73,500,15,0,657,152901,1,1
1343,71,Male,Widowed,PhD,Unemployed,Suburban,48,0,1,2012,12,Mercedes,Coupe,Diesel,30920,1200,Standard,2777.01,1500,8,0,740,16537,1,0
1344,24,Female,Married,Master,Student,Rural,5,0,1,2017,7,Ford,Hatchback,Petrol,17884,2000,Comprehensive,1804.69,500,15,1,569,118060,1,1
1345,62,Female,Single,High School,Retired,Rural,39,1,0,2005,19,BMW,Coupe,Diesel,13209,2000,Standard,2178.15,250,12,1,707,167880,4,0
1346,26,Male,Divorced,High School,Unemployed,Urban,5,4,0,2007,17,Honda,Minivan,Petrol,7725,2500,Standard,499.26,250,14,1,497,162285,0,1
1347,57,Male,Married,High School,Self-Employed,Urban,39,1,1,2009,15,BMW,Coupe,Electric,26823,3500,Comprehensive,1986.13,2000,14,1,789,48516,0,0
1348,22,Male,Divorced,Master,Unemployed,Urban,1,1,3,2019,5,BMW,Minivan,Hybrid,33051,3000,Standard,2917.45,1500,2,0,429,33827,2,1
1349,26,Male,Widowed,Bachelor,Employed,Rural,3,4,2,2008,16,Chevrolet,Pickup,Petrol,25908,2000,Comprehensive,903.03,250,3,0,723,83628,2,1
1350,33,Female,Married,Master,Unemployed,Rural,15,0,0,2013,11,Toyota,SUV,Diesel,12383,2000,Comprehensive,482.84,2000,12,0,483,104991,0,0
1351,27,Female,Widowed,High School,Self-Employed,Suburban,5,0,1,2024,0,Audi,Coupe,Electric,32710,2500,Basic,1145.16,2000,7,1,564,93979,2,0
1352,33,Female,Widowed,None,Employed,Urban,15,0,5,2012,12,Toyota,Pickup,Electric,5796,1800,Comprehensive,366.21,2000,8,1,387,102541,1,1
1353,68,Male,Widowed,Bachelor,Student,Rural,47,3,0,2016,8,Audi,Sedan,Diesel,5518,2000,Standard,2877.23,500,8,0,419,123122,0,0
1354,43,Female,Single,Bachelor,Self-Employed,Urban,23,0,0,2005,19,Ford,Coupe,Electric,16295,2000,Comprehensive,1832.99,1500,8,0,766,164749,0,0
1355,49,Female,Divorced,High School,Unemployed,Rural,30,0,0,2007,17,Honda,Sedan,Hybrid,27131,1500,Standard,2900.57,1500,1,0,840,126593,0,0
1356,59,Female,Widowed,High School,Employed,Urban,39,3,0,2010,14,BMW,SUV,Petrol,31099,1000,Basic,1276.03,500,1,0,470,179699,0,0
1357,26,Female,Married,Bachelor,Employed,Urban,5,1,1,2011,13,Honda,SUV,Hybrid,12521,2000,Standard,2358.74,1000,9,1,452,63206,0,1
1358,46,Male,Divorced,Bachelor,Unemployed,Suburban,26,2,0,2010,14,Chevrolet,Coupe,Hybrid,29970,2500,Comprehensive,1368.01,250,3,1,661,102036,0,0
1359,19,Female,Single,High School,Unemployed,Urban,0,0,1,2013,11,Ford,SUV,Hybrid,33741,1200,Comprehensive,428.67,500,7,0,762,50295,0,1
1360,59,Male,Single,Bachelor,Retired,Rural,40,2,1,2011,13,Chevrolet,Hatchback,Diesel,23819,1200,Standard,2372.3,500,14,0,414,123932,2,1
1361,75,Female,Widowed,None,Student,Rural,52,0,0,2005,19,Mercedes,Hatchback,Electric,34815,1500,Basic,1351.74,1500,7,1,775,16123,0,0
1362,36,Female,Single,High School,Retired,Rural,13,0,0,2009,15,Audi,Pickup,Diesel,21899,1000,Basic,1098.44,250,6,0,625,19760,2,0
1363,44,Female,Single,Bachelor,Employed,Suburban,25,1,0,2012,12,Ford,SUV,Petrol,15629,1800,Comprehensive,821.39,1500,11,1,611,76606,1,1
1364,62,Female,Widowed,PhD,Self-Employed,Suburban,39,2,0,2016,8,Toyota,Sedan,Petrol,8794,3000,Basic,2506.09,1000,9,1,485,136374,1,0
1365,52,Male,Widowed,High School,Self-Employed,Urban,31,0,1,2012,12,Toyota,Hatchback,Electric,31291,3000,Comprehensive,318.88,2000,8,0,742,32670,3,0
1366,37,Male,Married,None,Self-Employed,Suburban,14,0,1,2014,10,Hyundai,Coupe,Diesel,6480,1500,Standard,1821.53,1500,6,1,807,172177,2,0
1367,24,Male,Widowed,None,Unemployed,Urban,6,1,1,2019,5,Volkswagen,SUV,Hybrid,33640,1500,Comprehensive,581.02,1500,1,1,843,164537,1,0
1368,69,Male,Divorced,Bachelor,Self-Employed,Urban,50,0,1,2024,0,Volkswagen,Sedan,Petrol,34996,1800,Standard,1537.97,250,3,0,307,195055,4,0
1369,42,Male,Single,Bachelor,Unemployed,Rural,19,0,2,2024,0,Ford,Pickup,Petrol,25755,3000,Standard,2179.02,250,15,0,516,151543,2,0
1370,74,Female,Married,None,Retired,Rural,51,3,1,2024,0,Nissan,Pickup,Petrol,22894,2000,Standard,2395.04,2000,8,1,548,28408,2,0
1371,18,Male,Widowed,Bachelor,Student,Rural,0,1,5,2014,10,Mercedes,Hatchback,Hybrid,27413,3000,Comprehensive,982.16,1000,5,0,344,133462,1,0
1372,28,Female,Married,PhD,Retired,Suburban,5,0,1,2016,8,Audi,Sedan,Hybrid,6015,3000,Comprehensive,999.61,1000,10,0,828,101347,4,0
1373,73,Male,Widowed,None,Unemployed,Suburban,53,0,0,2021,3,BMW,Minivan,Hybrid,15809,1500,Comprehensive,494.52,1500,9,1,523,95368,2,0
1374,62,Male,Single,PhD,Employed,Rural,41,0,0,2011,13,Hyundai,Minivan,Petrol,26034,2000,Standard,1671.22,500,7,0,452,65003,0,0
1375,38,Female,Single,Bachelor,Self-Employed,Suburban,16,1,0,2022,2,Hyundai,Minivan,Petrol,28856,1200,Basic,2365.44,500,15,1,622,66266,0,1
1376,63,Female,Single,Master,Unemployed,Suburban,44,0,1,2011,13,Ford,SUV,Diesel,13776,1800,Basic,1088.45,2000,6,0,548,108568,1,0
1377,46,Male,Married,High School,Employed,Suburban,28,0,0,2018,6,Mercedes,Hatchback,Electric,23468,1500,Standard,2457.83,250,13,0,410,159444,2,0
1378,56,Male,Married,PhD,Employed,Suburban,36,0,1,2008,16,Ford,SUV,Diesel,34699,3500,Comprehensive,939.51,250,6,1,603,89261,1,0
1379,33,Male,Divorced,Master,Retired,Suburban,13,1,0,2018,6,BMW,Minivan,Electric,19047,1000,Standard,1615.68,2000,10,1,521,75840,2,0
1380,72,Male,Single,Master,Student,Urban,54,0,1,2012,12,Volkswagen,Coupe,Hybrid,28621,2000,Basic,2859.71,1500,15,0,488,194739,0,1
1381,39,Male,Widowed,High School,Student,Rural,21,0,3,2019,5,Toyota,Minivan,Petrol,16166,2000,Basic,404.42,500,10,0,558,96091,2,0
1382,56,Female,Married,High School,Student,Urban,33,0,1,2012,12,BMW,Coupe,Petrol,29269,1800,Comprehensive,2783.63,2000,3,0,302,103388,0,0
1383,28,Male,Widowed,High School,Employed,Rural,9,2,1,2019,5,Chevrolet,Minivan,Electric,10958,1800,Basic,1152,2000,9,1,802,156944,2,0
1384,28,Male,Single,PhD,Self-Employed,Urban,9,1,1,2005,19,Honda,SUV,Hybrid,23904,1800,Standard,998.45,1500,6,1,440,85975,1,1
1385,70,Male,Widowed,Master,Student,Urban,47,1,3,2015,9,Ford,Hatchback,Hybrid,12127,1800,Standard,2176.17,1500,8,1,314,130741,0,0
1386,56,Female,Widowed,Master,Student,Suburban,35,1,0,2018,6,Honda,SUV,Hybrid,10018,1800,Basic,1376.99,250,13,0,824,53437,3,0
1387,22,Female,Divorced,High School,Student,Urban,4,0,2,2007,17,Nissan,Pickup,Petrol,15967,1500,Comprehensive,1374.1,2000,1,0,376,195872,3,0
1388,42,Female,Widowed,None,Retired,Rural,24,0,1,2011,13,Honda,SUV,Electric,9375,1800,Standard,943.2,1000,11,1,385,119571,3,1
1389,57,Female,Single,None,Student,Urban,34,0,0,2021,3,Volkswagen,Pickup,Petrol,17026,1200,Standard,1561.82,250,12,0,782,89771,0,0
1390,45,Female,Widowed,None,Student,Suburban,22,0,3,2018,6,Honda,Minivan,Petrol,15732,3500,Basic,394.47,2000,15,0,352,192284,1,0
1391,49,Female,Single,Bachelor,Employed,Suburban,31,0,1,2023,1,Chevrolet,SUV,Diesel,28046,2000,Basic,388.48,250,11,0,781,110544,3,0
1392,48,Female,Widowed,Master,Self-Employed,Rural,27,0,2,2019,5,Mercedes,Hatchback,Diesel,16355,1200,Comprehensive,2131.14,2000,13,1,469,29721,0,0
1393,25,Female,Married,PhD,Retired,Urban,2,2,0,2011,13,BMW,Pickup,Diesel,33455,1800,Standard,2449.8,1500,12,1,688,154873,0,0
1394,42,Male,Divorced,Master,Student,Urban,21,0,1,2016,8,Nissan,Hatchback,Hybrid,21915,1800,Standard,1036.75,2000,1,0,516,103449,2,1
1395,61,Female,Widowed,Master,Retired,Suburban,43,1,1,2018,6,BMW,SUV,Electric,17251,2000,Standard,692.46,1500,12,0,399,45555,0,0
1396,62,Female,Single,None,Retired,Suburban,39,0,1,2022,2,Hyundai,Coupe,Diesel,31820,1200,Basic,1263.81,2000,7,0,812,189590,0,0
1397,47,Male,Divorced,None,Employed,Urban,28,0,2,2013,11,Ford,Hatchback,Hybrid,26715,3000,Basic,1204.36,1000,5,0,829,141948,4,0
1398,24,Male,Single,Master,Student,Rural,4,1,1,2019,5,Mercedes,Pickup,Petrol,14656,1200,Basic,2825.78,250,8,1,785,62248,0,0
1399,47,Male,Widowed,Master,Unemployed,Urban,27,0,0,2010,14,Volkswagen,Pickup,Hybrid,25305,3000,Comprehensive,2052.44,1500,10,1,781,101676,0,1
1400,46,Female,Single,Bachelor,Retired,Urban,28,2,3,2009,15,Audi,Minivan,Diesel,18629,3500,Basic,2166.39,2000,7,0,764,102260,2,1
1401,31,Female,Widowed,Bachelor,Unemployed,Rural,13,0,2,2021,3,Mercedes,Hatchback,Hybrid,24793,1500,Comprehensive,2428.47,1000,7,0,371,109408,1,0
1402,26,Male,Married,High School,Student,Urban,3,0,1,2021,3,Toyota,Hatchback,Diesel,8346,1500,Basic,2207.69,1500,11,1,547,80031,0,0
1403,61,Male,Widowed,High School,Unemployed,Suburban,38,1,0,2019,5,Hyundai,Pickup,Diesel,33232,1000,Basic,651.16,250,4,0,803,157745,3,0
1404,49,Male,Widowed,PhD,Employed,Suburban,26,2,0,2021,3,Hyundai,Coupe,Hybrid,17343,1500,Standard,1180.48,1000,2,0,469,179751,3,0
1405,29,Female,Married,High School,Self-Employed,Rural,7,1,0,2023,1,Toyota,Hatchback,Electric,17783,1800,Comprehensive,1935.45,1000,3,0,845,90119,1,1
1406,33,Male,Married,Bachelor,Unemployed,Rural,11,2,0,2010,14,BMW,Minivan,Diesel,5549,1500,Standard,2850.54,2000,7,1,429,131002,4,0
1407,52,Female,Married,PhD,Unemployed,Rural,29,1,0,2009,15,Nissan,Pickup,Hybrid,5952,2000,Basic,316.99,1500,8,0,575,129722,4,0
1408,18,Female,Married,None,Self-Employed,Urban,0,1,0,2016,8,Chevrolet,SUV,Electric,34186,1800,Basic,2875.91,500,14,1,811,183903,2,1
1409,31,Female,Divorced,None,Student,Urban,13,3,1,2012,12,Ford,SUV,Electric,31732,3000,Standard,2791.51,250,5,0,560,25946,2,0
1410,39,Female,Divorced,Master,Student,Rural,17,1,1,2012,12,Audi,Pickup,Hybrid,26274,1000,Basic,580.8,1500,9,0,668,168034,1,0
1411,36,Female,Widowed,Bachelor,Unemployed,Suburban,16,0,0,2013,11,Nissan,Minivan,Electric,29449,2000,Standard,2314.5,500,3,0,372,195822,0,0
1412,39,Female,Widowed,PhD,Employed,Urban,16,2,2,2012,12,Audi,Hatchback,Electric,24093,2500,Comprehensive,2573.04,500,7,1,332,142976,1,0
1413,56,Female,Married,High School,Employed,Urban,33,0,2,2012,12,Audi,Coupe,Petrol,27734,1200,Comprehensive,2852.37,1500,2,1,447,157685,0,1
1414,21,Female,Single,High School,Unemployed,Rural,3,3,0,2011,13,BMW,Pickup,Electric,32449,2500,Standard,1389.99,250,3,1,802,58437,2,1
1415,42,Female,Widowed,None,Retired,Suburban,19,2,1,2014,10,Hyundai,Pickup,Electric,23623,1500,Comprehensive,1301.3,1000,1,1,631,185010,0,0
1416,26,Male,Widowed,High School,Retired,Rural,6,2,3,2014,10,Honda,Coupe,Diesel,25455,1500,Basic,2162.13,500,12,1,446,31175,4,0
1417,67,Male,Single,PhD,Retired,Urban,49,1,1,2007,17,Mercedes,Hatchback,Hybrid,14679,2000,Standard,702.13,500,1,0,784,180327,1,0
1418,34,Female,Married,High School,Unemployed,Rural,12,0,3,2011,13,Hyundai,Minivan,Diesel,10646,2000,Basic,2421.59,1000,15,1,309,199085,0,1
1419,32,Female,Single,None,Retired,Urban,13,1,0,2022,2,Toyota,Hatchback,Diesel,16586,1800,Standard,1874.09,250,12,0,589,140423,2,1
1420,59,Male,Married,Master,Retired,Suburban,41,0,2,2007,17,Honda,SUV,Electric,29281,3500,Basic,1007.36,2000,12,1,784,32998,0,0
1421,61,Female,Married,PhD,Student,Rural,40,0,0,2014,10,Ford,Sedan,Petrol,9939,1000,Basic,1971.96,500,9,0,529,25337,0,0
1422,37,Male,Married,None,Unemployed,Rural,19,1,1,2007,17,Audi,Pickup,Hybrid,14896,2500,Basic,808.29,2000,2,0,825,55391,0,1
1423,53,Male,Single,PhD,Self-Employed,Urban,32,2,1,2020,4,Toyota,Hatchback,Petrol,34860,1800,Basic,2617.3,500,12,0,417,147691,3,1
1424,70,Male,Single,Bachelor,Self-Employed,Urban,52,1,5,2013,11,Mercedes,Coupe,Electric,19085,1000,Standard,506.86,2000,8,1,653,30212,3,1
1425,63,Male,Divorced,PhD,Self-Employed,Urban,45,2,1,2011,13,Honda,Pickup,Petrol,32369,1200,Standard,2891.14,2000,12,0,395,186002,4,0
1426,67,Male,Divorced,PhD,Employed,Urban,45,1,2,2011,13,Toyota,Pickup,Hybrid,33496,1800,Basic,1232.5,2000,5,1,706,119127,2,1
1427,67,Male,Married,PhD,Employed,Urban,46,0,1,2021,3,Toyota,Sedan,Hybrid,33398,3000,Standard,2071.1,2000,7,0,555,62868,0,1
1428,66,Female,Divorced,None,Student,Suburban,46,2,1,2021,3,Nissan,SUV,Diesel,12975,1800,Comprehensive,2276.96,2000,8,0,445,152520,3,1
1429,62,Male,Divorced,None,Retired,Rural,42,0,5,2008,16,BMW,Coupe,Petrol,34300,1800,Standard,2410.65,500,15,1,831,58278,2,1
1430,53,Male,Widowed,Bachelor,Student,Rural,30,0,3,2022,2,Toyota,Sedan,Electric,27769,1500,Standard,1485.23,2000,5,1,731,86688,2,0
1431,63,Female,Single,PhD,Self-Employed,Suburban,45,0,0,2008,16,Chevrolet,Hatchback,Electric,34172,1200,Standard,1598.12,250,2,1,666,149580,1,0
1432,25,Female,Divorced,High School,Retired,Suburban,6,0,1,2011,13,Volkswagen,Sedan,Petrol,18568,1800,Basic,575.34,1500,15,0,503,113317,0,0
1433,28,Female,Single,Master,Retired,Suburban,5,1,0,2016,8,Mercedes,SUV,Hybrid,21409,3500,Standard,1667.7,1000,15,0,811,133509,0,0
1434,19,Male,Divorced,Master,Retired,Suburban,0,2,0,2018,6,Volkswagen,Sedan,Petrol,12565,3500,Basic,550.33,1500,11,0,455,145165,2,0
1435,51,Female,Widowed,Master,Self-Employed,Rural,33,1,1,2019,5,BMW,Pickup,Diesel,22533,1500,Basic,2844.21,1000,14,1,321,168479,0,1
1436,54,Male,Widowed,Master,Employed,Rural,36,0,0,2013,11,Toyota,SUV,Electric,31746,1800,Standard,1817.33,500,14,1,774,23893,0,0
1437,69,Female,Divorced,None,Retired,Rural,51,0,0,2016,8,Mercedes,Hatchback,Hybrid,19016,1800,Standard,673.11,250,12,1,662,129064,0,0
1438,50,Male,Single,High School,Student,Rural,27,2,1,2019,5,BMW,Hatchback,Electric,20104,1800,Standard,2182.22,1000,10,0,539,97062,2,0
1439,63,Male,Married,Bachelor,Student,Suburban,40,0,0,2007,17,Toyota,Sedan,Petrol,19580,1000,Comprehensive,2908.08,250,3,1,645,132564,1,1
1440,20,Female,Divorced,None,Retired,Urban,0,3,0,2012,12,Hyundai,Minivan,Electric,30358,1200,Comprehensive,845.38,500,8,0,847,138698,2,0
1441,60,Female,Single,Bachelor,Employed,Urban,39,2,0,2019,5,Chevrolet,Sedan,Petrol,16195,1800,Basic,2685.53,250,14,1,338,191982,3,0
1442,35,Male,Single,PhD,Unemployed,Urban,17,4,0,2014,10,Volkswagen,Hatchback,Electric,17511,2000,Basic,2913.16,2000,14,0,361,166142,1,0
1443,29,Female,Widowed,Bachelor,Unemployed,Rural,6,1,5,2010,14,BMW,Pickup,Hybrid,14581,1800,Comprehensive,1638.06,250,1,1,423,180812,0,1
1444,24,Male,Single,None,Employed,Rural,5,1,0,2023,1,Audi,Sedan,Hybrid,26818,1500,Comprehensive,352.73,2000,7,1,508,158999,4,0
1445,59,Female,Widowed,High School,Student,Suburban,38,1,1,2009,15,Honda,Minivan,Petrol,32168,1000,Comprehensive,2981.17,1500,1,0,757,27227,3,0
1446,67,Male,Widowed,PhD,Unemployed,Urban,48,0,2,2006,18,Audi,Coupe,Diesel,13944,1800,Comprehensive,717.29,1500,8,1,750,122312,4,1
1447,21,Female,Divorced,Master,Retired,Suburban,1,0,0,2017,7,Hyundai,Minivan,Electric,7942,2000,Comprehensive,732.43,250,8,1,810,139945,2,1
1448,20,Male,Divorced,Master,Self-Employed,Urban,2,0,5,2017,7,Audi,SUV,Petrol,12101,1200,Comprehensive,1350.14,1000,6,0,680,131208,0,1
1449,66,Male,Widowed,Master,Employed,Rural,45,0,0,2021,3,Hyundai,SUV,Diesel,13905,1800,Comprehensive,1592.32,250,3,1,504,141402,2,0
1450,19,Male,Divorced,Bachelor,Student,Rural,0,1,0,2009,15,Chevrolet,Pickup,Diesel,12113,3500,Basic,703.51,1000,12,1,463,151219,0,1
1451,72,Male,Widowed,Bachelor,Self-Employed,Suburban,50,0,0,2012,12,Chevrolet,Minivan,Petrol,5226,1800,Comprehensive,1142.92,500,5,0,509,131856,0,1
1452,66,Male,Single,None,Unemployed,Urban,44,0,0,2007,17,Ford,Hatchback,Hybrid,34191,1800,Basic,1027.33,500,8,0,836,183222,2,0
1453,61,Male,Widowed,PhD,Unemployed,Rural,40,0,2,2017,7,Mercedes,Hatchback,Electric,15065,1500,Comprehensive,689.01,1000,8,0,774,177719,2,0
1454,19,Female,Married,Bachelor,Student,Urban,0,3,3,2018,6,Nissan,Coupe,Electric,25209,1500,Comprehensive,2896.19,2000,9,0,338,72920,2,1
1455,61,Male,Married,High School,Retired,Urban,42,0,1,2016,8,Audi,Minivan,Hybrid,16319,2000,Basic,2138.53,250,3,1,311,118841,1,0
1456,65,Female,Single,PhD,Student,Urban,45,0,0,2014,10,Audi,Coupe,Hybrid,13081,1200,Comprehensive,1267.61,2000,2,0,536,153343,1,0
1457,72,Female,Widowed,Bachelor,Self-Employed,Urban,52,0,1,2012,12,Chevrolet,Hatchback,Diesel,23768,2000,Standard,915.2,2000,5,1,595,16893,0,0
1458,38,Female,Widowed,Master,Student,Rural,15,0,0,2006,18,Nissan,Pickup,Diesel,6026,1000,Comprehensive,2600.87,250,11,0,778,68483,1,0
1459,61,Male,Divorced,PhD,Student,Urban,38,1,0,2011,13,Mercedes,Coupe,Hybrid,13778,1800,Comprehensive,2945.16,1500,11,1,305,40175,2,1
1460,53,Female,Widowed,High School,Student,Urban,30,0,0,2019,5,Nissan,Coupe,Diesel,26773,1800,Standard,1957.9,1000,2,1,741,30277,3,0
1461,19,Male,Widowed,High School,Student,Suburban,0,1,0,2022,2,Honda,Sedan,Electric,16471,2000,Basic,2232.59,1500,7,1,561,144435,3,0
1462,32,Female,Single,Master,Self-Employed,Rural,10,0,0,2018,6,Hyundai,Sedan,Diesel,19499,1800,Standard,2298.41,1500,2,0,755,86680,0,0
1463,20,Female,Divorced,None,Self-Employed,Rural,2,0,1,2006,18,Ford,SUV,Petrol,21760,2500,Comprehensive,1897.57,1500,5,1,469,84525,4,1
1464,40,Female,Widowed,None,Retired,Urban,22,0,0,2016,8,Volkswagen,Sedan,Diesel,21528,1800,Basic,1707.01,250,4,1,617,124997,2,0
1465,18,Female,Single,Bachelor,Student,Suburban,0,0,0,2023,1,Honda,Minivan,Petrol,18960,1200,Basic,612.64,1000,1,0,714,198173,1,0
1466,68,Female,Single,None,Employed,Urban,48,0,1,2012,12,BMW,SUV,Electric,9293,2500,Standard,2229.55,1500,1,0,528,150167,1,0
1467,67,Male,Married,None,Retired,Suburban,48,1,0,2005,19,Honda,SUV,Electric,31563,1500,Standard,555.63,2000,2,1,356,115864,2,0
1468,23,Female,Single,Bachelor,Student,Rural,0,0,2,2015,9,Honda,Coupe,Petrol,27014,2500,Comprehensive,901.05,2000,7,1,383,146508,1,0
1469,22,Female,Single,None,Employed,Rural,2,1,0,2011,13,Ford,Coupe,Electric,5565,1800,Comprehensive,573.82,1500,2,0,525,69404,3,1
1470,54,Female,Married,Bachelor,Employed,Rural,34,0,0,2011,13,Chevrolet,Minivan,Petrol,20439,1800,Comprehensive,1800.31,1500,3,1,561,156794,0,0
1471,22,Male,Widowed,Bachelor,Employed,Rural,3,2,5,2023,1,Hyundai,Sedan,Hybrid,15420,1800,Basic,753.65,250,9,1,349,183616,0,1
1472,64,Male,Married,None,Unemployed,Urban,45,0,0,2023,1,Nissan,Pickup,Diesel,6951,1800,Basic,897.14,1000,14,1,740,160482,2,0
1473,56,Male,Single,None,Student,Rural,38,1,0,2022,2,Toyota,Hatchback,Electric,6010,1500,Basic,475.78,250,14,0,732,16542,2,0
1474,35,Male,Single,Master,Retired,Rural,14,2,2,2007,17,Audi,Pickup,Petrol,13410,1000,Comprehensive,2570.11,1000,7,1,569,88528,2,1
1475,18,Female,Single,PhD,Self-Employed,Rural,0,0,0,2024,0,Nissan,SUV,Electric,23726,2000,Standard,996.31,2000,5,0,612,52506,2,0
1476,36,Female,Widowed,PhD,Student,Urban,16,2,1,2022,2,Mercedes,Pickup,Hybrid,29666,1500,Basic,2670.97,1000,4,0,398,117431,4,0
1477,49,Male,Widowed,High School,Student,Suburban,26,1,2,2015,9,Audi,Sedan,Diesel,30634,3500,Standard,649.59,1500,7,0,423,117296,1,0
1478,52,Female,Widowed,High School,Self-Employed,Suburban,30,0,0,2017,7,Nissan,Coupe,Hybrid,20830,2000,Basic,1368.75,1500,3,1,802,194258,0,0
1479,75,Female,Widowed,Bachelor,Self-Employed,Urban,52,3,0,2013,11,Ford,SUV,Electric,9960,1500,Comprehensive,1353.75,250,1,1,835,177346,1,1
1480,29,Male,Divorced,High School,Retired,Urban,11,1,2,2012,12,Hyundai,SUV,Petrol,11174,2000,Comprehensive,1034.93,1500,1,1,535,90538,2,1
1481,63,Male,Single,None,Employed,Urban,41,0,0,2012,12,Honda,Hatchback,Petrol,14209,2500,Comprehensive,2800.84,1500,9,0,571,197102,3,0
1482,61,Female,Widowed,None,Unemployed,Urban,38,2,0,2009,15,Honda,Sedan,Hybrid,22396,1200,Basic,885.93,2000,10,0,814,43586,2,0
1483,69,Female,Married,Master,Self-Employed,Suburban,49,4,1,2024,0,Volkswagen,SUV,Electric,16849,1800,Standard,2925.49,1000,14,0,727,70890,2,1
1484,52,Male,Married,PhD,Self-Employed,Suburban,32,0,0,2015,9,BMW,Hatchback,Petrol,7215,2500,Comprehensive,2134.82,500,9,0,639,27074,4,0
1485,41,Male,Married,None,Student,Urban,23,4,0,2020,4,Volkswagen,Pickup,Hybrid,28219,1000,Basic,1758.91,1500,5,1,812,132111,0,0
1486,21,Female,Divorced,Bachelor,Employed,Rural,2,1,0,2016,8,Audi,SUV,Petrol,17170,2000,Comprehensive,667.91,500,2,0,792,92472,2,0
1487,34,Female,Married,High School,Employed,Urban,13,0,3,2016,8,Ford,Coupe,Hybrid,15023,1500,Standard,1142.1,500,4,0,790,40345,3,0
1488,41,Male,Married,Bachelor,Retired,Rural,20,0,0,2024,0,Chevrolet,Sedan,Petrol,5824,2000,Comprehensive,856.26,1000,4,1,608,172222,2,0
1489,63,Female,Widowed,High School,Unemployed,Rural,41,0,3,2021,3,Volkswagen,Sedan,Diesel,8788,1500,Comprehensive,714.31,2000,5,0,767,129584,4,1
1490,75,Female,Single,Bachelor,Self-Employed,Urban,56,0,0,2024,0,Hyundai,Hatchback,Petrol,33830,1800,Standard,1516.27,250,5,0,705,160640,1,0
1491,64,Female,Divorced,High School,Student,Urban,45,0,0,2016,8,Volkswagen,Sedan,Petrol,27026,3500,Standard,2898.36,500,3,0,423,62444,3,0
1492,26,Male,Married,None,Student,Rural,7,0,2,2019,5,Ford,Pickup,Electric,28210,2000,Comprehensive,856.17,250,15,1,668,183780,2,0
1493,54,Male,Single,PhD,Student,Rural,33,0,0,2016,8,BMW,Sedan,Diesel,11631,1500,Standard,855.08,1000,9,1,393,44482,4,0
1494,73,Female,Divorced,High School,Self-Employed,Suburban,54,0,2,2012,12,Chevrolet,Coupe,Petrol,20526,2000,Basic,1128.71,500,13,1,558,179080,4,1
1495,64,Female,Divorced,Master,Unemployed,Rural,41,0,3,2010,14,Honda,Coupe,Diesel,21372,1800,Basic,2787.77,500,13,1,498,195708,1,0
1496,29,Female,Widowed,PhD,Student,Rural,8,0,0,2011,13,Hyundai,Coupe,Hybrid,7356,1500,Standard,541.11,1000,10,0,654,72687,2,0
1497,19,Female,Married,PhD,Student,Urban,0,0,1,2020,4,Volkswagen,Sedan,Electric,33373,1000,Basic,502.49,500,10,0,642,95726,2,1
1498,65,Male,Widowed,Master,Student,Rural,46,1,0,2023,1,Audi,Sedan,Petrol,5083,2500,Comprehensive,2867.05,250,13,1,556,135656,2,1
1499,69,Male,Divorced,PhD,Self-Employed,Rural,46,3,0,2024,0,Audi,Pickup,Hybrid,26833,1500,Standard,790.07,250,10,1,421,26810,3,0
1500,47,Male,Widowed,Master,Self-Employed,Rural,28,0,1,2017,7,Audi,Coupe,Hybrid,10184,2500,Standard,1975.21,1500,2,1,670,193788,1,1
1501,49,Female,Single,High School,Employed,Rural,29,0,1,2019,5,Chevrolet,SUV,Diesel,28925,2500,Standard,312.43,2000,7,1,716,148270,2,0
1502,59,Female,Single,High School,Unemployed,Suburban,36,1,0,2016,8,Nissan,Pickup,Hybrid,33245,2500,Comprehensive,1092.03,500,12,0,720,86776,0,0
1503,28,Female,Married,Bachelor,Student,Suburban,7,1,2,2016,8,Audi,Pickup,Electric,29096,1500,Standard,2070.72,1500,7,1,571,131029,2,1
1504,69,Male,Divorced,PhD,Retired,Suburban,46,0,1,2013,11,Toyota,Hatchback,Diesel,19505,1800,Comprehensive,2048.12,2000,12,1,836,175207,1,0
1505,59,Female,Divorced,High School,Self-Employed,Suburban,39,0,2,2006,18,Chevrolet,Coupe,Petrol,17274,1500,Basic,836.55,2000,6,1,493,63897,2,1
1506,42,Female,Single,Master,Employed,Suburban,23,0,0,2013,11,Honda,Hatchback,Petrol,28649,2500,Basic,777.03,1000,14,0,621,42095,0,0
1507,27,Female,Divorced,None,Self-Employed,Rural,6,1,0,2011,13,Mercedes,Pickup,Hybrid,14212,2000,Standard,2167.47,1500,14,1,338,79917,0,0
1508,26,Female,Married,None,Unemployed,Suburban,6,0,1,2006,18,Audi,Hatchback,Petrol,6748,2500,Basic,783.41,1500,7,0,794,154806,0,0
1509,38,Male,Widowed,Master,Unemployed,Suburban,16,2,0,2020,4,BMW,Coupe,Diesel,12735,2500,Basic,1453.21,1000,5,0,629,132227,3,0
1510,63,Female,Married,Master,Employed,Suburban,40,1,1,2010,14,Volkswagen,Sedan,Diesel,29920,1800,Comprehensive,1389.42,2000,8,1,743,138324,0,1
1511,62,Male,Married,None,Self-Employed,Urban,39,0,0,2011,13,Audi,Sedan,Diesel,11147,1800,Standard,1282.57,2000,9,1,404,198470,2,1
1512,49,Female,Widowed,High School,Retired,Rural,27,1,0,2023,1,Honda,Sedan,Hybrid,32689,2000,Basic,2693.41,1500,5,0,807,24388,4,0
1513,66,Female,Widowed,None,Retired,Rural,47,2,0,2021,3,Hyundai,Pickup,Diesel,19183,3000,Standard,2081.82,250,14,1,568,177579,0,1
1514,18,Male,Single,PhD,Unemployed,Rural,0,1,2,2013,11,BMW,Minivan,Petrol,19025,1800,Comprehensive,1179.18,2000,9,1,567,85032,3,1
1515,75,Female,Married,High School,Self-Employed,Urban,52,0,1,2016,8,Volkswagen,Sedan,Electric,10063,1800,Comprehensive,2409.34,250,12,1,462,69191,3,0
1516,75,Male,Widowed,PhD,Self-Employed,Urban,57,3,2,2010,14,BMW,Hatchback,Hybrid,16554,1500,Basic,2941.87,250,8,0,661,87136,3,0
1517,69,Male,Widowed,Bachelor,Self-Employed,Urban,51,0,5,2024,0,Hyundai,SUV,Petrol,23298,3500,Standard,311.82,1000,3,0,380,189142,4,1
1518,62,Female,Married,High School,Retired,Rural,44,1,0,2012,12,Toyota,Hatchback,Electric,22389,1500,Standard,887.29,2000,6,1,797,172287,1,1
1519,65,Male,Divorced,Master,Retired,Urban,43,2,0,2007,17,Nissan,SUV,Hybrid,9762,2500,Basic,2364.66,500,7,1,434,168847,1,0
1520,50,Female,Married,Master,Retired,Rural,29,1,1,2021,3,Honda,Hatchback,Electric,24390,1000,Basic,2829.52,250,10,1,636,94516,0,0
1521,42,Male,Divorced,High School,Retired,Rural,20,0,1,2015,9,Toyota,Coupe,Diesel,26443,1500,Standard,2221.98,250,4,1,327,131292,4,0
1522,41,Female,Divorced,None,Self-Employed,Suburban,21,0,0,2006,18,Nissan,Minivan,Diesel,26759,1200,Standard,2395.1,1000,8,1,808,144278,0,0
1523,29,Female,Divorced,High School,Self-Employed,Urban,7,0,2,2023,1,BMW,Pickup,Hybrid,25175,1000,Standard,467.74,1000,14,1,672,172245,4,0
1524,37,Female,Widowed,Master,Employed,Suburban,16,0,1,2015,9,Volkswagen,Minivan,Hybrid,8847,1200,Standard,1882.53,1000,15,0,472,133070,1,0
1525,64,Male,Widowed,Master,Employed,Urban,45,0,1,2017,7,Hyundai,SUV,Petrol,14274,2500,Basic,2172.26,500,5,0,808,181977,3,1
1526,41,Female,Married,Master,Retired,Suburban,19,3,2,2016,8,Volkswagen,SUV,Petrol,18892,3500,Comprehensive,879.66,1000,13,1,724,123727,2,0
1527,68,Female,Single,Master,Unemployed,Urban,50,0,1,2006,18,Mercedes,SUV,Petrol,20520,1200,Standard,2137.33,2000,6,0,395,179035,2,0
1528,32,Male,Widowed,None,Student,Urban,10,1,0,2007,17,Volkswagen,Sedan,Electric,26175,2000,Basic,390.21,1000,13,0,380,39336,0,0
1529,29,Male,Married,PhD,Retired,Urban,11,1,0,2012,12,BMW,Coupe,Hybrid,12962,1800,Basic,799.34,250,11,0,758,150989,0,0
1530,22,Male,Divorced,Master,Student,Rural,4,1,0,2019,5,Volkswagen,Pickup,Diesel,29501,2500,Basic,2295.7,2000,4,1,824,198332,0,1
1531,43,Female,Divorced,PhD,Retired,Urban,20,2,0,2005,19,Mercedes,Pickup,Diesel,30116,2000,Basic,2356.39,2000,14,1,716,77814,1,0
1532,38,Male,Widowed,PhD,Retired,Suburban,16,1,0,2021,3,Chevrolet,Minivan,Petrol,15025,3000,Standard,1336.86,2000,4,1,555,39078,3,0
1533,45,Female,Divorced,Bachelor,Self-Employed,Rural,25,0,0,2017,7,Audi,Sedan,Hybrid,13790,2000,Comprehensive,1349.22,1500,11,0,424,188352,4,1
1534,68,Male,Married,Bachelor,Retired,Suburban,46,0,0,2006,18,BMW,Pickup,Diesel,12549,1800,Comprehensive,2388.55,250,7,0,508,149920,1,0
1535,63,Female,Widowed,None,Self-Employed,Urban,43,1,0,2017,7,Hyundai,Minivan,Hybrid,26711,1500,Comprehensive,2773.35,1000,14,1,814,116023,2,1
1536,39,Male,Married,PhD,Student,Rural,18,0,0,2024,0,Mercedes,SUV,Hybrid,34998,1500,Standard,398.34,1500,2,1,744,108095,0,0
1537,34,Male,Single,High School,Retired,Urban,16,4,1,2019,5,Mercedes,Pickup,Petrol,33359,1500,Basic,973.81,250,11,0,840,106121,2,0
1538,69,Female,Widowed,Master,Employed,Urban,50,0,2,2015,9,Toyota,Coupe,Petrol,25509,1500,Basic,2763.59,500,12,1,733,122677,2,1
1539,60,Male,Divorced,Bachelor,Self-Employed,Urban,38,0,0,2021,3,Audi,Sedan,Hybrid,6416,1000,Basic,642.66,250,9,1,657,135357,3,0
1540,71,Female,Widowed,Master,Unemployed,Rural,53,0,0,2005,19,Ford,Hatchback,Hybrid,8135,3000,Standard,882.04,2000,14,0,345,96818,4,1
1541,64,Female,Single,Bachelor,Employed,Suburban,46,0,1,2009,15,Honda,Pickup,Hybrid,14420,1500,Basic,2522.39,250,5,1,544,55631,0,0
1542,57,Male,Widowed,Master,Self-Employed,Urban,38,0,0,2017,7,Toyota,SUV,Diesel,11594,1500,Standard,2913.66,1000,9,0,728,53153,0,0
1543,39,Male,Widowed,PhD,Self-Employed,Urban,16,0,1,2020,4,Toyota,SUV,Hybrid,28724,1500,Basic,320.8,1000,15,1,799,25923,1,1
1544,22,Male,Married,High School,Unemployed,Urban,1,0,1,2011,13,Ford,SUV,Electric,31195,2000,Comprehensive,2469.35,500,1,1,579,153864,0,1
1545,23,Female,Divorced,PhD,Employed,Suburban,1,0,0,2008,16,Nissan,SUV,Petrol,9846,1500,Standard,2145.19,1500,12,1,638,43932,2,1
1546,22,Male,Divorced,Master,Unemployed,Rural,4,1,0,2024,0,BMW,SUV,Electric,17823,2000,Comprehensive,969.1,1500,4,0,306,97761,1,0
1547,62,Female,Married,PhD,Employed,Urban,40,2,2,2008,16,Volkswagen,Hatchback,Diesel,19773,3000,Basic,2027.43,500,2,1,310,85662,1,1
1548,63,Male,Married,Bachelor,Unemployed,Rural,42,0,1,2022,2,Hyundai,Pickup,Petrol,19877,1500,Standard,1312.43,1000,10,0,805,77063,4,0
1549,33,Male,Single,High School,Retired,Rural,13,2,1,2017,7,Audi,Coupe,Diesel,13105,2000,Basic,1617.94,500,15,1,594,183711,1,0
1550,63,Female,Divorced,High School,Student,Suburban,40,1,1,2016,8,Ford,Minivan,Electric,23708,1500,Standard,1561.13,1500,14,1,677,16758,2,0
1551,73,Male,Widowed,None,Retired,Suburban,54,1,1,2019,5,Honda,Coupe,Diesel,18456,1000,Basic,2941.12,1500,13,0,424,162092,1,0
1552,19,Male,Single,None,Self-Employed,Suburban,1,1,0,2013,11,Audi,Sedan,Petrol,26419,1800,Basic,2655.36,500,8,1,472,153249,0,0
1553,69,Female,Widowed,PhD,Student,Urban,51,0,1,2009,15,Volkswagen,Coupe,Diesel,33866,3000,Basic,1820.55,1500,11,1,613,128774,0,0
1554,30,Female,Divorced,PhD,Unemployed,Rural,12,4,2,2009,15,Toyota,Hatchback,Petrol,11706,1500,Basic,2609.8,2000,15,1,589,154105,3,1
1555,21,Female,Divorced,High School,Student,Suburban,0,0,2,2021,3,Volkswagen,Minivan,Hybrid,11197,1500,Basic,1787.69,250,8,1,568,148586,1,0
1556,49,Female,Married,Master,Unemployed,Rural,26,1,0,2022,2,Mercedes,SUV,Diesel,17217,1500,Comprehensive,1893.69,250,3,1,448,24462,3,0
1557,21,Female,Divorced,PhD,Unemployed,Urban,2,0,0,2023,1,Honda,Coupe,Hybrid,24178,1800,Basic,1297.81,250,4,0,551,160519,1,1
1558,43,Male,Widowed,Master,Self-Employed,Urban,23,2,0,2010,14,Toyota,SUV,Electric,30413,1800,Standard,984.67,2000,2,0,490,161415,0,0
1559,60,Male,Divorced,Master,Employed,Suburban,41,1,0,2009,15,Ford,Coupe,Diesel,7710,1800,Standard,1678.84,1000,15,0,550,163808,2,0
1560,69,Female,Divorced,High School,Retired,Suburban,48,1,0,2020,4,Audi,Sedan,Hybrid,14851,1500,Basic,2107.16,500,5,1,511,106682,0,0
1561,22,Male,Divorced,PhD,Retired,Urban,0,0,3,2010,14,Toyota,Coupe,Electric,21894,1000,Basic,1327.44,1000,8,1,727,63877,3,1
1562,24,Female,Widowed,PhD,Employed,Rural,2,0,0,2023,1,Mercedes,SUV,Electric,13717,2500,Basic,2421.79,250,1,1,449,142607,2,0
1563,34,Male,Divorced,Master,Unemployed,Urban,16,3,0,2021,3,Honda,Coupe,Hybrid,25030,2500,Comprehensive,2032.05,500,3,0,678,132518,4,1
1564,68,Male,Single,High School,Retired,Rural,47,0,0,2019,5,Hyundai,Pickup,Petrol,26070,1200,Standard,1072.99,500,7,0,609,102640,3,0
1565,28,Male,Married,High School,Self-Employed,Suburban,5,0,0,2010,14,Ford,Minivan,Diesel,23665,1500,Standard,2558.64,250,13,1,552,189694,0,0
1566,42,Male,Divorced,Master,Student,Rural,24,1,0,2006,18,BMW,Coupe,Petrol,6686,1800,Standard,592.56,500,6,0,376,83094,2,0
1567,65,Male,Single,Bachelor,Self-Employed,Suburban,42,0,0,2007,17,Volkswagen,Coupe,Petrol,34669,1800,Standard,983.35,250,9,1,576,46941,0,0
1568,45,Female,Divorced,High School,Self-Employed,Rural,25,4,1,2007,17,Hyundai,Pickup,Electric,23085,1200,Comprehensive,1954.09,1000,12,1,474,163326,0,1
1569,37,Male,Married,High School,Unemployed,Urban,14,1,1,2010,14,Audi,Coupe,Electric,21507,1200,Basic,1067.46,250,4,1,706,166321,2,0
1570,36,Male,Widowed,Master,Self-Employed,Urban,18,2,2,2005,19,Honda,Pickup,Electric,34164,1000,Basic,1972.06,2000,11,1,614,129252,2,1
1571,43,Female,Divorced,None,Retired,Rural,25,1,0,2010,14,Audi,Sedan,Diesel,26694,1500,Comprehensive,1182.76,2000,2,1,619,86594,2,0
1572,38,Male,Married,High School,Unemployed,Rural,20,2,0,2006,18,Nissan,Hatchback,Diesel,12134,1200,Standard,2537.82,2000,13,0,541,90974,0,1
1573,18,Male,Married,Master,Student,Urban,0,0,0,2012,12,Ford,Sedan,Diesel,15260,1500,Standard,729.1,2000,7,1,340,132489,1,1
1574,57,Male,Widowed,PhD,Student,Suburban,37,0,1,2020,4,Chevrolet,SUV,Petrol,6301,1800,Standard,781.89,1000,14,0,320,78203,3,0
1575,74,Female,Single,High School,Unemployed,Rural,53,3,0,2019,5,Ford,Hatchback,Electric,10991,1800,Standard,2690.48,1500,12,0,482,142243,4,1
1576,66,Male,Divorced,Bachelor,Self-Employed,Rural,43,0,1,2021,3,Audi,SUV,Hybrid,26237,1200,Comprehensive,1991.71,1500,9,1,828,20594,1,0
1577,20,Female,Married,Bachelor,Retired,Suburban,0,0,1,2024,0,Hyundai,Coupe,Diesel,7319,2500,Comprehensive,1451.23,2000,10,0,382,185603,0,1
1578,64,Male,Divorced,High School,Student,Rural,46,0,0,2022,2,Nissan,Hatchback,Electric,26581,1800,Comprehensive,2439.4,1500,4,1,767,114060,2,0
1579,44,Male,Single,Bachelor,Unemployed,Urban,24,2,0,2024,0,Mercedes,Coupe,Electric,29243,1500,Comprehensive,762.55,1000,10,1,644,41429,0,0
1580,30,Male,Divorced,None,Employed,Suburban,10,0,0,2016,8,Honda,Minivan,Petrol,5849,1800,Standard,1133.28,250,11,0,739,75130,1,0
1581,56,Male,Divorced,High School,Retired,Urban,35,0,2,2009,15,Ford,SUV,Electric,9401,1500,Comprehensive,1614.53,2000,13,1,340,67093,3,0
1582,29,Male,Single,Bachelor,Unemployed,Urban,8,0,2,2021,3,Audi,Minivan,Diesel,16577,3000,Standard,2121.81,1000,15,0,422,33508,3,0
1583,38,Female,Married,PhD,Self-Employed,Urban,20,0,2,2011,13,BMW,Sedan,Petrol,22532,1800,Basic,2929.77,250,14,1,642,167427,3,0
1584,19,Male,Married,None,Employed,Rural,1,0,0,2022,2,Hyundai,Minivan,Petrol,27200,1000,Basic,648.27,2000,3,1,377,81277,0,1
1585,51,Female,Widowed,High School,Student,Rural,29,0,0,2011,13,Ford,Sedan,Electric,23608,1800,Standard,2627.07,250,4,0,321,88427,0,0
1586,49,Female,Married,Bachelor,Retired,Suburban,30,0,0,2007,17,Toyota,Sedan,Electric,32638,1500,Basic,332.36,1000,2,0,424,76449,1,0
1587,65,Female,Divorced,Bachelor,Employed,Rural,44,1,5,2009,15,BMW,Coupe,Electric,18869,2000,Comprehensive,1553.48,250,8,1,378,152031,3,1
1588,55,Female,Widowed,PhD,Student,Suburban,32,0,0,2007,17,BMW,Coupe,Hybrid,20227,2000,Basic,2432.55,2000,9,0,845,165407,0,0
1589,58,Male,Single,Master,Unemployed,Suburban,39,0,0,2023,1,Mercedes,Hatchback,Electric,29224,1800,Comprehensive,2482.92,250,11,1,528,88544,0,0
1590,61,Male,Widowed,None,Student,Suburban,38,1,0,2008,16,Hyundai,Pickup,Electric,21711,1500,Basic,2749.37,250,13,1,544,188454,1,1
1591,35,Female,Married,Bachelor,Unemployed,Urban,14,0,1,2013,11,Toyota,Pickup,Diesel,21926,1500,Standard,2720.29,250,3,0,779,181431,0,0
1592,47,Female,Married,High School,Retired,Suburban,24,1,1,2012,12,Hyundai,Hatchback,Electric,29881,2500,Standard,2348.88,2000,12,1,766,137679,2,0
1593,51,Male,Married,High School,Employed,Rural,33,0,0,2005,19,Mercedes,Sedan,Electric,21203,2000,Basic,2965.35,500,5,1,408,195376,1,0
1594,52,Male,Divorced,High School,Employed,Rural,32,1,0,2007,17,Nissan,Pickup,Electric,13959,1200,Standard,640.42,1000,5,1,360,197374,0,0
1595,48,Male,Single,High School,Employed,Rural,27,0,0,2012,12,Ford,Hatchback,Hybrid,30446,1000,Standard,2080.96,500,13,0,774,79034,0,0
1596,60,Female,Widowed,Master,Unemployed,Rural,42,1,1,2006,18,Mercedes,SUV,Petrol,31306,1800,Comprehensive,1905.96,2000,15,0,567,120891,3,1
1597,36,Male,Single,Bachelor,Employed,Urban,14,0,5,2012,12,Ford,SUV,Petrol,31675,1500,Standard,2161.22,1000,2,0,470,136560,1,1
1598,21,Male,Married,Master,Self-Employed,Suburban,1,0,2,2016,8,Volkswagen,Minivan,Hybrid,14699,1000,Comprehensive,1192.63,1500,3,1,393,185237,2,1
1599,39,Female,Single,High School,Employed,Rural,21,1,0,2005,19,Chevrolet,Sedan,Diesel,29150,1500,Comprehensive,850.54,250,6,0,480,34762,4,1
1600,73,Female,Widowed,Bachelor,Retired,Urban,51,0,0,2018,6,Honda,Sedan,Hybrid,8560,3500,Standard,2103.8,2000,10,1,576,52137,1,0
1601,52,Female,Divorced,Master,Self-Employed,Suburban,32,0,0,2021,3,Ford,Minivan,Electric,6966,1800,Standard,2599.09,2000,14,1,332,62965,3,1
1602,41,Male,Divorced,None,Employed,Rural,22,3,1,2015,9,Ford,Coupe,Petrol,16012,1000,Standard,1153.61,1500,12,0,761,70526,1,0
1603,70,Female,Married,Master,Self-Employed,Suburban,47,1,0,2020,4,Mercedes,Hatchback,Electric,23530,1500,Comprehensive,962.26,1000,7,1,354,27794,1,1
1604,50,Male,Widowed,Master,Unemployed,Suburban,31,3,1,2016,8,Hyundai,SUV,Hybrid,20159,1800,Comprehensive,1249.42,1000,11,1,321,167780,0,1
1605,34,Male,Widowed,Bachelor,Retired,Suburban,14,1,1,2006,18,Honda,Pickup,Petrol,23792,2500,Comprehensive,2606.97,500,3,1,779,23147,1,1
1606,41,Male,Widowed,Master,Self-Employed,Urban,18,0,0,2009,15,Hyundai,Sedan,Diesel,29560,2000,Comprehensive,2397.86,1000,4,1,573,55515,1,0
1607,27,Male,Widowed,High School,Student,Rural,7,1,1,2015,9,Mercedes,Coupe,Electric,28306,2000,Standard,2279.22,250,3,1,497,43624,1,0
1608,61,Male,Widowed,High School,Unemployed,Urban,42,2,3,2013,11,Toyota,SUV,Diesel,24651,3500,Standard,2628.74,500,8,1,404,136023,1,0
1609,63,Male,Divorced,High School,Retired,Rural,42,0,0,2007,17,Ford,Coupe,Hybrid,12582,1800,Basic,2905.02,1000,1,0,434,154433,2,1
1610,59,Female,Divorced,None,Retired,Urban,37,4,3,2019,5,Volkswagen,Pickup,Hybrid,31037,1500,Basic,1987.37,1000,12,1,522,75093,3,0
1611,47,Male,Married,PhD,Unemployed,Urban,25,0,1,2010,14,Honda,Hatchback,Petrol,6345,1000,Standard,303.82,1500,13,0,369,82491,0,0
1612,34,Female,Widowed,Master,Self-Employed,Suburban,16,0,0,2012,12,Honda,Sedan,Electric,10947,1000,Comprehensive,1810.47,250,9,1,527,22948,2,0
1613,41,Male,Widowed,None,Self-Employed,Urban,20,0,2,2012,12,Honda,SUV,Hybrid,11316,2500,Standard,2841.62,1000,9,1,352,56919,2,0
1614,41,Male,Married,PhD,Unemployed,Rural,23,0,0,2009,15,Ford,Sedan,Hybrid,7798,2500,Basic,1710.61,1000,6,0,551,171292,4,0
1615,54,Female,Single,Bachelor,Self-Employed,Urban,36,2,2,2024,0,Nissan,Minivan,Hybrid,16494,1200,Standard,1502.8,2000,1,0,471,66540,0,0
1616,51,Male,Widowed,High School,Unemployed,Suburban,33,0,0,2013,11,Honda,SUV,Petrol,6542,1800,Comprehensive,1774.9,1500,11,1,828,198675,3,0
1617,61,Female,Single,None,Retired,Rural,43,0,0,2024,0,Chevrolet,SUV,Diesel,17806,1500,Standard,2128.32,500,8,0,813,127524,4,1
1618,36,Male,Single,Master,Self-Employed,Rural,14,0,1,2006,18,Mercedes,Pickup,Diesel,8474,1800,Standard,1004.13,500,15,1,506,165469,3,1
1619,63,Female,Widowed,Master,Employed,Suburban,41,2,1,2018,6,Audi,Coupe,Electric,22462,1500,Standard,1975.6,250,1,1,747,134991,2,0
1620,36,Male,Widowed,None,Self-Employed,Rural,14,0,1,2015,9,BMW,Pickup,Hybrid,6716,1000,Basic,1052.6,500,15,0,741,84722,1,0
1621,51,Male,Divorced,Bachelor,Student,Rural,33,0,0,2006,18,Chevrolet,Minivan,Diesel,17746,1500,Comprehensive,2562.61,1000,7,0,742,197777,3,1
1622,67,Male,Married,PhD,Self-Employed,Suburban,46,0,0,2020,4,Ford,Sedan,Diesel,32939,1500,Basic,1791.93,1000,8,1,417,111314,0,0
1623,29,Female,Widowed,PhD,Employed,Urban,7,0,1,2005,19,Hyundai,Pickup,Diesel,18345,2000,Basic,2184.02,500,1,0,575,34182,3,0
1624,70,Female,Divorced,Bachelor,Self-Employed,Rural,48,0,1,2022,2,Mercedes,Coupe,Hybrid,33368,2000,Standard,2504.19,250,12,1,344,126723,0,0
1625,42,Male,Divorced,Bachelor,Self-Employed,Suburban,24,4,2,2023,1,Honda,Minivan,Hybrid,15121,2500,Standard,831.83,2000,8,0,690,77485,2,0
1626,45,Male,Single,Master,Student,Rural,24,1,2,2015,9,Mercedes,Hatchback,Hybrid,19060,1200,Basic,1084.27,2000,12,1,614,32581,0,0
1627,41,Male,Single,Master,Employed,Rural,18,1,1,2010,14,Volkswagen,SUV,Electric,27480,1800,Basic,2009.08,500,4,0,836,56737,0,0
1628,19,Male,Widowed,High School,Self-Employed,Urban,0,1,0,2013,11,Nissan,Hatchback,Electric,18759,1800,Standard,491.89,1000,2,1,688,117390,0,1
1629,71,Male,Single,High School,Student,Rural,48,0,0,2017,7,Chevrolet,Minivan,Hybrid,29636,2500,Standard,2504.34,1500,7,1,557,141001,4,1
1630,18,Female,Married,None,Student,Suburban,0,2,3,2007,17,Chevrolet,Hatchback,Petrol,14421,1800,Comprehensive,1702.4,2000,3,1,447,137688,1,1
1631,18,Female,Single,None,Retired,Rural,0,0,1,2024,0,Nissan,Pickup,Diesel,26146,1800,Comprehensive,1044.2,250,7,1,443,95029,1,0
1632,30,Male,Married,Bachelor,Employed,Suburban,11,0,0,2011,13,Audi,SUV,Diesel,31895,1000,Basic,592.93,250,13,1,321,119984,1,0
1633,38,Female,Widowed,Master,Retired,Urban,15,0,0,2017,7,Honda,Hatchback,Petrol,14059,1200,Comprehensive,1535.14,1000,6,1,835,70344,1,0
1634,54,Male,Widowed,High School,Self-Employed,Suburban,34,3,3,2024,0,Volkswagen,SUV,Diesel,31472,2500,Comprehensive,2475.16,1000,12,1,556,32902,1,1
1635,61,Female,Single,High School,Unemployed,Rural,38,1,0,2018,6,Ford,Hatchback,Hybrid,24751,1500,Standard,1436.44,500,10,0,702,194307,4,0
1636,45,Female,Single,PhD,Unemployed,Suburban,26,0,1,2024,0,Toyota,Sedan,Petrol,9296,2000,Standard,2495.61,2000,13,0,620,192234,3,0
1637,30,Female,Married,High School,Self-Employed,Urban,10,1,1,2013,11,Hyundai,Minivan,Hybrid,10620,2500,Comprehensive,1030.79,500,3,0,396,117416,1,1
1638,33,Male,Divorced,High School,Unemployed,Urban,13,0,0,2009,15,Hyundai,SUV,Petrol,14060,1000,Basic,2036.65,1000,6,1,367,191308,0,1
1639,36,Female,Married,Master,Employed,Suburban,16,0,1,2024,0,BMW,Minivan,Diesel,11032,1800,Comprehensive,2027.06,2000,10,1,325,51625,0,1
1640,30,Male,Single,None,Employed,Suburban,9,0,1,2012,12,Hyundai,Minivan,Diesel,9234,2000,Standard,1581.73,500,8,1,663,104954,0,0
1641,46,Male,Widowed,Master,Student,Urban,26,0,1,2008,16,Mercedes,Pickup,Petrol,10889,3000,Standard,1455.57,1000,15,0,522,166283,2,1
1642,47,Male,Married,High School,Retired,Urban,24,0,2,2012,12,BMW,Coupe,Petrol,19308,1200,Comprehensive,2607.63,2000,10,1,816,62431,3,0
1643,48,Male,Married,None,Employed,Urban,26,2,2,2012,12,Chevrolet,Sedan,Petrol,9850,3500,Standard,1918.53,2000,12,1,622,136099,2,1
1644,29,Male,Single,PhD,Self-Employed,Urban,11,2,1,2015,9,Audi,Sedan,Petrol,5126,2000,Standard,811.89,1000,15,0,701,85004,0,1
1645,67,Female,Single,Master,Self-Employed,Urban,44,1,3,2005,19,Toyota,Pickup,Diesel,10411,3000,Standard,1374.53,2000,4,1,460,136062,2,0
1646,50,Female,Divorced,PhD,Employed,Urban,28,2,0,2016,8,BMW,Sedan,Petrol,6428,1800,Basic,2097.12,500,11,0,650,149867,2,0
1647,48,Female,Divorced,Master,Student,Suburban,26,0,0,2022,2,Mercedes,Pickup,Petrol,12907,1500,Standard,2021.85,500,3,1,687,107722,2,0
1648,60,Female,Divorced,High School,Retired,Suburban,37,0,0,2008,16,Chevrolet,Hatchback,Hybrid,11685,1500,Basic,2507.59,2000,6,0,811,118778,2,0
1649,63,Female,Widowed,Master,Student,Urban,45,1,1,2012,12,BMW,Pickup,Electric,10028,1200,Standard,2289.26,2000,5,0,390,17281,2,1
1650,38,Male,Divorced,Master,Retired,Suburban,16,1,2,2011,13,Chevrolet,Minivan,Diesel,12531,1800,Standard,421.7,250,5,0,739,95448,0,1
1651,20,Male,Married,PhD,Self-Employed,Urban,0,1,0,2024,0,BMW,Hatchback,Diesel,15203,2500,Comprehensive,813.52,500,3,1,333,37793,2,0
1652,37,Female,Married,None,Retired,Urban,16,2,1,2023,1,Hyundai,SUV,Petrol,22883,1800,Basic,2079.92,1000,13,1,712,135037,2,1
1653,46,Male,Divorced,Master,Student,Suburban,25,0,0,2022,2,BMW,Pickup,Petrol,27282,3500,Comprehensive,1135.1,2000,7,0,664,19299,2,0
1654,29,Female,Widowed,Bachelor,Unemployed,Suburban,10,0,1,2009,15,BMW,SUV,Electric,19677,2000,Basic,1617.17,1000,12,1,469,139145,4,0
1655,35,Female,Married,Bachelor,Self-Employed,Suburban,12,0,2,2018,6,Volkswagen,Pickup,Petrol,6506,1500,Standard,1918.64,1500,2,0,687,149532,1,0
1656,53,Female,Widowed,None,Self-Employed,Suburban,33,1,5,2005,19,BMW,Minivan,Electric,7732,1800,Standard,1978.27,1000,7,0,535,189907,0,1
1657,52,Male,Married,High School,Unemployed,Urban,30,0,0,2011,13,Mercedes,Pickup,Hybrid,24189,1000,Basic,2042.58,500,8,1,553,180580,4,0
1658,18,Male,Married,Bachelor,Employed,Urban,0,0,1,2016,8,Ford,Sedan,Petrol,25551,1200,Comprehensive,568.4,500,4,0,499,78534,3,1
1659,31,Male,Divorced,High School,Unemployed,Rural,12,0,0,2010,14,BMW,Sedan,Hybrid,20856,1200,Basic,793.92,1000,10,0,550,40607,2,0
1660,58,Female,Widowed,None,Employed,Urban,35,0,0,2023,1,Honda,Pickup,Hybrid,33469,1500,Basic,2516.24,500,5,1,842,77510,0,1
1661,67,Female,Single,Master,Employed,Suburban,47,1,0,2024,0,Honda,Sedan,Hybrid,25524,1000,Comprehensive,2162.87,1500,1,0,794,51865,2,1
1662,34,Male,Single,None,Self-Employed,Rural,11,1,0,2022,2,BMW,Hatchback,Petrol,10856,2500,Basic,605.79,250,1,1,519,61648,0,1
1663,61,Female,Married,PhD,Student,Urban,41,0,2,2010,14,Honda,SUV,Petrol,8235,1800,Comprehensive,1235.07,1000,3,0,471,116260,1,1
1664,23,Female,Widowed,None,Employed,Urban,2,4,0,2022,2,Volkswagen,Minivan,Diesel,24588,1000,Standard,558.8,500,9,1,562,59377,1,1
1665,28,Male,Divorced,High School,Student,Rural,8,0,2,2014,10,Toyota,Hatchback,Diesel,7542,1800,Standard,2404.13,250,11,1,328,132272,1,0
1666,51,Female,Divorced,Bachelor,Unemployed,Suburban,30,3,0,2012,12,Chevrolet,Coupe,Electric,19292,1800,Standard,433.68,250,9,0,324,185501,1,1
1667,20,Female,Married,Master,Retired,Rural,2,0,2,2019,5,Ford,Pickup,Hybrid,12942,3000,Basic,1780.94,2000,1,0,541,49193,0,1
1668,22,Male,Divorced,High School,Student,Urban,1,0,0,2024,0,Audi,Sedan,Electric,5965,1200,Basic,1383.32,250,2,1,579,139418,3,0
1669,47,Male,Widowed,Master,Unemployed,Suburban,26,1,3,2022,2,Volkswagen,SUV,Petrol,10358,2500,Standard,2539.54,1500,12,0,615,181388,0,0
1670,33,Male,Single,High School,Employed,Suburban,13,1,0,2017,7,Chevrolet,Pickup,Hybrid,34560,1000,Standard,648.97,2000,7,0,398,141861,0,1
1671,45,Female,Divorced,High School,Student,Suburban,27,0,0,2011,13,Nissan,Sedan,Electric,28067,3500,Basic,1124.4,2000,14,0,750,135703,2,0
1672,30,Male,Single,None,Retired,Rural,8,1,0,2013,11,Nissan,Coupe,Hybrid,30684,1500,Comprehensive,1655.48,500,8,0,494,71350,2,1
1673,61,Male,Married,Master,Employed,Rural,42,1,0,2018,6,BMW,Minivan,Electric,30093,1500,Comprehensive,1072.19,500,11,1,554,168494,2,1
1674,68,Female,Married,Bachelor,Unemployed,Urban,46,1,0,2019,5,Volkswagen,SUV,Diesel,20509,1500,Basic,2542.18,1000,15,0,699,180352,0,0
1675,44,Female,Married,Bachelor,Retired,Urban,26,0,2,2007,17,Hyundai,Pickup,Diesel,13369,2500,Standard,778.04,1500,4,1,475,153458,2,1
1676,41,Female,Single,Master,Retired,Suburban,21,0,1,2014,10,BMW,Hatchback,Electric,9826,1200,Basic,1561.41,1000,15,1,600,163800,1,0
1677,28,Male,Divorced,Bachelor,Retired,Suburban,9,0,2,2007,17,Ford,Coupe,Petrol,9031,3500,Standard,1037.4,1500,11,0,557,188179,1,1
1678,50,Female,Married,Master,Student,Rural,31,0,1,2024,0,Audi,Coupe,Hybrid,17276,2000,Comprehensive,2492.35,1000,4,0,362,136822,1,1
1679,59,Male,Married,Master,Student,Rural,40,2,2,2006,18,Hyundai,Pickup,Diesel,13522,1500,Basic,2993.63,250,12,0,443,80796,1,1
1680,65,Female,Widowed,Bachelor,Retired,Urban,42,0,2,2007,17,Mercedes,Minivan,Hybrid,5434,1800,Comprehensive,2307.3,1500,2,0,686,170958,2,1
1681,37,Male,Married,High School,Unemployed,Suburban,15,3,1,2017,7,Hyundai,Sedan,Hybrid,7540,2500,Standard,1481.98,1000,10,0,404,43175,3,1
1682,30,Male,Widowed,High School,Employed,Suburban,12,0,5,2010,14,Nissan,Coupe,Hybrid,30860,3500,Comprehensive,2897.19,500,2,0,361,160276,1,1
1683,57,Female,Married,Master,Employed,Suburban,35,0,0,2024,0,Chevrolet,Coupe,Electric,10371,1000,Basic,2047.79,1000,2,1,576,50760,0,1
1684,71,Female,Married,Bachelor,Unemployed,Suburban,53,1,0,2016,8,Ford,Coupe,Electric,29243,1800,Comprehensive,1037.8,1000,11,1,747,70925,3,0
1685,62,Male,Married,High School,Retired,Suburban,41,0,0,2024,0,Nissan,SUV,Hybrid,19535,1800,Standard,1142.08,250,1,1,523,173661,0,0
1686,24,Female,Single,Master,Self-Employed,Rural,6,4,0,2018,6,Toyota,SUV,Electric,30149,1800,Standard,1971.23,1500,7,0,729,70437,1,1
1687,43,Male,Widowed,Master,Employed,Urban,25,0,1,2009,15,Volkswagen,SUV,Diesel,17441,1500,Comprehensive,1071.42,250,9,0,433,87724,1,1
1688,68,Male,Divorced,PhD,Retired,Urban,48,0,0,2012,12,Chevrolet,Pickup,Electric,6247,2500,Comprehensive,2715.18,1000,13,1,769,73591,1,0
1689,53,Female,Married,Master,Employed,Urban,34,3,3,2022,2,Mercedes,Pickup,Hybrid,30988,1800,Comprehensive,438.72,1500,13,1,473,56365,3,1
1690,29,Female,Widowed,Master,Self-Employed,Urban,7,0,0,2023,1,Audi,Coupe,Petrol,9659,1000,Basic,2094.89,1000,5,0,748,15241,0,0
1691,23,Female,Single,Bachelor,Retired,Urban,2,1,0,2015,9,BMW,Minivan,Electric,7267,2000,Basic,2124.43,2000,14,1,684,199924,0,1
1692,22,Female,Married,PhD,Self-Employed,Urban,2,0,0,2005,19,Volkswagen,SUV,Diesel,13633,2500,Basic,486.16,2000,8,1,493,132656,0,1
1693,40,Male,Married,None,Employed,Suburban,22,1,1,2020,4,Honda,Pickup,Petrol,13035,1500,Comprehensive,2469.11,500,1,1,598,88759,0,0
1694,33,Female,Widowed,High School,Self-Employed,Rural,15,1,3,2007,17,BMW,Pickup,Petrol,28958,1200,Basic,384.82,500,15,1,797,123316,1,1
1695,33,Female,Divorced,PhD,Student,Suburban,13,0,0,2006,18,BMW,Hatchback,Petrol,25099,1500,Comprehensive,975.32,1000,13,0,410,28244,0,0
1696,54,Female,Divorced,Bachelor,Self-Employed,Urban,32,1,1,2011,13,BMW,SUV,Petrol,11742,1500,Comprehensive,2955.17,1000,11,1,644,22468,1,1
1697,45,Male,Widowed,High School,Student,Suburban,25,1,0,2008,16,Mercedes,Hatchback,Hybrid,19318,1200,Standard,2889.8,2000,4,1,439,133794,2,0
1698,55,Female,Married,High School,Self-Employed,Rural,35,0,1,2020,4,Ford,Hatchback,Diesel,26846,1000,Basic,2299.42,1000,9,0,764,136135,2,1
1699,52,Female,Single,None,Unemployed,Suburban,30,0,0,2015,9,Audi,Coupe,Petrol,29547,2000,Comprehensive,1046.01,1500,11,1,605,128392,0,0
1700,33,Male,Single,Master,Employed,Suburban,14,0,0,2021,3,Volkswagen,Pickup,Electric,15821,1500,Basic,2426.15,2000,10,1,799,172054,2,0
1701,25,Female,Widowed,PhD,Employed,Rural,3,1,0,2020,4,Ford,Minivan,Electric,34612,1000,Basic,2750.48,250,1,1,378,135960,1,0
1702,71,Female,Married,Master,Student,Urban,48,0,0,2012,12,Mercedes,Sedan,Hybrid,24248,1800,Comprehensive,2313.54,1500,15,1,658,141204,1,1
1703,59,Male,Married,Bachelor,Unemployed,Suburban,38,1,1,2007,17,Hyundai,Minivan,Petrol,18857,3000,Standard,1706.89,2000,2,1,667,137708,0,1
1704,61,Female,Single,PhD,Student,Rural,39,2,5,2023,1,BMW,Pickup,Diesel,17714,1500,Comprehensive,338.21,2000,15,1,621,46304,2,1
1705,32,Male,Divorced,PhD,Self-Employed,Urban,13,0,0,2007,17,Nissan,SUV,Electric,17940,1800,Basic,1902.34,250,3,1,761,96760,2,0
1706,74,Female,Widowed,None,Retired,Rural,53,1,2,2024,0,Volkswagen,Minivan,Diesel,7794,1800,Basic,457.83,500,8,0,566,68704,1,0
1707,29,Male,Divorced,None,Employed,Suburban,9,0,0,2008,16,Ford,Pickup,Electric,18283,1800,Comprehensive,2368.61,250,8,1,508,43290,2,1
1708,73,Female,Married,PhD,Employed,Rural,53,1,0,2017,7,Toyota,Pickup,Diesel,10694,1200,Standard,809.12,1500,8,0,661,143537,1,0
1709,64,Female,Married,None,Unemployed,Suburban,46,0,0,2005,19,Toyota,SUV,Diesel,20360,1500,Basic,2331.47,1000,13,0,755,94850,3,0
1710,31,Female,Married,Bachelor,Retired,Suburban,13,0,1,2009,15,Toyota,SUV,Petrol,27502,2500,Comprehensive,2199.64,2000,6,1,442,188360,0,1
1711,60,Male,Single,High School,Self-Employed,Rural,42,0,2,2005,19,BMW,Minivan,Hybrid,18890,1500,Basic,1359.16,2000,5,1,479,147938,0,1
1712,72,Female,Divorced,Master,Employed,Urban,53,4,0,2006,18,Ford,Minivan,Electric,6011,2500,Standard,1275.31,1000,11,0,410,188054,0,0
1713,65,Female,Married,PhD,Retired,Suburban,44,2,1,2015,9,Toyota,Minivan,Diesel,6786,1500,Comprehensive,1527.89,250,8,0,428,198765,3,1
1714,72,Female,Single,None,Retired,Urban,49,1,1,2021,3,Nissan,SUV,Petrol,34718,2000,Standard,626.17,2000,8,1,808,123437,0,1
1715,23,Female,Divorced,PhD,Student,Suburban,4,0,5,2009,15,Volkswagen,Sedan,Electric,26513,1500,Comprehensive,2099.31,250,15,0,612,162298,3,1
1716,60,Female,Divorced,PhD,Student,Suburban,39,0,2,2022,2,Nissan,Pickup,Electric,25490,1500,Comprehensive,2882.86,250,12,0,676,170802,1,0
1717,46,Male,Married,Bachelor,Unemployed,Rural,23,4,2,2016,8,Audi,SUV,Hybrid,31445,1000,Basic,1863.77,1000,2,0,770,23045,1,1
1718,60,Male,Widowed,High School,Unemployed,Suburban,38,0,3,2009,15,Toyota,Minivan,Diesel,5952,3000,Basic,2801.32,500,9,0,368,56403,0,0
1719,57,Female,Widowed,PhD,Student,Urban,36,0,0,2019,5,BMW,Hatchback,Electric,21491,1500,Standard,1276.31,1500,1,1,403,166861,2,1
1720,72,Female,Widowed,Master,Self-Employed,Rural,51,0,0,2013,11,Volkswagen,Pickup,Diesel,24694,1500,Standard,978.4,2000,1,1,577,126596,3,0
1721,49,Male,Single,Master,Unemployed,Rural,28,0,0,2010,14,Hyundai,SUV,Petrol,9476,3500,Basic,1440.54,1500,3,1,578,144849,2,0
1722,61,Male,Divorced,None,Employed,Suburban,43,2,1,2017,7,Honda,Hatchback,Hybrid,30184,2000,Basic,369.05,2000,11,0,335,133160,0,0
1723,38,Female,Widowed,PhD,Self-Employed,Rural,18,1,0,2017,7,Audi,SUV,Petrol,23168,1800,Basic,868.8,2000,9,1,687,145498,0,1
1724,18,Female,Divorced,Bachelor,Unemployed,Rural,0,1,1,2016,8,Honda,Sedan,Petrol,34589,1800,Basic,830.06,1000,10,1,314,166472,0,0
1725,36,Male,Married,Master,Unemployed,Suburban,14,1,2,2006,18,BMW,SUV,Diesel,23278,1800,Standard,2134.33,1500,7,1,337,180873,1,1
1726,54,Female,Single,Bachelor,Retired,Urban,31,0,1,2020,4,Nissan,SUV,Hybrid,14396,1500,Comprehensive,2061.69,250,9,0,822,66525,1,1
1727,60,Male,Widowed,High School,Self-Employed,Suburban,39,0,0,2005,19,Chevrolet,Sedan,Electric,15122,1800,Comprehensive,1179.4,500,4,0,379,138182,2,1
1728,46,Female,Widowed,PhD,Employed,Rural,27,4,2,2022,2,Nissan,Coupe,Diesel,30009,1000,Basic,459.5,500,9,1,627,129780,0,1
1729,29,Male,Single,Bachelor,Student,Urban,8,0,1,2008,16,Audi,Minivan,Diesel,13725,2000,Standard,2088.45,500,7,1,649,136984,0,0
1730,36,Female,Widowed,Master,Retired,Urban,13,1,0,2019,5,Hyundai,SUV,Electric,19529,2000,Standard,2130.39,2000,9,0,630,51568,2,0
1731,56,Male,Single,None,Retired,Urban,38,2,0,2018,6,Chevrolet,SUV,Diesel,22807,2500,Basic,1163.37,1500,5,1,806,24719,2,1
1732,73,Male,Married,None,Self-Employed,Urban,51,0,0,2006,18,Ford,Pickup,Electric,21683,3000,Basic,971.29,1000,12,1,685,68149,2,0
1733,67,Male,Married,Master,Unemployed,Suburban,48,0,0,2006,18,Hyundai,Sedan,Electric,33297,2500,Standard,2250.66,2000,11,0,712,65430,2,1
1734,69,Male,Divorced,Bachelor,Student,Urban,48,0,1,2017,7,Ford,Minivan,Hybrid,24005,3000,Comprehensive,977.53,1500,12,0,520,180831,1,1
1735,59,Female,Widowed,None,Student,Rural,40,0,0,2011,13,Honda,Coupe,Diesel,10860,2000,Standard,543.75,500,15,0,442,148805,2,1
1736,72,Female,Married,Master,Self-Employed,Rural,50,0,1,2021,3,Hyundai,Hatchback,Electric,17060,1500,Comprehensive,1954.87,1000,9,0,387,83492,2,1
1737,43,Male,Single,Bachelor,Self-Employed,Rural,24,0,0,2014,10,Audi,Sedan,Electric,19639,1800,Comprehensive,2868.3,1000,8,0,736,147053,2,0
1738,26,Male,Married,Bachelor,Retired,Urban,4,0,2,2018,6,Nissan,Hatchback,Hybrid,14573,3500,Basic,1104.75,1500,1,0,515,20317,2,0
1739,52,Female,Married,None,Unemployed,Rural,29,0,0,2011,13,Volkswagen,SUV,Petrol,17996,1500,Basic,2600.21,1000,7,0,405,137968,0,0
1740,75,Male,Single,Bachelor,Self-Employed,Rural,54,0,0,2014,10,Chevrolet,Hatchback,Petrol,25699,1200,Basic,986.14,500,14,0,534,39908,0,0
1741,24,Female,Widowed,Bachelor,Student,Suburban,5,4,5,2021,3,Mercedes,Hatchback,Electric,15027,1000,Basic,1740.24,1000,8,1,455,57687,3,1
1742,24,Male,Divorced,None,Student,Urban,6,0,5,2018,6,Toyota,Minivan,Petrol,10985,2500,Basic,1099.72,2000,1,0,752,83641,2,1
1743,58,Male,Widowed,Bachelor,Retired,Suburban,40,3,0,2020,4,Nissan,Coupe,Electric,15467,3500,Basic,2590.6,500,15,0,740,106526,0,1
1744,27,Male,Married,Master,Retired,Rural,7,2,0,2007,17,Honda,Minivan,Petrol,27512,1800,Basic,1964.67,1000,1,0,549,188335,2,0
1745,58,Male,Widowed,PhD,Student,Urban,38,0,0,2012,12,BMW,Sedan,Hybrid,30033,1200,Standard,1852.26,1000,6,1,367,59749,2,0
1746,53,Male,Divorced,None,Self-Employed,Urban,35,2,0,2022,2,Honda,Hatchback,Diesel,6558,1800,Comprehensive,1256.38,250,14,1,701,158535,0,0
1747,28,Female,Widowed,Bachelor,Retired,Urban,8,1,0,2012,12,Ford,Hatchback,Petrol,12591,2500,Standard,944.25,500,14,0,674,27013,2,1
1748,43,Male,Married,None,Self-Employed,Rural,23,0,1,2012,12,Chevrolet,Minivan,Hybrid,16625,1500,Comprehensive,1876.89,1000,3,1,837,20022,0,0
1749,51,Female,Divorced,High School,Retired,Rural,30,1,2,2023,1,Toyota,Coupe,Electric,31612,1000,Basic,2335.66,1000,15,1,408,102708,2,0
1750,25,Male,Married,PhD,Student,Urban,7,0,0,2013,11,Mercedes,Hatchback,Hybrid,23756,2000,Comprehensive,589.5,250,8,0,796,80909,3,1
1751,34,Female,Widowed,None,Unemployed,Rural,14,2,1,2015,9,Chevrolet,SUV,Hybrid,14626,2000,Comprehensive,1321.57,1500,1,1,438,72441,1,0
1752,67,Female,Widowed,Master,Employed,Urban,49,1,1,2011,13,Volkswagen,Coupe,Diesel,21419,2000,Standard,2568.52,500,13,1,304,95251,0,1
1753,43,Male,Married,PhD,Unemployed,Rural,23,0,0,2009,15,Volkswagen,Pickup,Electric,23314,3000,Basic,2099.39,250,7,0,709,138176,2,0
1754,27,Female,Single,Bachelor,Retired,Urban,6,0,0,2024,0,Nissan,SUV,Diesel,5374,1500,Comprehensive,2359.76,1000,4,1,438,198025,3,0
1755,51,Female,Married,Bachelor,Unemployed,Rural,30,2,0,2005,19,Honda,Sedan,Electric,25296,2500,Standard,2556.57,1000,8,1,578,143304,0,0
1756,46,Female,Single,Master,Unemployed,Rural,28,1,0,2022,2,Honda,Coupe,Electric,16947,2500,Standard,2936.99,1000,10,1,761,76083,2,1
1757,60,Male,Divorced,High School,Retired,Suburban,41,2,0,2023,1,Honda,Sedan,Petrol,14612,2500,Comprehensive,2120.96,1000,7,1,519,23309,1,0
1758,28,Male,Widowed,PhD,Employed,Rural,5,0,3,2023,1,Honda,Pickup,Electric,21590,1800,Basic,1407.49,1000,13,0,421,23401,0,0
1759,46,Female,Widowed,High School,Self-Employed,Suburban,26,2,1,2022,2,Honda,Coupe,Diesel,32558,2000,Basic,748.87,1500,13,1,468,82699,2,0
1760,22,Female,Single,None,Retired,Urban,0,1,1,2022,2,Hyundai,Hatchback,Diesel,20243,2000,Basic,2206.62,1000,4,1,726,68268,0,1
1761,49,Male,Widowed,High School,Student,Rural,29,0,1,2008,16,Mercedes,Minivan,Electric,5074,1000,Comprehensive,2282.43,250,13,1,678,122557,0,1
1762,25,Male,Widowed,Master,Employed,Suburban,3,0,1,2021,3,Ford,SUV,Electric,29548,2000,Basic,1524.32,500,12,1,564,169321,2,0
1763,65,Male,Divorced,High School,Unemployed,Suburban,42,0,0,2015,9,Mercedes,Pickup,Electric,21670,3000,Standard,2558.05,500,11,1,368,30686,3,0
1764,55,Male,Divorced,None,Employed,Suburban,32,2,0,2022,2,Hyundai,SUV,Hybrid,5066,2000,Basic,1583.75,500,12,0,563,31060,4,1
1765,68,Male,Single,Master,Employed,Urban,50,0,0,2020,4,Chevrolet,Hatchback,Diesel,20738,2000,Basic,1482.11,500,15,1,779,41892,1,1
1766,18,Female,Divorced,Bachelor,Student,Urban,0,1,3,2014,10,BMW,Coupe,Petrol,20960,3000,Standard,1547.01,500,15,0,748,24082,0,1
1767,22,Female,Married,None,Employed,Suburban,0,0,0,2020,4,Ford,Hatchback,Hybrid,6775,2500,Standard,2478.63,2000,3,0,509,129252,2,0
1768,24,Female,Divorced,High School,Self-Employed,Suburban,6,0,0,2024,0,Chevrolet,SUV,Petrol,33348,1200,Comprehensive,449.64,1500,7,1,745,121416,4,1
1769,32,Male,Divorced,Bachelor,Employed,Rural,11,4,0,2015,9,BMW,Minivan,Diesel,21402,2000,Basic,1559.18,250,6,0,545,151129,0,1
1770,25,Male,Widowed,PhD,Unemployed,Rural,3,0,0,2016,8,Ford,Pickup,Petrol,15331,1200,Standard,330.06,1000,11,1,809,17201,1,0
1771,57,Female,Single,None,Student,Rural,36,2,0,2007,17,Ford,SUV,Electric,27073,1800,Comprehensive,1774.64,1500,11,0,625,162145,1,1
1772,38,Female,Single,High School,Student,Rural,19,0,0,2016,8,Honda,Pickup,Hybrid,27766,3000,Basic,2638.2,500,8,1,642,72115,0,0
1773,47,Male,Divorced,Master,Retired,Rural,24,0,0,2020,4,Volkswagen,Minivan,Diesel,8669,1200,Standard,1425.57,250,7,1,685,35170,1,0
1774,69,Female,Divorced,Bachelor,Self-Employed,Urban,50,2,2,2019,5,Toyota,Minivan,Petrol,5079,1200,Comprehensive,2165.67,500,10,1,374,176329,2,1
1775,53,Female,Married,PhD,Retired,Rural,30,1,2,2008,16,Ford,Pickup,Petrol,20975,2000,Comprehensive,974.3,250,9,0,631,150000,2,0
1776,73,Male,Divorced,None,Employed,Rural,55,0,0,2014,10,Toyota,Hatchback,Petrol,23116,2500,Basic,2176.17,250,6,1,526,104463,4,0
1777,70,Female,Single,Bachelor,Employed,Urban,52,0,1,2023,1,Mercedes,Pickup,Petrol,34153,1200,Comprehensive,502.73,1000,15,1,758,125631,2,1
1778,63,Female,Married,PhD,Self-Employed,Urban,42,2,0,2021,3,Nissan,Hatchback,Electric,24622,1000,Basic,1349.74,2000,3,0,550,73744,0,0
1779,65,Female,Divorced,PhD,Retired,Suburban,42,2,0,2018,6,Volkswagen,Hatchback,Hybrid,32873,2500,Comprehensive,2005.64,500,1,1,653,30031,1,0
1780,54,Female,Divorced,High School,Student,Suburban,34,0,0,2023,1,Hyundai,SUV,Diesel,30194,1200,Basic,362.01,500,5,1,694,81761,0,1
1781,31,Female,Divorced,PhD,Retired,Suburban,9,0,1,2005,19,Hyundai,Coupe,Diesel,23894,1500,Basic,1698.81,1000,5,1,444,192033,2,0
1782,40,Male,Married,High School,Student,Rural,19,0,1,2010,14,Hyundai,Minivan,Hybrid,31549,1200,Standard,1476.1,500,3,0,724,156262,0,0
1783,48,Female,Married,Master,Employed,Rural,29,1,1,2016,8,Hyundai,Minivan,Hybrid,32362,1800,Comprehensive,2403.52,250,3,0,826,19652,0,0
1784,23,Male,Widowed,Bachelor,Unemployed,Suburban,3,2,0,2017,7,Audi,Hatchback,Electric,19903,1500,Standard,2100.75,1000,2,1,552,177866,0,0
1785,29,Male,Single,None,Student,Rural,6,0,0,2023,1,Toyota,Pickup,Hybrid,25962,1800,Comprehensive,993.92,1500,11,0,352,40583,0,0
1786,36,Male,Married,None,Retired,Urban,13,0,1,2017,7,Toyota,Sedan,Hybrid,20360,2000,Comprehensive,2332.92,500,4,1,445,49930,1,0
1787,57,Male,Married,Master,Self-Employed,Suburban,36,0,1,2019,5,Chevrolet,Hatchback,Electric,19611,2000,Basic,745.11,250,11,1,491,39440,0,0
1788,51,Female,Widowed,High School,Self-Employed,Rural,30,0,0,2017,7,Nissan,Pickup,Electric,10778,2500,Basic,2346.92,1000,8,1,552,111601,2,0
1789,37,Female,Widowed,High School,Student,Rural,14,3,2,2023,1,Ford,Coupe,Electric,12908,1200,Comprehensive,447.34,1000,5,1,383,125018,2,0
1790,48,Female,Widowed,PhD,Student,Rural,25,1,1,2023,1,Nissan,Pickup,Diesel,28513,1500,Basic,2657.39,2000,6,1,635,168557,0,0
1791,25,Female,Widowed,Bachelor,Self-Employed,Rural,5,3,0,2024,0,Mercedes,Pickup,Diesel,21198,1800,Standard,671.63,500,9,1,661,91561,2,0
1792,57,Female,Widowed,None,Employed,Rural,36,1,1,2009,15,Toyota,Sedan,Petrol,5761,2000,Basic,2304.36,500,9,1,726,171277,0,1
1793,49,Female,Divorced,High School,Retired,Rural,31,1,0,2008,16,Toyota,Minivan,Petrol,5051,2000,Comprehensive,2838.19,2000,12,1,487,86538,0,1
1794,75,Female,Widowed,PhD,Retired,Rural,52,0,0,2021,3,BMW,Sedan,Electric,8767,1800,Comprehensive,1554.82,1000,2,0,522,82113,0,0
1795,38,Male,Widowed,PhD,Retired,Rural,17,1,0,2011,13,Mercedes,Minivan,Diesel,17714,2000,Standard,1736.49,1500,6,0,511,189487,0,0
1796,59,Female,Single,Master,Employed,Suburban,38,0,2,2010,14,Nissan,Sedan,Hybrid,7796,3000,Comprehensive,1910.09,1500,14,1,703,118032,3,0
1797,56,Female,Divorced,PhD,Self-Employed,Rural,38,0,1,2010,14,Mercedes,SUV,Electric,17781,1800,Comprehensive,2486.1,250,4,0,656,66701,1,0
1798,54,Female,Married,Master,Retired,Rural,33,1,2,2020,4,BMW,Hatchback,Petrol,20550,3500,Basic,2314.52,1500,3,0,604,135914,3,1
1799,65,Male,Married,PhD,Employed,Suburban,43,1,2,2011,13,Volkswagen,Minivan,Diesel,8516,2000,Standard,775.35,1500,6,1,605,82021,0,0
1800,20,Female,Single,None,Retired,Suburban,0,0,0,2017,7,BMW,Pickup,Diesel,28298,3000,Basic,1268.5,250,7,1,357,131741,2,0
1801,69,Male,Divorced,None,Employed,Urban,50,1,0,2011,13,Chevrolet,Minivan,Diesel,24803,1500,Basic,1603.37,500,13,1,701,130518,1,0
1802,39,Female,Divorced,None,Unemployed,Rural,16,1,0,2010,14,Audi,Coupe,Hybrid,24955,2000,Basic,1179.28,2000,3,1,309,28009,2,0
1803,31,Male,Married,Bachelor,Student,Rural,9,0,2,2018,6,Toyota,SUV,Petrol,13182,1800,Comprehensive,2579.63,1000,2,1,811,141361,0,1
1804,22,Female,Married,Master,Employed,Rural,0,0,0,2007,17,Chevrolet,Pickup,Electric,16009,1800,Basic,718.87,1000,6,0,630,160849,1,1
1805,45,Male,Single,Bachelor,Self-Employed,Rural,22,0,3,2012,12,Hyundai,SUV,Hybrid,22273,1800,Basic,1311.32,500,6,1,607,141988,4,0
1806,60,Female,Widowed,Master,Student,Suburban,37,0,0,2009,15,Nissan,SUV,Petrol,29844,1000,Basic,2996.52,1000,12,0,838,158217,0,0
1807,38,Female,Divorced,Master,Employed,Rural,15,0,0,2005,19,Hyundai,Coupe,Petrol,8567,1000,Comprehensive,1801.36,1500,8,1,566,81489,1,1
1808,52,Female,Widowed,Bachelor,Student,Rural,32,0,0,2012,12,BMW,Hatchback,Hybrid,19505,1500,Comprehensive,1402.74,500,4,1,451,55951,3,0
1809,45,Male,Single,None,Employed,Suburban,27,0,0,2011,13,Nissan,Minivan,Hybrid,13024,1500,Standard,435.75,500,2,1,308,98752,3,1
1810,66,Female,Single,None,Student,Rural,44,0,1,2013,11,Hyundai,Coupe,Hybrid,19774,1500,Standard,1319.65,2000,9,1,417,173989,2,0
1811,37,Female,Married,PhD,Student,Suburban,18,1,1,2021,3,Hyundai,Coupe,Hybrid,31418,1500,Comprehensive,1908.11,1000,15,1,763,45531,0,0
1812,57,Female,Divorced,Master,Unemployed,Suburban,39,2,0,2023,1,Hyundai,SUV,Electric,20692,1500,Standard,1605.11,500,8,0,381,52120,0,1
1813,41,Female,Single,None,Employed,Rural,19,2,0,2016,8,Chevrolet,Coupe,Diesel,9156,2000,Comprehensive,409.32,250,15,0,631,169453,0,1
1814,46,Male,Widowed,Master,Unemployed,Suburban,26,0,1,2007,17,Audi,SUV,Electric,14925,3000,Standard,1403.62,1500,2,0,492,174925,0,0
1815,21,Female,Divorced,Bachelor,Self-Employed,Suburban,2,2,0,2020,4,Hyundai,Coupe,Petrol,23688,1500,Basic,1660.18,250,10,1,300,152716,1,1
1816,58,Female,Married,PhD,Self-Employed,Suburban,37,0,1,2020,4,Chevrolet,SUV,Diesel,33430,1800,Standard,1412.17,2000,8,1,815,100433,4,0
1817,68,Male,Divorced,Master,Retired,Rural,50,0,0,2017,7,Ford,Coupe,Petrol,27487,1200,Standard,1952.82,500,12,0,714,108242,0,0
1818,40,Female,Widowed,Bachelor,Employed,Suburban,18,0,0,2016,8,Volkswagen,Pickup,Petrol,7217,1800,Standard,848.9,2000,14,1,468,87865,3,0
1819,23,Female,Single,None,Unemployed,Suburban,5,0,1,2011,13,Nissan,Sedan,Electric,11415,2000,Standard,1970.19,1500,3,1,834,71865,3,0
1820,20,Female,Single,Master,Employed,Urban,2,0,0,2010,14,Honda,SUV,Petrol,15406,1500,Basic,1792.53,250,14,0,795,151496,4,1
1821,70,Male,Single,Master,Unemployed,Urban,50,0,0,2020,4,BMW,Sedan,Hybrid,27560,1200,Basic,2537.97,2000,6,0,334,121953,2,0
1822,50,Male,Widowed,None,Employed,Suburban,29,0,1,2018,6,Hyundai,Minivan,Hybrid,6504,3000,Standard,1598.02,1000,10,1,759,78835,2,0
1823,38,Female,Single,High School,Retired,Rural,15,1,0,2009,15,Hyundai,Sedan,Electric,6281,1200,Comprehensive,2527.72,2000,11,0,326,179674,2,1
1824,46,Male,Married,Master,Student,Rural,26,1,2,2009,15,Toyota,Coupe,Petrol,10010,1500,Basic,344.32,1000,2,1,360,137398,2,0
1825,37,Male,Single,PhD,Student,Urban,15,1,0,2008,16,Honda,Hatchback,Electric,25633,1500,Standard,541.2,1000,1,1,751,188949,2,1
1826,71,Female,Divorced,None,Retired,Urban,48,1,0,2020,4,Toyota,Pickup,Petrol,26325,1500,Comprehensive,2432.01,2000,4,1,747,185164,1,0
1827,75,Male,Married,PhD,Self-Employed,Rural,56,0,0,2010,14,Mercedes,Hatchback,Electric,30271,1800,Comprehensive,562.65,250,9,0,541,106613,0,0
1828,36,Male,Divorced,Master,Unemployed,Rural,13,0,1,2024,0,Toyota,Sedan,Petrol,13514,1500,Comprehensive,2749.39,2000,1,1,727,144974,2,0
1829,24,Female,Single,None,Student,Urban,1,0,1,2021,3,Chevrolet,SUV,Petrol,21312,2500,Comprehensive,1652.93,250,15,1,716,154802,3,1
1830,32,Female,Widowed,None,Employed,Rural,13,0,0,2008,16,Volkswagen,Hatchback,Electric,13556,3000,Standard,2987.39,1000,8,0,414,55576,3,1
1831,46,Female,Widowed,PhD,Self-Employed,Urban,24,0,0,2023,1,Mercedes,Pickup,Electric,16922,1000,Basic,2003.35,2000,10,1,422,137223,3,0
1832,23,Female,Widowed,High School,Student,Urban,3,0,3,2007,17,Mercedes,Hatchback,Hybrid,7869,2500,Standard,399.61,1000,5,0,678,63589,1,1
1833,60,Male,Widowed,None,Retired,Rural,40,0,1,2023,1,Honda,SUV,Hybrid,23274,1000,Comprehensive,1666.15,1500,3,0,493,158545,3,0
1834,56,Female,Divorced,Bachelor,Retired,Urban,35,1,0,2020,4,Mercedes,Minivan,Petrol,15190,1800,Standard,309.19,500,7,0,494,107354,0,1
1835,42,Male,Married,Bachelor,Student,Rural,23,2,0,2013,11,Honda,Minivan,Electric,16294,1000,Basic,1854.23,1000,5,0,670,52057,3,1
1836,75,Male,Divorced,None,Self-Employed,Rural,57,0,0,2009,15,Volkswagen,SUV,Diesel,15054,1000,Comprehensive,797.69,2000,4,1,842,42609,2,1
1837,28,Female,Married,Bachelor,Self-Employed,Suburban,9,0,3,2018,6,Chevrolet,Hatchback,Hybrid,33904,1800,Comprehensive,2442.43,250,10,1,694,155883,4,0
1838,47,Female,Married,None,Retired,Suburban,25,1,2,2011,13,Volkswagen,Pickup,Electric,25879,2500,Basic,2968.11,1500,7,1,304,195026,1,1
1839,46,Male,Married,High School,Self-Employed,Urban,25,0,1,2011,13,Honda,Pickup,Hybrid,24558,1000,Basic,1116.5,500,9,0,493,67351,0,1
1840,74,Male,Single,High School,Student,Suburban,54,0,0,2012,12,Volkswagen,SUV,Petrol,33466,1200,Comprehensive,899.62,2000,14,1,498,33864,0,1
1841,75,Male,Widowed,None,Employed,Suburban,54,0,2,2015,9,Audi,Sedan,Petrol,27077,1500,Standard,333.24,1500,14,0,541,114629,1,1
1842,27,Female,Married,Bachelor,Retired,Suburban,5,1,0,2015,9,Honda,Minivan,Diesel,33469,3000,Standard,2896.5,250,13,0,645,26301,4,1
1843,36,Male,Single,Master,Student,Rural,14,0,1,2017,7,Ford,Minivan,Petrol,6217,1800,Comprehensive,1589.56,1000,3,1,843,118719,1,0
1844,52,Male,Widowed,None,Employed,Suburban,30,3,1,2010,14,Honda,Hatchback,Petrol,19500,3000,Standard,2961.22,250,9,1,384,88550,2,0
1845,30,Male,Married,High School,Employed,Suburban,7,1,0,2006,18,Chevrolet,Sedan,Diesel,26363,3000,Standard,1070.62,1000,15,1,835,155053,3,0
1846,22,Male,Married,PhD,Self-Employed,Rural,4,2,3,2009,15,Audi,SUV,Diesel,9429,1800,Comprehensive,2133.3,1000,5,0,414,92782,2,0
1847,33,Female,Widowed,Master,Retired,Urban,10,0,1,2014,10,Hyundai,Coupe,Electric,19893,1800,Basic,1583.99,2000,3,1,738,71802,1,0
1848,71,Male,Widowed,Master,Retired,Rural,48,0,0,2015,9,Nissan,SUV,Hybrid,16824,1000,Comprehensive,1649.46,1500,1,0,492,45295,1,1
1849,22,Male,Divorced,None,Unemployed,Urban,2,0,0,2016,8,Volkswagen,Coupe,Hybrid,13671,1000,Basic,525.17,1500,1,0,504,69735,1,1
1850,28,Male,Widowed,High School,Unemployed,Urban,10,4,1,2009,15,Volkswagen,Pickup,Diesel,12572,1200,Basic,1090.65,2000,3,0,407,17045,0,1
1851,56,Female,Divorced,PhD,Retired,Urban,36,1,1,2023,1,Hyundai,Sedan,Petrol,24595,2500,Basic,315.34,1000,7,1,538,182165,1,0
1852,32,Female,Divorced,High School,Student,Suburban,13,0,0,2012,12,Toyota,SUV,Diesel,31420,3000,Comprehensive,2415.13,1500,8,0,355,119032,1,0
1853,19,Male,Divorced,None,Self-Employed,Urban,0,2,0,2014,10,Honda,Minivan,Electric,24004,1000,Standard,530.72,1000,4,0,431,145020,3,0
1854,57,Female,Divorced,Bachelor,Student,Urban,37,0,3,2021,3,Audi,Minivan,Petrol,18141,2500,Comprehensive,2627.04,250,8,0,624,44707,0,1
1855,25,Male,Divorced,None,Retired,Suburban,5,3,0,2007,17,BMW,Pickup,Petrol,29283,1800,Comprehensive,1011.98,2000,15,0,719,120457,2,1
1856,59,Male,Divorced,PhD,Employed,Urban,39,0,0,2007,17,Chevrolet,Pickup,Petrol,20122,1000,Basic,857,250,2,0,428,133472,0,1
1857,51,Male,Widowed,Bachelor,Employed,Urban,31,0,0,2018,6,Mercedes,Sedan,Petrol,7085,1800,Comprehensive,2391.4,1000,5,0,708,30007,2,0
1858,53,Male,Divorced,High School,Employed,Suburban,33,0,1,2010,14,Mercedes,Minivan,Petrol,32401,1200,Standard,1156.18,1000,11,1,746,52878,0,0
1859,27,Male,Married,High School,Student,Suburban,8,1,2,2018,6,Nissan,Hatchback,Hybrid,6796,1500,Comprehensive,2484.16,250,11,1,452,77407,0,0
1860,43,Female,Married,High School,Student,Suburban,22,0,0,2012,12,Honda,Pickup,Electric,24021,2000,Basic,1461.4,1000,11,1,405,40199,2,1
1861,59,Male,Married,Master,Student,Rural,40,1,1,2005,19,Chevrolet,Coupe,Petrol,25937,1800,Standard,1856.83,1000,8,1,354,44222,2,0
1862,32,Male,Divorced,High School,Retired,Rural,12,1,0,2020,4,BMW,SUV,Electric,28007,1500,Comprehensive,2540.41,2000,8,0,742,173068,1,1
1863,67,Female,Married,Master,Self-Employed,Urban,44,2,1,2015,9,Toyota,Hatchback,Petrol,31055,1800,Standard,350.06,250,9,1,707,161016,2,1
1864,65,Female,Married,None,Employed,Suburban,42,1,3,2006,18,Audi,Hatchback,Hybrid,23694,1200,Basic,1732.72,1500,12,0,699,119391,2,1
1865,74,Male,Divorced,High School,Student,Rural,56,0,0,2013,11,Toyota,Minivan,Hybrid,10816,2000,Comprehensive,2044.42,2000,1,0,703,146675,3,1
1866,60,Male,Widowed,None,Retired,Rural,41,2,0,2010,14,BMW,SUV,Petrol,11074,1500,Standard,1645.6,1000,1,0,831,105186,4,0
1867,25,Female,Married,PhD,Employed,Suburban,7,0,2,2020,4,Chevrolet,SUV,Diesel,11604,1500,Standard,927.81,1500,14,1,484,41537,2,0
1868,27,Male,Divorced,Bachelor,Employed,Suburban,5,0,0,2008,16,Hyundai,Minivan,Hybrid,7146,1800,Comprehensive,1076.22,1000,1,1,439,188824,4,0
1869,32,Male,Divorced,Master,Unemployed,Suburban,11,1,3,2024,0,BMW,Pickup,Electric,27000,2000,Standard,869.31,2000,6,1,452,73334,2,0
1870,45,Male,Married,None,Self-Employed,Urban,26,0,0,2007,17,BMW,Minivan,Diesel,6662,1200,Standard,1186.07,1000,13,0,482,83192,1,0
1871,51,Female,Single,Bachelor,Self-Employed,Urban,28,0,0,2010,14,Toyota,Coupe,Hybrid,30734,1500,Standard,2693.51,1500,1,1,512,168293,3,1
1872,51,Female,Widowed,None,Self-Employed,Suburban,29,0,0,2008,16,Volkswagen,Minivan,Diesel,9605,1500,Basic,1692.83,2000,13,0,757,32722,1,0
1873,22,Female,Divorced,Master,Unemployed,Rural,0,1,2,2022,2,Toyota,SUV,Hybrid,25904,1500,Comprehensive,1481.71,500,9,0,398,73545,3,1
1874,54,Female,Widowed,Bachelor,Retired,Suburban,34,0,0,2020,4,Toyota,Sedan,Electric,34942,1500,Standard,1169.16,2000,9,0,509,84153,2,1
1875,50,Male,Married,None,Self-Employed,Rural,30,0,3,2022,2,Mercedes,Pickup,Hybrid,24384,3500,Basic,2896.13,2000,8,1,524,136765,0,0
1876,67,Female,Single,Master,Self-Employed,Urban,44,0,1,2017,7,Volkswagen,Pickup,Hybrid,6994,2000,Comprehensive,2184.88,500,13,0,392,41180,2,0
1877,63,Female,Single,High School,Unemployed,Suburban,43,1,0,2012,12,Chevrolet,SUV,Petrol,32558,1200,Comprehensive,454.1,1500,8,0,777,17207,2,1
1878,59,Male,Single,PhD,Employed,Rural,37,0,0,2005,19,Mercedes,Hatchback,Diesel,6477,1800,Basic,1356.12,1000,8,1,430,93264,1,0
1879,48,Male,Married,Master,Retired,Urban,27,3,2,2023,1,Audi,Sedan,Electric,28478,2500,Standard,2479.08,1500,10,0,432,21351,3,0
1880,75,Male,Divorced,PhD,Unemployed,Rural,53,0,0,2015,9,Toyota,Coupe,Petrol,23624,1800,Standard,1756.94,1000,5,1,745,100627,4,0
1881,65,Male,Widowed,Master,Retired,Urban,47,3,0,2016,8,Honda,Hatchback,Electric,18756,1800,Standard,325.97,500,1,0,703,184342,1,1
1882,61,Male,Single,High School,Employed,Urban,41,2,0,2006,18,Hyundai,Minivan,Petrol,17700,2000,Basic,1841.46,1000,13,1,743,109201,1,1
1883,18,Male,Divorced,High School,Employed,Suburban,0,0,2,2013,11,Audi,Pickup,Hybrid,22315,2000,Standard,2275.85,2000,13,1,659,59668,1,1
1884,53,Male,Divorced,PhD,Student,Urban,33,0,0,2011,13,Nissan,Sedan,Hybrid,24740,1500,Basic,540.78,2000,2,0,409,115678,1,0
1885,41,Male,Single,Master,Unemployed,Suburban,19,0,0,2015,9,Toyota,Pickup,Petrol,30424,1800,Basic,2006.27,1000,8,1,696,64464,3,0
1886,24,Male,Married,Bachelor,Self-Employed,Urban,2,0,0,2010,14,Hyundai,Hatchback,Hybrid,8265,1500,Standard,2785.7,1000,7,1,589,110806,2,0
1887,56,Male,Divorced,Master,Employed,Rural,34,0,1,2007,17,Honda,SUV,Hybrid,25732,1200,Comprehensive,2143.69,1000,13,1,460,166591,1,0
1888,54,Male,Divorced,Master,Unemployed,Rural,34,0,0,2014,10,Volkswagen,Hatchback,Electric,34394,1500,Comprehensive,717.6,1000,9,1,318,183825,4,0
1889,48,Female,Widowed,PhD,Retired,Rural,27,3,0,2006,18,Hyundai,SUV,Electric,33064,1200,Basic,1819.84,2000,8,0,733,48238,3,0
1890,37,Female,Widowed,PhD,Student,Suburban,14,3,1,2024,0,Honda,Coupe,Petrol,24706,1200,Standard,741.94,1000,3,1,515,44680,1,0
1891,49,Male,Divorced,PhD,Student,Suburban,27,0,1,2018,6,BMW,Minivan,Hybrid,20890,1000,Standard,2610.45,1500,8,1,413,86222,0,0
1892,72,Female,Single,Bachelor,Retired,Rural,54,1,0,2014,10,Mercedes,Coupe,Electric,6172,2000,Comprehensive,2168.32,2000,6,1,631,49651,1,0
1893,31,Female,Divorced,Master,Unemployed,Suburban,11,0,0,2020,4,Volkswagen,Minivan,Hybrid,11898,1500,Standard,2162.59,500,1,1,327,163188,3,0
1894,67,Male,Widowed,Bachelor,Student,Rural,46,0,1,2009,15,Chevrolet,Pickup,Electric,27028,1800,Comprehensive,1644.54,2000,10,1,461,184112,4,0
1895,19,Male,Widowed,PhD,Unemployed,Rural,1,1,0,2019,5,Volkswagen,Minivan,Electric,13657,1800,Comprehensive,2742.07,2000,14,1,501,196394,1,1
1896,71,Female,Single,PhD,Retired,Urban,50,0,2,2021,3,Mercedes,SUV,Electric,21088,1200,Standard,1823.48,250,10,0,698,65605,4,0
1897,39,Male,Widowed,Bachelor,Retired,Rural,20,0,0,2024,0,Honda,Hatchback,Hybrid,25088,1800,Basic,1596.97,2000,3,0,354,140370,2,1
1898,31,Female,Single,Bachelor,Self-Employed,Suburban,11,0,2,2018,6,Audi,Minivan,Diesel,29834,2000,Comprehensive,1059.8,2000,1,0,688,191354,2,0
1899,57,Male,Single,Bachelor,Unemployed,Suburban,36,2,0,2007,17,Honda,Coupe,Diesel,23130,1800,Comprehensive,2745.34,1000,7,1,657,40136,4,0
1900,19,Male,Married,None,Employed,Suburban,0,3,5,2018,6,Audi,Hatchback,Diesel,12105,1800,Standard,2533.15,2000,11,0,793,108650,3,1
1901,36,Male,Divorced,PhD,Self-Employed,Suburban,13,0,0,2022,2,Hyundai,Sedan,Diesel,5318,2500,Comprehensive,784.14,1500,8,0,381,133999,2,0
1902,43,Male,Divorced,High School,Retired,Suburban,24,0,0,2024,0,Ford,Hatchback,Electric,27137,2000,Comprehensive,964.42,1500,3,1,772,142773,2,0
1903,50,Female,Single,Bachelor,Unemployed,Suburban,29,0,0,2013,11,Chevrolet,Coupe,Hybrid,25203,1200,Standard,348.63,1500,12,0,686,177641,4,0
1904,29,Female,Single,Master,Student,Urban,11,1,0,2005,19,Mercedes,Sedan,Electric,7539,2000,Basic,1542.52,250,10,0,437,171012,2,1
1905,33,Female,Single,Bachelor,Student,Suburban,12,0,0,2024,0,Volkswagen,SUV,Electric,15415,1000,Comprehensive,865.69,500,15,0,381,22956,3,0
1906,50,Female,Divorced,PhD,Student,Urban,32,2,0,2006,18,Honda,Minivan,Hybrid,14018,1800,Basic,2744.01,1500,6,1,328,145985,4,1
1907,63,Female,Married,PhD,Self-Employed,Urban,41,0,1,2006,18,Honda,Sedan,Petrol,26644,2500,Standard,1827.34,1500,3,0,461,56757,4,0
1908,34,Male,Single,PhD,Employed,Urban,12,0,0,2023,1,Volkswagen,Pickup,Petrol,10605,3000,Standard,2608.97,1000,4,1,342,87547,3,1
1909,63,Male,Single,Master,Retired,Urban,45,2,1,2007,17,Honda,Coupe,Electric,25029,3500,Comprehensive,1397.4,500,8,1,495,199230,3,0
1910,66,Female,Widowed,None,Student,Suburban,48,2,0,2021,3,Hyundai,Pickup,Diesel,15381,1800,Basic,2560.96,500,3,1,710,83403,2,1
1911,60,Female,Single,PhD,Retired,Suburban,42,1,0,2020,4,Honda,Sedan,Electric,23407,1800,Basic,1333.24,1000,9,0,377,163772,1,0
1912,39,Female,Widowed,High School,Unemployed,Urban,18,0,1,2015,9,Toyota,Hatchback,Electric,29055,1500,Standard,2746.57,1000,12,0,566,52997,2,0
1913,58,Male,Single,Master,Employed,Urban,38,2,0,2021,3,Volkswagen,SUV,Hybrid,21706,1500,Comprehensive,2857.89,1500,1,1,446,81790,0,0
1914,60,Male,Divorced,Bachelor,Employed,Suburban,39,1,0,2005,19,Toyota,Pickup,Petrol,34546,1500,Standard,1271.86,1500,3,0,778,117612,1,1
1915,34,Male,Widowed,High School,Retired,Urban,16,1,0,2007,17,Chevrolet,Hatchback,Petrol,28277,2000,Basic,314.7,1500,15,1,556,61928,2,0
1916,41,Female,Widowed,High School,Unemployed,Rural,20,3,0,2006,18,Volkswagen,Pickup,Hybrid,9300,2000,Comprehensive,2260.54,500,9,0,606,168667,3,1
1917,58,Male,Single,Master,Self-Employed,Suburban,39,1,1,2022,2,BMW,SUV,Hybrid,32156,1800,Standard,2419.89,250,15,0,474,195086,2,1
1918,35,Female,Widowed,PhD,Unemployed,Rural,13,4,1,2007,17,Ford,Minivan,Diesel,16214,2000,Basic,464.24,500,7,0,314,161630,2,1
1919,60,Male,Single,PhD,Self-Employed,Rural,42,1,0,2012,12,Chevrolet,Sedan,Diesel,34541,1500,Standard,1971.45,2000,2,1,426,117609,1,1
1920,63,Female,Married,None,Student,Suburban,41,2,3,2011,13,Volkswagen,Sedan,Diesel,30577,1500,Standard,1686.27,500,15,0,362,177222,0,1
1921,20,Male,Widowed,None,Retired,Urban,0,0,2,2019,5,BMW,Minivan,Hybrid,34863,1200,Comprehensive,2769.87,1000,15,0,357,28341,2,1
1922,36,Female,Married,None,Self-Employed,Urban,18,0,0,2015,9,Volkswagen,Sedan,Hybrid,34084,1000,Standard,1826.13,500,8,1,305,89613,0,0
1923,21,Female,Married,High School,Retired,Suburban,3,0,1,2023,1,Toyota,SUV,Hybrid,18941,1500,Basic,2994.03,250,11,0,628,180302,3,0
1924,25,Female,Widowed,Master,Retired,Suburban,6,2,1,2005,19,Nissan,Hatchback,Diesel,20883,1500,Standard,731.77,500,9,1,302,131500,0,1
1925,41,Male,Divorced,High School,Retired,Suburban,23,0,0,2013,11,Chevrolet,Sedan,Petrol,31246,1800,Comprehensive,1579.76,1000,1,1,425,69595,4,0
1926,62,Male,Divorced,High School,Unemployed,Urban,42,1,2,2008,16,Ford,Sedan,Petrol,21141,1500,Basic,2939.34,1000,2,1,738,167168,2,0
1927,31,Male,Widowed,PhD,Unemployed,Urban,10,1,2,2023,1,Mercedes,Pickup,Diesel,21742,1800,Comprehensive,848.27,2000,15,0,678,61705,3,0
1928,42,Male,Divorced,PhD,Self-Employed,Suburban,24,0,0,2008,16,BMW,Pickup,Diesel,24980,2500,Comprehensive,533.68,1000,9,0,527,127788,1,0
1929,30,Female,Divorced,Bachelor,Student,Suburban,7,1,0,2014,10,Hyundai,Minivan,Electric,17216,3000,Comprehensive,2353.7,1000,1,1,411,91951,1,1
1930,24,Female,Widowed,PhD,Self-Employed,Urban,1,1,0,2005,19,Mercedes,SUV,Diesel,12886,2500,Comprehensive,1699,500,2,1,304,53056,1,0
1931,63,Male,Widowed,High School,Retired,Urban,45,1,0,2022,2,Volkswagen,Pickup,Hybrid,21878,1500,Basic,2491.81,500,7,0,464,136663,1,0
1932,56,Female,Widowed,Bachelor,Student,Rural,38,0,5,2020,4,BMW,Coupe,Petrol,32627,1800,Comprehensive,2935.47,500,4,0,344,162912,1,1
1933,55,Male,Divorced,PhD,Student,Urban,32,1,0,2021,3,Volkswagen,SUV,Petrol,5104,1800,Comprehensive,1988.39,1500,14,0,713,135689,2,0
1934,29,Male,Widowed,None,Unemployed,Suburban,11,0,1,2017,7,Nissan,Minivan,Petrol,33679,3000,Standard,1887.58,1000,12,0,678,60051,2,1
1935,19,Female,Single,PhD,Unemployed,Urban,0,1,0,2024,0,Audi,Pickup,Hybrid,5274,1500,Basic,1805.55,2000,4,1,304,176952,2,0
1936,74,Female,Divorced,None,Student,Rural,52,0,2,2013,11,Nissan,SUV,Diesel,13355,1500,Standard,1755.8,1500,15,0,696,30697,0,1
1937,50,Male,Widowed,PhD,Student,Suburban,32,0,1,2023,1,Chevrolet,Minivan,Electric,12293,2000,Comprehensive,1646.49,2000,1,0,755,152373,0,0
1938,67,Female,Married,PhD,Employed,Urban,46,1,2,2021,3,Chevrolet,Sedan,Electric,34338,1200,Standard,1613.85,250,4,1,505,35401,0,1
1939,71,Female,Divorced,PhD,Self-Employed,Suburban,50,1,0,2013,11,BMW,SUV,Petrol,21278,3500,Basic,1513.87,250,6,1,718,128954,0,0
1940,70,Male,Widowed,None,Retired,Rural,49,0,0,2008,16,Hyundai,Pickup,Hybrid,14643,1500,Standard,675.07,2000,10,1,823,188592,1,0
1941,58,Male,Divorced,Master,Retired,Urban,38,0,2,2017,7,Chevrolet,SUV,Diesel,23761,1800,Standard,737.45,1500,8,1,344,128627,2,1
1942,34,Male,Married,None,Self-Employed,Suburban,11,3,0,2018,6,Nissan,Coupe,Diesel,12752,1800,Basic,2552.65,2000,9,1,441,55667,1,0
1943,45,Female,Married,None,Student,Suburban,27,0,0,2016,8,Chevrolet,Hatchback,Petrol,23335,3000,Basic,1624.65,250,12,1,464,122588,0,0
1944,41,Male,Widowed,High School,Employed,Rural,23,0,0,2014,10,Volkswagen,Minivan,Petrol,24184,2000,Basic,1068.81,250,10,0,306,27309,2,0
1945,40,Female,Divorced,Master,Retired,Rural,21,0,0,2021,3,Mercedes,Pickup,Diesel,26447,2000,Standard,2263.38,500,13,0,622,62421,3,1
1946,53,Female,Married,High School,Student,Urban,34,0,5,2016,8,Volkswagen,Coupe,Petrol,6502,2000,Basic,1993.44,1500,13,0,420,144679,0,0
1947,34,Male,Married,Master,Employed,Urban,13,0,0,2019,5,Volkswagen,Hatchback,Diesel,15161,2500,Comprehensive,1127.84,1500,6,0,741,191607,2,0
1948,72,Female,Married,Master,Student,Suburban,49,2,0,2018,6,Toyota,SUV,Electric,27974,1800,Standard,819.06,2000,9,1,651,109149,2,0
1949,49,Female,Married,High School,Retired,Rural,31,1,2,2010,14,Nissan,Minivan,Diesel,29992,1500,Basic,1378.29,1000,12,0,320,187718,0,0
1950,26,Female,Widowed,Master,Retired,Rural,6,0,1,2009,15,Audi,Minivan,Electric,16306,2000,Comprehensive,1457.19,1500,12,1,355,92315,4,0
1951,47,Male,Divorced,PhD,Retired,Rural,26,0,2,2021,3,BMW,Minivan,Electric,8367,1800,Basic,1407.19,250,1,0,752,161548,0,0
1952,57,Male,Married,High School,Student,Rural,37,0,0,2009,15,Volkswagen,Hatchback,Electric,24806,1800,Basic,2912.28,500,5,0,301,104754,2,0
1953,54,Male,Divorced,None,Retired,Urban,34,1,0,2017,7,Hyundai,Sedan,Diesel,30250,1500,Basic,2781.64,1000,1,1,327,149771,2,0
1954,59,Male,Single,Bachelor,Unemployed,Suburban,37,1,0,2019,5,Nissan,Minivan,Electric,33078,1500,Basic,2304.55,500,12,0,459,152113,0,0
1955,68,Male,Married,PhD,Retired,Rural,49,0,1,2007,17,Hyundai,Hatchback,Electric,30171,1800,Comprehensive,1664.09,500,13,1,766,28591,1,1
1956,19,Female,Single,PhD,Self-Employed,Suburban,0,0,0,2010,14,Mercedes,Minivan,Diesel,9259,1800,Standard,712.89,1500,10,0,561,143735,0,0
1957,68,Male,Widowed,None,Unemployed,Suburban,47,1,0,2011,13,Audi,Coupe,Hybrid,32387,2500,Standard,1827.42,250,13,1,670,87642,0,0
1958,69,Male,Divorced,PhD,Unemployed,Urban,47,0,2,2024,0,Toyota,Sedan,Hybrid,31321,3000,Basic,1152.33,2000,6,0,793,89464,1,0
1959,71,Female,Single,Master,Retired,Rural,52,0,0,2019,5,Audi,SUV,Petrol,30984,2000,Comprehensive,1106.65,1500,6,1,365,176549,3,0
1960,72,Female,Widowed,Master,Employed,Urban,54,2,2,2006,18,Ford,Pickup,Hybrid,15082,2000,Comprehensive,1263.3,2000,11,1,357,16310,1,1
1961,32,Male,Widowed,Bachelor,Employed,Rural,9,0,2,2020,4,Volkswagen,Coupe,Diesel,10590,2000,Standard,2010.98,500,12,1,593,192084,3,0
1962,29,Male,Widowed,None,Unemployed,Suburban,9,0,0,2016,8,Ford,Minivan,Electric,29892,2000,Comprehensive,1628.4,250,8,1,756,172965,0,1
1963,37,Female,Divorced,High School,Unemployed,Rural,15,0,0,2023,1,Volkswagen,SUV,Electric,26926,1500,Standard,317.12,2000,15,0,804,132114,4,1
1964,72,Male,Widowed,None,Retired,Urban,49,0,0,2008,16,Nissan,SUV,Electric,7905,2000,Basic,2433.83,500,2,1,763,49230,4,0
1965,55,Male,Divorced,Master,Retired,Suburban,34,3,0,2018,6,Volkswagen,Minivan,Hybrid,27488,1500,Basic,2915.3,1000,1,1,540,86332,4,0
1966,18,Male,Widowed,Master,Retired,Suburban,0,1,0,2018,6,Volkswagen,Hatchback,Hybrid,33914,1200,Basic,1887.46,1500,8,1,385,30376,1,1
1967,19,Male,Married,Bachelor,Employed,Rural,0,2,0,2010,14,Honda,Hatchback,Hybrid,25855,1000,Standard,2562.21,1500,14,1,525,136334,0,0
1968,18,Female,Married,Master,Self-Employed,Rural,0,0,0,2021,3,Honda,Minivan,Hybrid,9880,1800,Basic,2823.29,1500,2,1,357,140567,0,0
1969,45,Female,Single,PhD,Unemployed,Urban,26,0,2,2006,18,Hyundai,Coupe,Petrol,13820,1200,Standard,2073.68,2000,11,1,753,174588,1,1
1970,36,Female,Widowed,High School,Unemployed,Rural,15,1,1,2013,11,Audi,Pickup,Petrol,33278,1200,Comprehensive,2629.61,2000,4,0,825,190513,2,0
1971,37,Female,Widowed,None,Unemployed,Rural,15,0,1,2019,5,Hyundai,Coupe,Hybrid,22400,2000,Comprehensive,2153.71,500,8,1,814,64124,4,1
1972,20,Female,Single,Master,Retired,Suburban,0,1,0,2008,16,BMW,SUV,Hybrid,19821,2500,Comprehensive,2076.24,250,14,1,691,131936,2,0
1973,22,Female,Single,None,Self-Employed,Rural,3,3,1,2017,7,Mercedes,Coupe,Petrol,25994,1500,Basic,1434.38,1000,1,1,471,189040,3,1
1974,54,Female,Married,PhD,Unemployed,Urban,35,0,1,2024,0,Honda,Hatchback,Petrol,21798,2000,Comprehensive,951.53,2000,13,0,326,87290,3,0
1975,37,Female,Divorced,Master,Unemployed,Suburban,19,1,1,2022,2,Honda,Hatchback,Petrol,24819,2000,Comprehensive,988.39,500,8,0,374,178119,4,1
1976,52,Male,Single,None,Unemployed,Suburban,29,0,0,2021,3,Honda,Hatchback,Electric,33184,1200,Comprehensive,1451.93,1500,2,0,788,137315,2,0
1977,35,Male,Single,PhD,Student,Urban,13,3,0,2021,3,Hyundai,Coupe,Diesel,14179,3500,Basic,988.35,1500,8,1,795,61304,0,1
1978,30,Male,Divorced,High School,Unemployed,Suburban,12,0,1,2024,0,Volkswagen,SUV,Diesel,27487,1500,Standard,2010.9,1500,7,1,402,174913,0,0
1979,40,Male,Married,Master,Employed,Rural,18,0,0,2017,7,BMW,SUV,Electric,25406,2500,Basic,1496.28,1500,12,1,356,154330,1,0
1980,61,Male,Widowed,None,Self-Employed,Urban,39,1,0,2016,8,Mercedes,SUV,Electric,13390,1800,Basic,546.79,2000,11,0,420,46644,1,0
1981,48,Female,Divorced,High School,Retired,Urban,29,1,1,2016,8,Hyundai,SUV,Diesel,34676,3000,Standard,1276.36,2000,13,0,806,78494,0,1
1982,38,Male,Married,Bachelor,Retired,Urban,18,1,0,2011,13,Audi,Hatchback,Hybrid,30939,1800,Standard,1179.92,1500,3,0,802,66715,3,0
1983,18,Female,Divorced,Master,Retired,Rural,0,0,2,2021,3,Ford,Coupe,Electric,6365,1800,Comprehensive,1760.85,2000,7,0,674,106042,2,0
1984,54,Male,Widowed,High School,Student,Urban,31,1,2,2019,5,BMW,Pickup,Petrol,22156,1000,Standard,1753.93,500,7,0,507,189166,0,0
1985,47,Female,Single,High School,Employed,Suburban,28,2,1,2019,5,Toyota,SUV,Electric,30132,1200,Standard,2830.47,1500,8,1,688,197966,2,0
1986,44,Male,Widowed,High School,Self-Employed,Suburban,22,1,0,2021,3,Toyota,Minivan,Electric,13132,1800,Comprehensive,2824.58,2000,12,0,480,199668,0,0
1987,32,Female,Divorced,PhD,Retired,Urban,9,0,1,2013,11,Mercedes,Hatchback,Petrol,10194,2000,Standard,717.66,500,3,0,510,88564,2,0
1988,61,Female,Married,None,Unemployed,Rural,38,0,0,2006,18,Chevrolet,Sedan,Hybrid,6453,3000,Standard,1839.81,500,10,1,648,34461,0,0
1989,72,Male,Married,None,Self-Employed,Urban,51,0,1,2017,7,Toyota,Hatchback,Diesel,20884,1800,Comprehensive,1637.49,250,13,0,551,125496,2,0
1990,41,Female,Divorced,PhD,Self-Employed,Suburban,18,0,1,2024,0,Mercedes,Sedan,Diesel,12020,1500,Comprehensive,1727.48,2000,10,0,826,151050,4,0
1991,51,Male,Single,High School,Student,Urban,31,1,0,2011,13,Volkswagen,Sedan,Diesel,30557,3500,Comprehensive,379.23,1000,9,1,567,86301,0,0
1992,26,Male,Married,Bachelor,Student,Rural,3,0,0,2018,6,BMW,Coupe,Diesel,30420,3000,Comprehensive,1885.82,2000,1,1,538,149342,3,0
1993,20,Female,Widowed,Master,Student,Rural,0,1,0,2022,2,Honda,Coupe,Petrol,7153,2500,Comprehensive,1575.82,1500,3,0,533,42471,0,0
1994,40,Female,Divorced,PhD,Employed,Urban,22,0,0,2009,15,Honda,Pickup,Petrol,19672,2000,Basic,1132.73,500,14,0,805,97500,2,0
1995,73,Male,Divorced,None,Self-Employed,Urban,52,0,2,2008,16,Volkswagen,Hatchback,Diesel,33360,1800,Standard,541.46,2000,2,0,652,74047,0,1
1996,70,Male,Widowed,None,Self-Employed,Suburban,52,0,2,2010,14,Ford,SUV,Petrol,7462,1500,Standard,2878.47,500,1,0,619,16280,0,0
1997,35,Female,Widowed,High School,Self-Employed,Suburban,17,3,0,2020,4,Ford,Sedan,Electric,16942,1000,Comprehensive,1842.8,2000,1,1,509,195851,2,0
1998,32,Male,Married,Master,Employed,Urban,11,1,0,2015,9,Honda,Sedan,Electric,32626,2500,Standard,1320.24,250,8,0,336,110207,2,0
1999,39,Male,Married,Bachelor,Self-Employed,Urban,17,0,0,2023,1,Ford,Hatchback,Petrol,20655,1500,Comprehensive,2574.69,1000,10,1,724,103456,0,0
2000,32,Female,Married,None,Retired,Suburban,12,0,1,2023,1,Hyundai,Coupe,Petrol,28021,1000,Comprehensive,1105.8,1500,3,1,799,109523,0,0
2001,45,Male,Single,Master,Student,Suburban,27,3,2,2012,12,Audi,Hatchback,Electric,33417,2500,Comprehensive,2234.85,1000,7,1,465,30375,0,1
2002,56,Male,Married,Bachelor,Self-Employed,Urban,38,0,0,2024,0,Nissan,Coupe,Petrol,18302,2000,Comprehensive,602.65,1500,13,1,333,134652,4,1
2003,55,Male,Widowed,PhD,Student,Rural,35,2,0,2008,16,Volkswagen,Minivan,Diesel,26688,1200,Comprehensive,2750.19,1000,4,1,654,126404,2,0
2004,58,Female,Married,High School,Self-Employed,Urban,38,2,3,2020,4,Honda,Sedan,Diesel,17565,2000,Standard,914.2,1500,7,1,390,81196,0,1
2005,73,Female,Single,None,Student,Suburban,53,0,2,2016,8,Audi,Hatchback,Electric,5502,3000,Basic,434.3,2000,15,0,736,167760,1,0
2006,38,Female,Divorced,Bachelor,Student,Rural,19,1,0,2007,17,Toyota,Coupe,Petrol,23530,1800,Basic,1004.89,250,11,0,570,127880,2,0
2007,27,Male,Widowed,High School,Student,Suburban,9,0,2,2005,19,Ford,SUV,Electric,10563,1500,Basic,2084,250,4,1,395,132992,1,0
2008,52,Male,Divorced,Master,Employed,Suburban,32,0,0,2017,7,BMW,Pickup,Petrol,16501,2000,Standard,1797.06,2000,2,1,492,175842,0,0
2009,57,Female,Single,High School,Unemployed,Urban,35,0,1,2016,8,Volkswagen,Sedan,Diesel,31613,1000,Standard,1069.21,1000,12,1,791,113572,0,0
2010,40,Female,Married,Master,Employed,Rural,20,3,0,2007,17,Mercedes,SUV,Diesel,16671,1800,Basic,2677.7,2000,15,0,826,128227,0,1
2011,39,Male,Divorced,Bachelor,Unemployed,Rural,20,0,0,2005,19,BMW,SUV,Hybrid,16054,2500,Basic,1749.15,250,14,0,657,63673,2,1
2012,74,Male,Divorced,Bachelor,Employed,Suburban,53,0,0,2022,2,BMW,Sedan,Diesel,23416,3000,Standard,350.11,1500,11,1,775,120342,2,0
2013,73,Male,Single,High School,Retired,Urban,52,2,1,2006,18,Audi,Hatchback,Hybrid,14608,3500,Standard,1240.54,1000,1,1,419,96108,0,1
2014,31,Female,Married,High School,Retired,Rural,11,0,0,2015,9,Audi,Pickup,Diesel,23454,1500,Comprehensive,1404.13,500,12,1,523,58882,4,0
2015,49,Male,Married,None,Employed,Rural,26,4,0,2017,7,Hyundai,Minivan,Petrol,13701,1000,Basic,1132.12,250,15,1,706,150885,2,1
2016,67,Female,Widowed,None,Employed,Rural,44,1,0,2016,8,Honda,Coupe,Petrol,20426,2000,Basic,2137.91,500,14,0,738,77997,1,0
2017,31,Female,Married,None,Employed,Urban,12,3,1,2013,11,BMW,Hatchback,Petrol,11174,1500,Comprehensive,1600.18,250,13,1,446,123541,0,1
2018,47,Female,Married,High School,Student,Urban,27,0,0,2012,12,Hyundai,Hatchback,Petrol,14193,2500,Standard,2815.7,1500,14,1,762,65854,0,1
2019,52,Female,Married,PhD,Student,Urban,31,1,0,2022,2,Nissan,Coupe,Electric,12326,1800,Basic,636.35,2000,11,1,785,147933,2,0
2020,43,Female,Widowed,High School,Unemployed,Rural,25,2,2,2013,11,Honda,Coupe,Petrol,29610,3000,Basic,1059.51,1500,13,0,839,59688,1,1
2021,42,Male,Widowed,Bachelor,Student,Urban,24,0,0,2007,17,Nissan,Sedan,Diesel,19792,3000,Basic,1891.58,500,9,0,612,103961,0,1
2022,59,Male,Divorced,None,Employed,Rural,41,0,0,2013,11,Audi,SUV,Hybrid,11474,1800,Standard,1798.45,250,4,0,786,185125,0,0
2023,58,Female,Single,None,Employed,Suburban,38,2,1,2010,14,Hyundai,Minivan,Diesel,6119,3000,Basic,840.26,1500,2,1,352,185829,0,0
2024,22,Female,Widowed,PhD,Employed,Urban,0,0,1,2005,19,Chevrolet,SUV,Hybrid,34928,2000,Standard,1733.04,250,1,1,331,80059,2,1
2025,29,Male,Widowed,None,Self-Employed,Rural,6,0,2,2023,1,BMW,Sedan,Diesel,30977,1200,Standard,2044.87,2000,2,1,735,164991,1,0
2026,33,Female,Married,Bachelor,Self-Employed,Urban,12,0,0,2021,3,Volkswagen,Sedan,Petrol,16162,1800,Comprehensive,2544.93,500,4,0,698,145625,2,1
2027,42,Female,Single,High School,Retired,Rural,24,2,1,2005,19,Mercedes,Hatchback,Hybrid,8446,3500,Basic,400.3,2000,4,1,431,89702,2,1
2028,29,Male,Widowed,None,Unemployed,Suburban,6,0,3,2009,15,Chevrolet,Pickup,Hybrid,5830,2000,Basic,1950.3,1000,11,0,545,121860,2,0
2029,21,Female,Divorced,PhD,Retired,Urban,0,0,1,2012,12,Volkswagen,Pickup,Diesel,27133,1500,Comprehensive,2552.61,1000,7,0,819,86397,1,1
2030,63,Female,Divorced,None,Self-Employed,Rural,41,0,0,2012,12,Volkswagen,Sedan,Diesel,19411,1500,Comprehensive,2665.68,500,4,1,338,88937,0,1
2031,40,Female,Widowed,High School,Self-Employed,Urban,19,2,0,2015,9,Audi,Coupe,Petrol,34921,1500,Basic,2252.87,500,8,1,513,57427,2,1
2032,50,Male,Divorced,Bachelor,Student,Suburban,32,1,0,2022,2,Toyota,Coupe,Hybrid,15447,1500,Basic,340.99,1500,13,0,773,15807,3,0
2033,65,Male,Married,High School,Self-Employed,Urban,43,0,0,2020,4,Hyundai,Coupe,Electric,10951,1500,Basic,478.09,1500,6,1,673,110653,1,0
2034,42,Male,Married,None,Employed,Urban,19,2,0,2005,19,Hyundai,Pickup,Petrol,33555,2500,Standard,1592.88,2000,12,1,418,28315,2,1
2035,45,Female,Single,PhD,Employed,Rural,25,0,0,2017,7,Volkswagen,Sedan,Diesel,14610,1500,Standard,1316.83,1500,12,0,822,37183,0,0
2036,62,Female,Widowed,Master,Student,Suburban,42,0,2,2017,7,Nissan,SUV,Electric,30389,3500,Standard,357.77,500,4,0,617,174383,2,0
2037,55,Female,Widowed,High School,Unemployed,Rural,32,2,0,2019,5,Hyundai,Coupe,Petrol,14451,1200,Comprehensive,353.06,1500,4,1,839,131631,0,1
2038,42,Male,Married,PhD,Unemployed,Urban,23,0,1,2024,0,BMW,Sedan,Electric,14643,1500,Basic,2153.57,250,13,0,581,99814,1,0
2039,57,Male,Single,PhD,Self-Employed,Suburban,36,0,2,2022,2,Chevrolet,SUV,Diesel,6880,1500,Basic,2841.11,1000,8,0,752,197921,0,0
2040,24,Male,Divorced,High School,Self-Employed,Suburban,3,0,3,2020,4,Audi,Hatchback,Diesel,29359,1200,Basic,1032.54,2000,7,1,523,137660,0,1
2041,67,Female,Single,Bachelor,Employed,Rural,47,0,1,2010,14,Nissan,Minivan,Electric,34561,1500,Comprehensive,2799.57,2000,3,1,757,120822,2,0
2042,33,Female,Widowed,PhD,Retired,Rural,11,0,1,2023,1,Volkswagen,Coupe,Petrol,22018,2000,Comprehensive,1444.47,2000,15,0,604,47034,2,0
2043,55,Male,Divorced,None,Employed,Rural,35,1,0,2013,11,Ford,Pickup,Petrol,19835,1200,Standard,1036.27,500,8,1,365,30967,2,1
2044,28,Female,Divorced,High School,Student,Suburban,10,2,0,2008,16,Mercedes,Pickup,Petrol,12839,1800,Basic,2950.27,250,4,1,723,152152,4,0
2045,25,Male,Divorced,None,Student,Suburban,4,0,1,2016,8,Toyota,Sedan,Diesel,23865,2000,Comprehensive,881.83,2000,11,0,630,118203,4,0
2046,57,Female,Divorced,PhD,Self-Employed,Urban,36,1,0,2017,7,Ford,Pickup,Hybrid,28957,1800,Comprehensive,1410.14,1500,15,0,531,162248,1,0
2047,25,Male,Single,Bachelor,Self-Employed,Rural,4,0,1,2024,0,Nissan,Pickup,Electric,5892,1800,Standard,1370.57,1000,10,1,763,22946,2,0
2048,37,Female,Married,Master,Unemployed,Rural,17,0,0,2019,5,Volkswagen,SUV,Petrol,34656,1800,Basic,2589.18,500,14,0,560,148085,0,1
2049,61,Male,Single,Master,Self-Employed,Suburban,41,0,1,2017,7,Nissan,Pickup,Hybrid,24617,1000,Basic,1923,500,4,0,623,49873,3,1
2050,25,Female,Widowed,Master,Unemployed,Rural,5,1,0,2018,6,Nissan,Pickup,Petrol,26353,2500,Standard,1512.48,2000,12,0,547,74297,0,0
2051,71,Female,Married,High School,Employed,Rural,51,0,0,2017,7,Volkswagen,Sedan,Hybrid,33469,2500,Comprehensive,2850.54,2000,14,1,354,123637,0,1
2052,37,Male,Widowed,Bachelor,Self-Employed,Rural,16,0,0,2013,11,Volkswagen,Hatchback,Electric,14222,1800,Basic,644.18,250,4,1,721,134265,2,0
2053,37,Male,Single,None,Unemployed,Rural,18,1,1,2024,0,Honda,Hatchback,Diesel,32110,1500,Basic,1217.06,1000,14,0,651,180043,2,0
2054,26,Female,Single,PhD,Unemployed,Urban,7,1,5,2014,10,Chevrolet,Hatchback,Petrol,13023,2000,Standard,2391.47,1500,11,1,390,146855,3,1
2055,74,Male,Divorced,High School,Retired,Rural,54,1,0,2016,8,Honda,SUV,Petrol,18156,1800,Comprehensive,1993.8,1500,2,0,657,170155,1,0
2056,27,Female,Married,High School,Self-Employed,Urban,7,0,0,2012,12,Audi,Hatchback,Electric,34230,2500,Basic,1777.03,1000,5,0,362,168211,4,0
2057,64,Male,Single,None,Retired,Urban,43,1,0,2015,9,BMW,Coupe,Petrol,32824,1000,Standard,2011.85,500,3,0,697,52273,0,0
2058,41,Female,Divorced,PhD,Self-Employed,Rural,21,1,0,2016,8,Chevrolet,Coupe,Diesel,32338,3500,Basic,1904.61,2000,10,1,512,33780,0,0
2059,23,Female,Widowed,None,Student,Rural,4,1,1,2005,19,Audi,Hatchback,Hybrid,10901,2000,Comprehensive,954.07,1500,9,0,312,193813,3,0
2060,53,Female,Divorced,None,Unemployed,Suburban,32,1,1,2005,19,Chevrolet,Hatchback,Electric,33478,1500,Comprehensive,1162.33,1500,11,1,303,69840,3,1
2061,69,Female,Divorced,None,Student,Suburban,51,1,1,2006,18,Ford,Sedan,Hybrid,16187,2500,Comprehensive,2746.9,250,5,1,348,136296,4,1
2062,43,Female,Divorced,PhD,Student,Urban,21,0,0,2013,11,Mercedes,Sedan,Hybrid,12717,2000,Comprehensive,1606.22,2000,11,0,423,32712,0,0
2063,66,Female,Widowed,Bachelor,Unemployed,Rural,43,0,0,2013,11,Ford,Pickup,Petrol,25926,2000,Standard,1420.79,1500,5,1,367,22652,1,0
2064,40,Male,Widowed,Master,Student,Suburban,21,4,1,2022,2,BMW,Sedan,Diesel,5374,2000,Basic,2288.58,250,11,0,482,38744,1,0
2065,20,Male,Widowed,Master,Employed,Rural,0,2,1,2013,11,BMW,Sedan,Hybrid,5793,2500,Basic,1801.79,500,2,1,802,51777,0,0
2066,37,Female,Divorced,Master,Student,Urban,19,0,2,2006,18,Volkswagen,Pickup,Diesel,21103,3000,Comprehensive,1735.41,2000,3,0,561,47046,2,1
2067,69,Male,Divorced,PhD,Unemployed,Rural,46,0,0,2008,16,Chevrolet,Sedan,Electric,30146,1500,Standard,2021.84,1500,12,1,679,134155,2,0
2068,19,Male,Married,PhD,Student,Rural,0,1,1,2013,11,Chevrolet,Coupe,Petrol,32310,3500,Comprehensive,2354.57,2000,10,0,794,153740,0,0
2069,43,Female,Married,Bachelor,Employed,Rural,25,0,2,2011,13,Mercedes,SUV,Petrol,13642,1800,Comprehensive,770.06,1500,14,0,302,21148,0,0
2070,47,Female,Divorced,Master,Student,Suburban,28,2,1,2018,6,Mercedes,Minivan,Petrol,18906,1500,Basic,1222.05,250,8,0,507,28814,0,0
2071,50,Male,Single,PhD,Self-Employed,Suburban,31,1,2,2022,2,Toyota,Minivan,Electric,23133,3000,Comprehensive,2970.41,250,9,1,380,43131,0,1
2072,37,Male,Single,PhD,Retired,Rural,16,3,0,2008,16,Ford,Pickup,Petrol,28015,1500,Basic,302.14,2000,15,0,764,123938,3,0
2073,41,Male,Single,Master,Self-Employed,Suburban,20,0,1,2008,16,Honda,Sedan,Hybrid,30061,1000,Standard,1742.16,2000,11,1,580,124886,4,0
2074,24,Female,Widowed,Bachelor,Retired,Rural,4,0,1,2011,13,Chevrolet,Hatchback,Diesel,16232,1200,Standard,1499.5,1500,9,1,793,72960,2,0
2075,23,Female,Widowed,High School,Self-Employed,Rural,4,4,1,2020,4,Toyota,Sedan,Electric,27162,2000,Comprehensive,1252.93,250,11,1,378,107051,2,1
2076,42,Male,Married,Bachelor,Employed,Rural,22,0,0,2015,9,Audi,Pickup,Petrol,28003,1200,Comprehensive,2904.15,2000,12,1,535,75320,3,0
2077,36,Male,Widowed,Bachelor,Unemployed,Rural,18,0,1,2021,3,Honda,Hatchback,Hybrid,18028,1000,Basic,372.12,2000,9,0,659,36980,2,1
2078,35,Male,Widowed,Bachelor,Retired,Suburban,13,0,5,2021,3,Chevrolet,Pickup,Diesel,14318,1800,Standard,2735.69,1000,2,1,774,116617,0,0
2079,49,Female,Married,High School,Unemployed,Suburban,29,0,0,2011,13,Ford,Pickup,Diesel,28899,1500,Standard,365.29,500,10,1,406,125264,2,0
2080,55,Male,Divorced,Master,Retired,Rural,36,0,0,2011,13,BMW,Sedan,Diesel,16063,1800,Basic,2110.09,2000,15,1,702,120493,0,1
2081,57,Female,Divorced,Master,Student,Suburban,37,1,2,2009,15,Mercedes,Pickup,Hybrid,21909,2000,Basic,1413,500,2,1,679,33913,1,1
2082,27,Female,Divorced,Master,Student,Urban,4,1,0,2005,19,Hyundai,Pickup,Electric,27378,1500,Comprehensive,2878.49,1500,7,1,619,155163,1,1
2083,60,Male,Single,Bachelor,Student,Suburban,42,0,1,2011,13,Hyundai,Coupe,Electric,22716,1200,Basic,2784.45,1000,3,1,849,46115,1,1
2084,41,Male,Divorced,High School,Student,Suburban,18,2,0,2008,16,Mercedes,Sedan,Petrol,26126,2000,Comprehensive,594.88,250,5,1,527,163943,2,0
2085,23,Male,Married,Master,Unemployed,Suburban,3,1,2,2005,19,Honda,SUV,Hybrid,20559,1000,Standard,2945.05,250,15,1,694,184652,2,1
2086,56,Male,Single,PhD,Retired,Suburban,35,1,3,2005,19,Nissan,Sedan,Diesel,5943,2000,Comprehensive,1906.77,500,3,0,712,83530,3,0
2087,66,Female,Divorced,None,Retired,Urban,47,1,0,2018,6,Mercedes,Hatchback,Diesel,31916,1500,Standard,1798.76,500,9,0,472,77390,2,1
2088,44,Male,Single,None,Employed,Suburban,22,0,1,2008,16,Nissan,Coupe,Petrol,5226,2000,Basic,301.25,500,8,0,706,152335,2,0
2089,68,Male,Single,Bachelor,Employed,Suburban,50,0,2,2007,17,Volkswagen,Coupe,Diesel,10449,1500,Comprehensive,1893.86,1500,11,1,471,44582,1,1
2090,62,Male,Single,PhD,Employed,Rural,43,0,0,2010,14,Audi,Hatchback,Diesel,26699,1800,Basic,1196.76,500,5,0,699,67489,2,0
2091,58,Female,Divorced,None,Retired,Suburban,36,0,1,2012,12,BMW,Hatchback,Electric,32825,1800,Standard,1529.96,500,15,0,568,119858,2,0
2092,70,Male,Widowed,High School,Unemployed,Urban,50,0,3,2020,4,Hyundai,SUV,Petrol,27878,2000,Comprehensive,1405.33,1000,12,0,604,31904,1,0
2093,58,Male,Single,Bachelor,Student,Rural,36,1,1,2008,16,Mercedes,Hatchback,Electric,22740,1200,Basic,1818.55,2000,2,1,465,149564,0,0
2094,37,Female,Divorced,None,Retired,Urban,19,1,0,2010,14,Nissan,Coupe,Hybrid,16357,2000,Basic,2946.14,1500,11,0,321,29628,2,0
2095,40,Female,Single,High School,Unemployed,Suburban,20,2,3,2015,9,Chevrolet,Hatchback,Diesel,26548,3000,Basic,1191.47,1000,14,1,812,21420,2,1
2096,56,Male,Single,High School,Retired,Rural,33,1,0,2011,13,Volkswagen,SUV,Electric,28059,1200,Comprehensive,2042.91,1000,13,1,338,16223,0,0
2097,25,Male,Widowed,PhD,Self-Employed,Suburban,2,0,0,2024,0,Hyundai,Pickup,Hybrid,34410,1200,Standard,1738.18,1500,5,1,695,78652,4,0
2098,61,Male,Divorced,PhD,Self-Employed,Rural,39,1,3,2008,16,Toyota,Sedan,Hybrid,13186,1500,Standard,1129.97,250,9,0,570,50288,0,1
2099,38,Female,Divorced,PhD,Self-Employed,Urban,17,4,1,2010,14,Nissan,Pickup,Hybrid,16279,3000,Standard,2264.7,1000,3,1,821,123428,2,0
2100,74,Female,Single,PhD,Student,Suburban,52,0,0,2017,7,Mercedes,Coupe,Hybrid,8655,1500,Basic,445.13,1000,6,1,714,183053,0,0
2101,33,Female,Widowed,None,Unemployed,Suburban,14,1,1,2021,3,Mercedes,Hatchback,Hybrid,5198,1500,Basic,2161.47,1000,6,0,636,189681,2,1
2102,20,Female,Divorced,High School,Employed,Rural,2,1,1,2011,13,Nissan,Minivan,Hybrid,33033,2500,Comprehensive,1965.47,1000,10,1,467,61704,2,0
2103,60,Male,Married,Bachelor,Retired,Urban,38,1,0,2019,5,Honda,Sedan,Petrol,33205,1200,Comprehensive,1319.06,1500,5,0,688,28527,3,0
2104,18,Female,Married,PhD,Employed,Suburban,0,1,1,2013,11,Chevrolet,Hatchback,Diesel,25836,1500,Standard,1354.18,2000,9,0,817,124553,0,0
2105,23,Female,Widowed,PhD,Retired,Rural,3,0,0,2014,10,BMW,Sedan,Hybrid,25790,1500,Comprehensive,481.83,1500,14,0,328,99223,0,1
2106,19,Female,Divorced,PhD,Retired,Urban,0,2,5,2022,2,Mercedes,Hatchback,Electric,22621,2000,Standard,1443.34,1000,6,0,474,123989,2,1
2107,33,Female,Married,High School,Unemployed,Rural,10,0,1,2014,10,Honda,SUV,Diesel,30065,2000,Standard,1185.01,500,4,0,678,196675,2,0
2108,29,Female,Divorced,Master,Student,Urban,11,1,5,2019,5,Mercedes,SUV,Electric,8364,3000,Standard,1911.71,2000,14,1,505,50074,1,1
2109,47,Female,Single,Bachelor,Unemployed,Rural,29,0,0,2020,4,Volkswagen,SUV,Electric,13971,1500,Standard,2135.25,250,3,1,513,79392,2,0
2110,22,Female,Married,None,Unemployed,Rural,1,0,0,2009,15,Honda,Hatchback,Petrol,13814,2000,Comprehensive,914.96,1000,14,0,786,49263,2,0
2111,50,Female,Single,Master,Retired,Rural,30,0,0,2009,15,BMW,Hatchback,Electric,26467,1800,Basic,992.47,1000,15,1,542,26916,2,0
2112,25,Male,Single,High School,Retired,Suburban,2,0,1,2020,4,Hyundai,Minivan,Diesel,11433,1500,Comprehensive,1627.9,1000,7,0,524,102678,1,0
2113,33,Female,Single,None,Self-Employed,Rural,13,2,1,2019,5,Mercedes,Coupe,Hybrid,24000,1800,Basic,2660.42,1000,8,0,507,152527,0,0
2114,65,Male,Widowed,PhD,Employed,Rural,42,0,0,2019,5,Hyundai,Sedan,Petrol,19908,2500,Basic,1199.5,1500,6,1,828,171042,2,0
2115,65,Male,Widowed,Master,Unemployed,Suburban,43,0,2,2009,15,Ford,SUV,Diesel,14485,1200,Standard,948.62,250,7,0,365,165510,0,1
2116,54,Female,Single,Bachelor,Student,Urban,34,1,1,2007,17,Mercedes,Minivan,Diesel,32307,1000,Basic,1778.49,250,3,0,521,56344,2,0
2117,66,Male,Divorced,High School,Self-Employed,Rural,46,3,0,2009,15,Mercedes,Minivan,Diesel,10597,1500,Basic,701.39,500,13,0,315,22138,0,1
2118,56,Male,Married,Master,Self-Employed,Suburban,38,1,2,2023,1,Honda,Minivan,Diesel,15998,1500,Basic,1931.25,1500,2,1,720,63180,2,0
2119,62,Female,Widowed,PhD,Student,Suburban,44,2,1,2024,0,Chevrolet,Pickup,Electric,12062,1500,Standard,309.39,500,1,1,340,171608,0,1
2120,42,Male,Married,PhD,Self-Employed,Urban,19,3,0,2010,14,Volkswagen,Sedan,Hybrid,29441,3000,Basic,1459.17,2000,3,1,628,171819,2,0
2121,63,Female,Widowed,Bachelor,Unemployed,Rural,40,0,0,2021,3,Ford,Sedan,Electric,19161,1200,Basic,747.54,500,9,0,501,151850,2,1
2122,38,Male,Married,Bachelor,Retired,Rural,20,0,0,2005,19,Audi,Minivan,Electric,31810,2500,Comprehensive,2156.09,1000,5,0,475,96657,1,1
2123,27,Female,Divorced,PhD,Student,Rural,9,0,2,2023,1,BMW,Coupe,Diesel,34656,2500,Comprehensive,1240.82,1000,7,0,493,66541,2,0
2124,25,Female,Married,Master,Unemployed,Rural,6,0,1,2021,3,Audi,Hatchback,Petrol,28965,3000,Comprehensive,358.41,500,13,0,574,104201,2,0
2125,40,Male,Married,Master,Student,Urban,21,0,1,2011,13,Toyota,Sedan,Hybrid,5146,1800,Basic,1805.39,2000,14,1,815,93112,1,0
2126,47,Female,Married,None,Employed,Suburban,25,0,0,2017,7,Hyundai,Sedan,Hybrid,23722,1200,Basic,1536.8,250,12,0,640,49127,2,0
2127,69,Female,Single,High School,Employed,Suburban,49,1,0,2014,10,Honda,SUV,Hybrid,26617,1500,Standard,2720.13,2000,1,1,350,97070,2,1
2128,30,Female,Divorced,Bachelor,Retired,Suburban,11,4,0,2018,6,Hyundai,Hatchback,Diesel,9595,3500,Comprehensive,481.31,500,5,0,512,140424,0,1
2129,35,Male,Single,High School,Unemployed,Urban,15,1,3,2022,2,BMW,Minivan,Petrol,25286,3000,Comprehensive,1285.92,250,12,0,467,110276,0,0
2130,43,Female,Widowed,Master,Student,Rural,22,0,0,2017,7,Mercedes,Hatchback,Diesel,21589,1500,Basic,399.94,250,8,0,340,33136,2,1
2131,71,Female,Single,Master,Student,Rural,48,0,0,2008,16,Nissan,Pickup,Electric,28476,1800,Basic,368.9,1000,10,0,355,187462,4,0
2132,46,Male,Married,High School,Retired,Rural,27,4,0,2024,0,BMW,Sedan,Hybrid,14475,1000,Standard,531.12,250,1,1,341,190962,3,0
2133,31,Male,Single,Master,Retired,Urban,12,0,1,2021,3,Chevrolet,Coupe,Electric,6274,1500,Basic,2381.07,1500,13,1,418,85064,0,0
2134,40,Male,Divorced,PhD,Employed,Rural,20,0,1,2019,5,Chevrolet,Sedan,Diesel,7131,1500,Basic,1757.68,250,2,1,425,45797,0,0
2135,29,Female,Single,Master,Self-Employed,Suburban,7,0,0,2017,7,Honda,Minivan,Hybrid,15669,1000,Standard,2875.2,1500,3,1,656,71479,0,0
2136,49,Male,Widowed,High School,Self-Employed,Urban,31,0,0,2006,18,Nissan,Minivan,Electric,15514,2500,Comprehensive,777.36,250,9,1,335,174831,1,0
2137,38,Male,Married,PhD,Employed,Urban,15,0,3,2024,0,Audi,SUV,Petrol,32300,2500,Basic,2848.58,1000,13,0,326,170997,2,0
2138,28,Female,Single,None,Self-Employed,Rural,5,2,1,2021,3,Nissan,Pickup,Electric,29018,1000,Comprehensive,1896.12,1000,10,0,664,84386,2,1
2139,20,Male,Widowed,PhD,Retired,Rural,1,0,1,2018,6,Audi,Pickup,Hybrid,34302,1500,Basic,2672.56,250,6,0,475,163249,2,1
2140,27,Female,Married,High School,Student,Suburban,6,0,1,2017,7,Chevrolet,Pickup,Petrol,5379,1800,Comprehensive,2166.15,500,5,0,815,174823,3,0
2141,23,Male,Married,High School,Retired,Suburban,1,0,1,2012,12,Volkswagen,Pickup,Petrol,32152,2000,Comprehensive,742.73,250,8,0,633,45706,2,1
2142,43,Male,Widowed,None,Student,Urban,25,2,0,2013,11,Toyota,Minivan,Diesel,25472,1000,Comprehensive,787.43,1500,7,1,521,123000,0,0
2143,32,Male,Married,None,Unemployed,Rural,12,0,0,2017,7,Chevrolet,Pickup,Petrol,30953,2000,Standard,353.46,250,11,0,647,27757,2,1
2144,44,Male,Divorced,High School,Unemployed,Rural,26,0,5,2016,8,Volkswagen,Hatchback,Electric,31213,1000,Comprehensive,2321.78,250,14,0,567,70360,1,1
2145,62,Male,Single,PhD,Student,Urban,40,0,1,2008,16,Mercedes,Coupe,Diesel,18535,1800,Standard,1946.77,500,3,0,760,130984,0,0
2146,62,Male,Single,PhD,Student,Suburban,42,0,3,2006,18,Mercedes,SUV,Hybrid,16108,2000,Basic,2292.09,250,6,1,662,183984,4,0
2147,75,Male,Divorced,High School,Unemployed,Urban,53,0,2,2023,1,Toyota,SUV,Hybrid,21243,1500,Standard,1493.68,1000,15,1,783,111265,3,0
2148,38,Male,Divorced,Bachelor,Retired,Rural,15,4,0,2011,13,Audi,SUV,Hybrid,5034,1800,Basic,453.15,2000,1,0,512,144126,2,0
2149,25,Male,Married,Bachelor,Employed,Rural,6,2,0,2008,16,Volkswagen,Sedan,Petrol,23900,1800,Standard,2201.59,2000,13,1,416,120001,1,0
2150,49,Female,Divorced,Master,Retired,Rural,31,0,2,2014,10,Volkswagen,Minivan,Petrol,19226,3000,Basic,637.87,500,8,1,435,128122,0,0
2151,67,Male,Married,PhD,Employed,Rural,48,0,0,2018,6,Hyundai,Minivan,Electric,24160,1200,Basic,2209.68,2000,6,1,819,120043,3,0
2152,57,Male,Married,None,Student,Suburban,37,0,1,2007,17,Nissan,Sedan,Diesel,12644,1800,Comprehensive,1490.42,250,13,1,610,81851,0,0
2153,32,Female,Married,PhD,Employed,Rural,14,0,0,2012,12,Chevrolet,Coupe,Electric,19509,1500,Basic,582.66,500,11,1,484,165058,0,1
2154,28,Female,Divorced,Bachelor,Self-Employed,Suburban,7,1,1,2015,9,Honda,SUV,Petrol,29756,2500,Standard,1388.75,250,14,1,345,38232,0,0
2155,45,Female,Widowed,None,Self-Employed,Rural,25,0,0,2018,6,Hyundai,Coupe,Diesel,29754,1800,Comprehensive,2508.56,1000,12,0,607,92222,2,1
2156,54,Female,Married,None,Self-Employed,Rural,34,0,3,2017,7,Audi,Sedan,Petrol,13437,1500,Comprehensive,1356.52,250,3,1,638,74016,0,0
2157,75,Male,Single,Master,Self-Employed,Urban,54,0,2,2008,16,Audi,Sedan,Electric,28116,1800,Standard,1694.24,250,2,1,363,150165,2,0
2158,32,Male,Divorced,Master,Employed,Urban,10,0,1,2013,11,Hyundai,Hatchback,Petrol,21644,1500,Standard,1812.18,250,5,1,614,52933,3,1
2159,37,Male,Married,High School,Self-Employed,Rural,17,2,0,2006,18,Chevrolet,Coupe,Hybrid,19655,1800,Standard,1201.93,250,13,1,494,98541,1,0
2160,58,Female,Single,Bachelor,Student,Suburban,39,0,0,2013,11,Ford,Hatchback,Hybrid,14202,1200,Standard,2364.1,250,14,1,529,54277,2,0
2161,63,Male,Divorced,None,Self-Employed,Rural,43,1,0,2022,2,Hyundai,Sedan,Hybrid,22284,1200,Standard,2139.21,1500,8,0,361,116403,0,0
2162,43,Male,Single,PhD,Retired,Urban,21,0,0,2006,18,Toyota,Minivan,Diesel,15728,1500,Comprehensive,2433.19,1000,15,1,429,131944,2,0
2163,53,Female,Widowed,PhD,Student,Suburban,33,0,0,2020,4,Honda,Hatchback,Electric,8751,2500,Standard,1035.87,250,13,0,844,184736,3,0
2164,40,Female,Divorced,Bachelor,Unemployed,Urban,17,0,0,2010,14,Chevrolet,Hatchback,Electric,16175,2000,Standard,337.47,1000,10,0,759,109699,2,0
2165,43,Female,Married,Bachelor,Employed,Rural,23,0,0,2013,11,Chevrolet,Pickup,Electric,21525,2500,Comprehensive,842.4,250,2,1,694,196202,3,1
2166,35,Male,Divorced,Bachelor,Unemployed,Suburban,17,2,0,2021,3,BMW,Hatchback,Electric,12363,1000,Comprehensive,1973.66,1500,15,0,625,96456,0,0
2167,69,Female,Single,Bachelor,Unemployed,Suburban,47,1,0,2018,6,Nissan,Coupe,Hybrid,28023,2000,Comprehensive,1974.27,2000,11,0,762,120006,0,0
2168,34,Male,Widowed,Bachelor,Retired,Suburban,13,0,0,2022,2,Chevrolet,SUV,Hybrid,30626,3000,Basic,1221.72,1500,2,1,460,32033,2,1
2169,72,Male,Married,None,Student,Urban,54,0,1,2011,13,Honda,Coupe,Petrol,18035,1800,Comprehensive,624.78,500,5,1,835,166304,2,0
2170,74,Female,Married,High School,Unemployed,Urban,55,0,1,2010,14,Ford,Hatchback,Hybrid,18265,2000,Comprehensive,1443.74,250,11,1,404,117871,3,1
2171,60,Female,Widowed,None,Self-Employed,Suburban,39,0,1,2011,13,Hyundai,SUV,Petrol,5848,2000,Basic,1089.25,250,4,1,544,80833,1,1
2172,71,Male,Single,Master,Retired,Rural,52,2,3,2022,2,Honda,Coupe,Electric,7760,1800,Comprehensive,2913.46,1500,14,0,745,134592,1,1
2173,30,Male,Married,High School,Student,Suburban,10,0,0,2017,7,Mercedes,SUV,Electric,15564,3500,Basic,2894.69,500,4,0,390,23667,0,0
2174,37,Female,Widowed,Master,Unemployed,Urban,17,1,1,2016,8,Audi,Pickup,Hybrid,6385,1500,Comprehensive,2472.69,250,6,1,845,187476,2,1
2175,20,Male,Divorced,Bachelor,Retired,Suburban,0,0,3,2011,13,Volkswagen,Pickup,Diesel,19317,1800,Basic,1432.26,1000,11,1,616,166925,2,1
2176,30,Male,Widowed,PhD,Self-Employed,Rural,11,1,0,2005,19,Mercedes,SUV,Electric,9811,1800,Basic,2342.14,250,10,0,572,132151,0,1
2177,58,Female,Single,PhD,Unemployed,Rural,37,0,0,2023,1,Audi,Minivan,Diesel,21470,1800,Basic,554.88,250,4,0,817,65323,2,0
2178,56,Male,Single,Master,Employed,Rural,33,4,1,2014,10,Chevrolet,Pickup,Petrol,19240,1800,Basic,2252.39,1500,9,0,543,24993,1,0
2179,19,Male,Divorced,Master,Student,Rural,1,0,1,2011,13,Honda,Hatchback,Diesel,12872,1500,Standard,1632.72,500,3,0,410,46383,3,1
2180,57,Male,Single,PhD,Unemployed,Rural,39,1,2,2024,0,Toyota,Coupe,Petrol,12698,1500,Basic,1623.28,1500,6,0,318,111630,4,1
2181,68,Female,Single,None,Employed,Urban,47,2,0,2007,17,Hyundai,Minivan,Diesel,29310,1500,Comprehensive,1339.5,500,10,1,672,180587,3,1
2182,56,Female,Married,Bachelor,Employed,Urban,34,0,3,2016,8,BMW,Hatchback,Diesel,31348,2000,Basic,1268.79,500,13,1,742,60295,4,0
2183,53,Male,Divorced,None,Student,Urban,33,0,1,2015,9,Hyundai,Hatchback,Petrol,27385,1500,Comprehensive,867.86,1000,1,1,761,191217,4,1
2184,58,Male,Divorced,Bachelor,Unemployed,Urban,35,0,1,2023,1,Honda,Minivan,Hybrid,31683,2000,Standard,1489.64,250,10,1,458,34006,4,0
2185,39,Female,Single,Master,Self-Employed,Rural,19,0,0,2021,3,Nissan,Coupe,Diesel,15700,2000,Comprehensive,2536.79,1000,8,0,346,65260,1,1
2186,66,Male,Married,High School,Retired,Rural,44,0,1,2014,10,Nissan,Hatchback,Diesel,27672,1000,Standard,1705.36,2000,2,0,562,20877,2,0
2187,59,Male,Divorced,High School,Retired,Urban,36,0,0,2017,7,Honda,Pickup,Petrol,5077,1000,Standard,1689.7,1000,5,0,438,193787,0,0
2188,24,Male,Divorced,Master,Self-Employed,Suburban,4,2,1,2017,7,Ford,Hatchback,Electric,19134,1000,Standard,573.05,500,11,1,362,31426,3,1
2189,26,Male,Divorced,Bachelor,Unemployed,Suburban,8,0,0,2008,16,Honda,Hatchback,Diesel,10162,1500,Comprehensive,402.02,1500,12,1,438,192409,1,1
2190,70,Female,Divorced,None,Employed,Rural,47,0,0,2010,14,BMW,SUV,Petrol,9016,1500,Comprehensive,2529.1,1000,6,1,775,79418,0,0
2191,59,Male,Widowed,None,Retired,Urban,39,0,0,2010,14,Ford,Coupe,Petrol,29574,1800,Comprehensive,1927.43,250,6,0,824,191666,4,0
2192,67,Male,Divorced,None,Retired,Urban,45,1,3,2013,11,Ford,Coupe,Petrol,19286,1800,Standard,711.49,1500,8,0,387,21888,2,1
2193,25,Male,Divorced,None,Employed,Suburban,2,0,2,2021,3,Honda,Hatchback,Electric,16015,1200,Standard,1900.98,1000,3,1,562,79701,2,1
2194,30,Male,Divorced,Bachelor,Retired,Rural,9,3,1,2023,1,Nissan,Sedan,Diesel,5737,2500,Comprehensive,505.39,1500,3,1,621,42883,2,1
2195,20,Female,Divorced,PhD,Unemployed,Urban,1,0,0,2017,7,Ford,Minivan,Electric,12442,1000,Basic,2686.02,1000,14,0,524,19105,0,1
2196,45,Female,Divorced,Bachelor,Employed,Suburban,26,0,0,2005,19,Hyundai,Hatchback,Diesel,29215,1200,Standard,2907.6,250,11,0,737,28913,2,0
2197,43,Female,Widowed,Bachelor,Retired,Suburban,20,1,1,2014,10,Honda,Sedan,Diesel,16392,1000,Standard,2165.68,1000,10,1,762,59012,2,0
2198,30,Male,Widowed,None,Employed,Urban,9,0,0,2014,10,Chevrolet,Hatchback,Petrol,26566,3000,Standard,2014.49,500,1,0,367,52757,3,0
2199,48,Male,Divorced,Bachelor,Self-Employed,Rural,28,3,1,2012,12,Ford,SUV,Petrol,31482,1500,Basic,601.61,250,7,1,782,95583,2,0
2200,44,Female,Single,PhD,Employed,Urban,22,4,2,2023,1,Hyundai,Sedan,Petrol,8856,1500,Comprehensive,2737.07,500,4,0,501,144687,0,1
2201,51,Female,Single,Bachelor,Student,Suburban,32,0,2,2014,10,Hyundai,Coupe,Electric,28306,1500,Comprehensive,2596.82,1500,2,1,772,184594,2,0
2202,19,Male,Divorced,PhD,Employed,Urban,0,0,1,2013,11,Toyota,Sedan,Diesel,29028,1800,Standard,2389.44,2000,5,0,582,95436,4,1
2203,43,Female,Widowed,High School,Retired,Suburban,21,1,2,2019,5,Honda,Sedan,Petrol,18340,1000,Basic,2297.53,1500,11,0,602,131759,1,0
2204,46,Female,Divorced,Bachelor,Student,Urban,23,4,1,2008,16,Nissan,Coupe,Petrol,15408,1500,Standard,2608.4,250,14,0,643,87688,2,0
2205,40,Female,Widowed,None,Student,Rural,22,1,1,2006,18,Chevrolet,Pickup,Petrol,32276,1500,Comprehensive,1307.86,500,1,0,372,142122,0,0
2206,34,Male,Married,PhD,Self-Employed,Suburban,12,0,1,2023,1,Nissan,Hatchback,Hybrid,19673,2000,Standard,441.12,1000,6,0,634,42421,1,0
2207,52,Female,Widowed,Master,Self-Employed,Rural,31,0,0,2013,11,BMW,Pickup,Electric,10061,1800,Basic,2411.69,250,3,0,352,87142,0,0
2208,75,Female,Single,PhD,Self-Employed,Suburban,55,0,0,2008,16,Mercedes,Coupe,Hybrid,18742,1000,Standard,1518.82,500,8,0,682,23794,0,1
2209,25,Female,Widowed,None,Self-Employed,Urban,7,0,0,2016,8,Toyota,Pickup,Hybrid,34832,2000,Comprehensive,2246.2,1000,15,1,579,190490,1,1
2210,34,Male,Single,High School,Employed,Rural,15,0,1,2020,4,Volkswagen,Minivan,Petrol,14747,1000,Standard,688.21,500,2,1,422,197590,4,0
2211,25,Female,Widowed,None,Self-Employed,Rural,4,0,1,2016,8,BMW,Sedan,Electric,27241,2000,Standard,2726.82,500,1,1,347,90183,0,0
2212,20,Female,Widowed,Bachelor,Self-Employed,Urban,0,0,1,2024,0,Hyundai,Coupe,Diesel,29047,1500,Standard,743.86,1500,1,0,797,117729,4,0
2213,48,Female,Married,None,Unemployed,Urban,30,0,2,2006,18,Hyundai,SUV,Diesel,11811,1800,Standard,2794.34,500,3,0,776,144445,1,1
2214,69,Male,Widowed,Bachelor,Self-Employed,Suburban,49,1,1,2022,2,Mercedes,Pickup,Petrol,14133,2500,Comprehensive,757.15,250,7,1,632,180413,1,0
2215,33,Male,Widowed,High School,Self-Employed,Urban,13,1,0,2017,7,Audi,Minivan,Petrol,15219,1800,Standard,496.72,500,10,1,675,84084,0,0
2216,20,Female,Married,PhD,Student,Urban,1,1,0,2006,18,Hyundai,Sedan,Diesel,15531,1500,Basic,941.69,1500,14,0,580,119068,2,0
2217,69,Female,Single,Master,Unemployed,Suburban,51,0,1,2017,7,Hyundai,Pickup,Diesel,10765,2500,Comprehensive,1391.5,2000,2,0,378,143813,2,1
2218,63,Male,Widowed,Bachelor,Unemployed,Urban,42,1,3,2009,15,Ford,Coupe,Diesel,16408,1500,Standard,490.86,1500,6,1,699,37711,1,1
2219,28,Female,Divorced,None,Unemployed,Urban,7,0,0,2022,2,BMW,SUV,Electric,6561,1800,Comprehensive,2496.83,500,8,0,701,181595,0,0
2220,54,Male,Widowed,PhD,Unemployed,Suburban,33,1,0,2005,19,Chevrolet,Coupe,Electric,18666,1500,Basic,368.16,500,13,0,796,110576,0,1
2221,70,Male,Divorced,PhD,Employed,Rural,51,1,0,2012,12,Chevrolet,Sedan,Electric,9653,2000,Basic,2472.09,1000,8,0,810,164091,0,1
2222,44,Female,Divorced,Master,Self-Employed,Suburban,23,1,0,2012,12,BMW,Pickup,Diesel,9630,2000,Basic,2133.43,500,13,0,653,175358,2,0
2223,60,Female,Single,None,Employed,Rural,38,2,0,2022,2,Nissan,Minivan,Petrol,13610,1000,Basic,924.04,500,8,0,575,94202,1,1
2224,56,Female,Married,PhD,Student,Urban,37,1,1,2020,4,Ford,SUV,Diesel,8339,2500,Standard,942.9,1000,1,0,701,177135,3,1
2225,54,Female,Divorced,Master,Employed,Urban,31,1,0,2007,17,Volkswagen,Sedan,Hybrid,10684,2000,Standard,2549.76,1000,15,0,530,67243,2,0
2226,64,Male,Divorced,PhD,Retired,Urban,41,1,0,2014,10,Chevrolet,Sedan,Petrol,21778,1200,Basic,2077.56,1500,3,0,421,167817,2,0
2227,43,Female,Divorced,High School,Student,Urban,22,1,1,2021,3,Hyundai,Sedan,Hybrid,20011,2500,Standard,2051.77,1000,6,0,688,123123,2,0
2228,65,Male,Married,Bachelor,Student,Suburban,45,1,1,2016,8,Honda,Hatchback,Diesel,19755,2000,Comprehensive,1026.1,1000,3,1,406,124600,0,1
2229,48,Female,Divorced,Bachelor,Self-Employed,Urban,30,2,1,2009,15,Honda,Minivan,Hybrid,11284,3500,Basic,2104.01,2000,1,0,563,131328,0,1
2230,60,Male,Divorced,None,Self-Employed,Rural,38,0,1,2011,13,BMW,SUV,Hybrid,8313,1000,Standard,859.63,1000,2,0,625,185442,1,1
2231,36,Male,Single,PhD,Employed,Rural,13,3,3,2017,7,BMW,SUV,Electric,13558,1800,Basic,2194.25,1000,14,0,548,182492,2,0
2232,28,Female,Divorced,High School,Student,Suburban,6,1,0,2009,15,Toyota,Pickup,Diesel,23665,3000,Comprehensive,2736.31,1000,6,0,477,149275,4,1
2233,53,Female,Single,None,Unemployed,Urban,32,1,0,2014,10,Audi,Coupe,Diesel,8498,3000,Standard,971.78,1500,6,0,505,71881,4,0
2234,25,Male,Widowed,PhD,Retired,Suburban,7,0,0,2005,19,Hyundai,Hatchback,Diesel,12422,1800,Basic,1607.07,500,7,1,380,48306,1,0
2235,18,Female,Divorced,Bachelor,Employed,Urban,0,0,1,2024,0,Mercedes,Sedan,Hybrid,25374,2000,Basic,2965.65,1500,8,0,353,86526,0,1
2236,22,Male,Widowed,PhD,Unemployed,Rural,1,0,1,2022,2,Volkswagen,Minivan,Electric,21102,3500,Basic,2699.36,250,10,0,672,105313,0,1
2237,38,Male,Divorced,PhD,Employed,Suburban,20,0,0,2013,11,Toyota,SUV,Hybrid,9118,2500,Standard,1208.01,1000,8,1,358,167534,0,0
2238,40,Male,Divorced,PhD,Self-Employed,Suburban,17,1,0,2015,9,Hyundai,SUV,Diesel,11220,1200,Basic,701.14,2000,7,1,824,71671,3,0
2239,30,Female,Divorced,None,Unemployed,Urban,8,0,1,2018,6,BMW,Coupe,Electric,21771,3000,Comprehensive,2462.28,2000,3,0,642,184647,2,1
2240,44,Male,Widowed,PhD,Self-Employed,Rural,23,0,0,2008,16,Volkswagen,Hatchback,Diesel,25870,1500,Standard,1237.16,500,10,1,678,27492,1,0
2241,57,Female,Married,None,Retired,Rural,36,0,2,2024,0,Audi,Minivan,Hybrid,28064,1200,Standard,1178.23,1000,2,1,509,198712,3,0
2242,32,Male,Divorced,None,Employed,Suburban,13,2,0,2014,10,Toyota,Coupe,Hybrid,20158,2500,Basic,1140.46,500,9,1,806,83603,0,1
2243,28,Female,Widowed,High School,Self-Employed,Suburban,8,3,0,2012,12,Toyota,Pickup,Hybrid,23688,2500,Standard,1165.27,250,10,0,704,199547,2,0
2244,24,Female,Single,PhD,Self-Employed,Urban,4,3,0,2016,8,Toyota,Hatchback,Petrol,28335,2000,Standard,434.65,500,10,0,442,28801,2,0
2245,23,Male,Single,High School,Self-Employed,Rural,0,0,0,2007,17,Mercedes,Pickup,Electric,34585,2000,Standard,776.51,2000,1,1,679,99410,0,0
2246,30,Male,Divorced,None,Student,Suburban,9,1,0,2017,7,Nissan,Hatchback,Electric,9469,2500,Basic,828.07,500,13,1,724,104823,0,0
2247,31,Female,Married,High School,Unemployed,Urban,11,0,0,2018,6,Toyota,Pickup,Electric,26675,2500,Standard,2472.27,250,4,1,548,91194,4,1
2248,48,Male,Married,Master,Self-Employed,Rural,25,0,1,2019,5,Honda,Coupe,Diesel,32261,3500,Comprehensive,2596.75,500,2,1,317,128726,2,0
2249,32,Male,Widowed,PhD,Unemployed,Urban,9,0,2,2005,19,Nissan,Sedan,Diesel,33511,1500,Comprehensive,1804.19,1500,10,1,306,192143,0,0
2250,68,Female,Widowed,None,Retired,Urban,48,0,0,2007,17,Honda,Coupe,Diesel,16425,1500,Standard,2173.7,2000,7,0,701,57609,1,1
2251,50,Female,Married,High School,Self-Employed,Urban,29,1,1,2013,11,Hyundai,Sedan,Petrol,24710,2000,Comprehensive,816.37,1000,13,1,441,151627,3,0
2252,57,Female,Married,None,Employed,Urban,36,2,0,2012,12,BMW,Coupe,Diesel,19570,1500,Standard,2514.1,1000,9,0,482,196470,0,1
2253,54,Male,Married,None,Retired,Rural,34,1,1,2005,19,Honda,Sedan,Petrol,25790,2000,Comprehensive,2796.67,1000,11,1,610,95786,2,1
2254,18,Female,Divorced,High School,Retired,Urban,0,2,1,2019,5,Toyota,SUV,Diesel,10572,1200,Comprehensive,1520.57,1000,10,0,437,105281,2,0
2255,58,Male,Single,High School,Self-Employed,Urban,40,1,0,2006,18,BMW,Minivan,Hybrid,9300,1800,Basic,447.93,500,15,1,476,171090,1,0
2256,38,Female,Single,Bachelor,Student,Urban,17,0,0,2024,0,Volkswagen,Minivan,Diesel,11810,2000,Basic,727.57,250,8,1,739,129532,3,0
2257,29,Male,Married,PhD,Retired,Suburban,10,0,0,2014,10,Hyundai,Coupe,Electric,23406,1200,Comprehensive,2856.8,1500,15,1,707,56843,0,0
2258,56,Female,Single,None,Unemployed,Suburban,36,0,0,2016,8,BMW,Pickup,Hybrid,32720,1200,Standard,2354.28,500,6,1,599,148182,1,0
2259,37,Female,Widowed,PhD,Unemployed,Suburban,14,0,0,2005,19,Hyundai,Sedan,Hybrid,33231,1500,Basic,1370.04,2000,12,1,586,103371,0,0
2260,59,Male,Divorced,None,Self-Employed,Suburban,38,0,0,2010,14,Volkswagen,Hatchback,Hybrid,25000,1800,Standard,425.24,2000,1,1,706,121753,3,0
2261,58,Female,Married,None,Self-Employed,Rural,38,0,0,2018,6,Ford,Pickup,Electric,5001,2500,Comprehensive,2025.89,250,11,0,484,102721,0,1
2262,32,Male,Married,None,Retired,Suburban,9,2,5,2009,15,Chevrolet,Pickup,Diesel,15622,3000,Basic,2694.53,1000,9,1,569,169694,3,0
2263,38,Male,Married,None,Retired,Suburban,18,1,1,2012,12,Nissan,Hatchback,Diesel,34411,2000,Basic,1195.04,1000,10,0,743,169767,1,0
2264,66,Female,Married,Bachelor,Unemployed,Rural,45,1,0,2009,15,Toyota,Coupe,Petrol,7154,1800,Standard,2101.89,2000,8,0,364,47112,0,0
2265,45,Male,Married,PhD,Employed,Rural,23,1,0,2006,18,Hyundai,Minivan,Petrol,14235,2000,Standard,1933.95,1500,11,0,763,185089,4,1
2266,41,Female,Divorced,None,Self-Employed,Suburban,18,4,0,2013,11,Ford,Sedan,Petrol,28464,1500,Basic,2124.95,1000,14,0,826,64012,2,0
2267,44,Female,Divorced,None,Employed,Suburban,22,0,0,2006,18,Hyundai,Hatchback,Petrol,15963,3500,Basic,1936.79,2000,4,1,678,132372,2,0
2268,71,Female,Widowed,High School,Student,Urban,48,0,0,2011,13,Hyundai,Sedan,Diesel,31776,1800,Comprehensive,853.45,2000,6,1,673,156058,4,0
2269,65,Male,Widowed,None,Unemployed,Urban,46,0,2,2008,16,Hyundai,Pickup,Electric,24596,1000,Basic,2597.48,500,8,1,427,20095,0,0
2270,40,Male,Married,High School,Unemployed,Suburban,20,4,1,2017,7,Audi,Sedan,Electric,30595,1800,Comprehensive,1004.49,1000,15,0,654,181401,2,1
2271,54,Female,Single,Bachelor,Unemployed,Rural,33,2,1,2005,19,Honda,Coupe,Petrol,25639,2000,Comprehensive,2608.69,250,2,0,539,139060,2,0
2272,28,Male,Married,High School,Retired,Urban,9,0,1,2019,5,Toyota,Minivan,Hybrid,33779,2000,Basic,690.29,2000,8,1,545,79404,2,0
2273,70,Male,Single,Bachelor,Self-Employed,Urban,47,0,1,2009,15,Ford,Sedan,Electric,14238,1800,Comprehensive,2498.13,500,14,1,414,173262,1,0
2274,67,Male,Widowed,Master,Unemployed,Suburban,46,0,1,2014,10,Ford,Minivan,Electric,25386,1800,Basic,2198.92,500,9,1,468,49894,0,1
2275,25,Male,Single,Bachelor,Student,Suburban,2,0,0,2012,12,Toyota,Hatchback,Hybrid,23807,1200,Comprehensive,2478.49,250,8,0,528,79468,4,0
2276,32,Female,Married,Bachelor,Employed,Urban,9,2,2,2024,0,Chevrolet,Coupe,Hybrid,23121,1500,Standard,1390.92,250,2,1,762,17278,2,1
2277,26,Male,Married,Master,Employed,Suburban,3,0,0,2015,9,BMW,Pickup,Diesel,32136,1800,Basic,2342.16,500,15,1,344,180933,3,1
2278,56,Female,Divorced,High School,Unemployed,Urban,34,0,2,2014,10,Nissan,Coupe,Electric,16664,1500,Comprehensive,1876.66,2000,8,0,660,92265,1,1
2279,21,Female,Widowed,Master,Retired,Urban,0,0,2,2018,6,BMW,Coupe,Electric,24228,1000,Standard,2495.93,1000,2,1,608,82789,1,0
2280,41,Female,Divorced,None,Employed,Suburban,18,0,0,2021,3,Nissan,Coupe,Hybrid,14764,1500,Basic,2688.9,2000,4,0,556,77450,4,0
2281,53,Female,Married,High School,Self-Employed,Rural,35,0,0,2024,0,Audi,Pickup,Electric,13540,1800,Comprehensive,879.57,1500,8,0,751,46976,4,0
2282,27,Male,Divorced,High School,Self-Employed,Suburban,9,1,2,2011,13,Mercedes,Sedan,Diesel,14436,1800,Basic,919.87,1500,15,0,344,131535,0,1
2283,31,Female,Single,High School,Student,Urban,12,0,3,2024,0,Nissan,Minivan,Hybrid,19943,1500,Standard,730.11,250,9,1,842,64594,4,0
2284,40,Male,Widowed,Bachelor,Self-Employed,Urban,18,1,2,2016,8,Honda,Minivan,Petrol,23244,1800,Comprehensive,1822.59,2000,9,0,840,47103,3,0
2285,56,Female,Married,None,Employed,Suburban,33,1,0,2005,19,Volkswagen,Hatchback,Diesel,11569,2000,Comprehensive,2312.06,1000,6,0,616,66240,0,0
2286,47,Male,Widowed,Bachelor,Employed,Suburban,29,2,2,2011,13,Ford,Hatchback,Diesel,14077,2000,Comprehensive,2922.09,250,14,0,382,193438,2,0
2287,32,Male,Widowed,Bachelor,Self-Employed,Urban,12,1,0,2021,3,Chevrolet,SUV,Electric,13339,1800,Basic,2565.33,250,15,1,421,50485,0,0
2288,41,Female,Widowed,None,Employed,Urban,22,0,0,2021,3,Ford,Pickup,Diesel,14207,1500,Comprehensive,1271.87,250,8,1,378,108234,0,0
2289,31,Male,Single,None,Student,Suburban,9,1,0,2017,7,Hyundai,Sedan,Petrol,33810,1800,Basic,1305.57,1000,1,0,777,129708,1,1
2290,32,Male,Widowed,Bachelor,Retired,Suburban,12,0,5,2005,19,BMW,Pickup,Hybrid,29589,1800,Standard,2624.54,500,10,1,542,158835,0,0
2291,58,Male,Divorced,Master,Unemployed,Urban,37,0,0,2010,14,Honda,SUV,Petrol,22562,1200,Standard,822.98,1500,3,1,415,39476,0,0
2292,20,Male,Single,High School,Self-Employed,Suburban,1,0,0,2006,18,Volkswagen,Pickup,Electric,23251,2000,Basic,2126.52,500,14,0,463,100461,0,0
2293,43,Female,Divorced,PhD,Student,Urban,25,0,0,2016,8,Hyundai,Coupe,Petrol,11760,1500,Basic,1258.5,1000,3,0,751,56735,4,0
2294,45,Female,Widowed,Bachelor,Self-Employed,Suburban,22,0,0,2014,10,Chevrolet,Coupe,Petrol,14092,2500,Standard,2837.16,500,5,0,344,109377,2,0
2295,27,Female,Divorced,None,Student,Rural,9,0,0,2007,17,Audi,Minivan,Hybrid,6310,2000,Basic,1083.14,2000,10,1,527,33112,0,1
2296,72,Female,Married,None,Unemployed,Suburban,53,3,0,2015,9,Mercedes,SUV,Electric,5158,1200,Basic,2126.8,1000,4,1,362,199483,2,0
2297,19,Male,Divorced,None,Retired,Suburban,0,1,3,2018,6,Mercedes,Hatchback,Electric,25763,1800,Standard,2366.93,1500,10,1,566,49861,1,1
2298,55,Male,Divorced,Bachelor,Student,Rural,36,1,0,2021,3,Mercedes,Coupe,Hybrid,34039,2000,Standard,466.67,1500,9,1,792,62529,2,1
2299,24,Female,Single,None,Student,Suburban,2,1,3,2024,0,Mercedes,Hatchback,Petrol,8523,2500,Comprehensive,2738.08,500,13,1,722,141441,0,0
2300,54,Male,Widowed,Master,Self-Employed,Urban,33,2,0,2005,19,Ford,Minivan,Electric,33457,1800,Standard,814.44,250,13,1,659,133592,0,1
2301,54,Male,Widowed,High School,Self-Employed,Rural,31,0,0,2018,6,Mercedes,Sedan,Hybrid,10167,2000,Comprehensive,1080.23,250,4,1,804,101011,2,1
2302,64,Male,Married,None,Unemployed,Suburban,46,0,0,2007,17,BMW,Sedan,Diesel,28163,1800,Comprehensive,1541.74,2000,5,1,769,169942,0,0
2303,69,Male,Widowed,Bachelor,Employed,Suburban,47,1,0,2024,0,Ford,Pickup,Electric,18558,3000,Basic,416.46,1500,11,1,781,91560,0,0
2304,47,Male,Single,None,Self-Employed,Urban,27,1,1,2017,7,Volkswagen,Minivan,Petrol,22831,1000,Basic,308.73,1000,13,0,764,25751,0,1
2305,18,Male,Married,Bachelor,Employed,Urban,0,0,2,2024,0,Toyota,Hatchback,Petrol,32684,2000,Basic,2791.3,250,13,0,687,163450,0,1
2306,18,Female,Widowed,PhD,Unemployed,Rural,0,2,0,2008,16,Mercedes,Coupe,Electric,7600,1200,Standard,919.3,500,9,0,455,110106,0,1
2307,55,Female,Widowed,High School,Student,Suburban,36,0,2,2020,4,Toyota,SUV,Electric,13296,2500,Comprehensive,1354.28,1000,1,0,582,56073,3,1
2308,68,Male,Divorced,Master,Unemployed,Urban,48,1,3,2024,0,Hyundai,Sedan,Diesel,14646,1200,Standard,2057.29,500,7,0,550,113251,0,1
2309,38,Female,Widowed,PhD,Employed,Rural,19,0,0,2017,7,Honda,Minivan,Diesel,25172,2500,Basic,338.74,250,13,1,760,126492,3,0
2310,47,Female,Divorced,None,Self-Employed,Urban,25,1,1,2020,4,BMW,Coupe,Petrol,6438,3000,Standard,1952.78,500,1,1,727,117605,3,0
2311,45,Male,Widowed,High School,Self-Employed,Rural,23,2,3,2014,10,Audi,Coupe,Petrol,34718,3500,Basic,993.95,1500,2,1,604,171068,1,1
2312,38,Female,Divorced,PhD,Retired,Suburban,17,1,0,2019,5,Honda,Hatchback,Diesel,13344,1200,Comprehensive,2315.23,500,11,0,833,136703,2,1
2313,29,Female,Widowed,PhD,Retired,Suburban,6,0,0,2020,4,Mercedes,Coupe,Electric,19036,2000,Standard,1995.63,250,4,0,328,55717,2,0
2314,32,Female,Widowed,Master,Unemployed,Suburban,12,2,0,2022,2,Ford,SUV,Diesel,13153,1500,Standard,2252.76,500,6,1,727,149924,3,0
2315,67,Female,Divorced,PhD,Retired,Suburban,45,2,0,2005,19,BMW,Minivan,Petrol,8704,1500,Comprehensive,1560.16,1500,2,0,674,191158,1,0
2316,24,Female,Single,High School,Employed,Suburban,1,1,0,2017,7,Ford,SUV,Petrol,16588,1500,Standard,733.24,250,2,1,773,121171,1,0
2317,22,Female,Married,None,Student,Rural,2,0,2,2024,0,Ford,Sedan,Electric,7108,1000,Comprehensive,1802.99,250,1,0,571,92306,0,1
2318,32,Male,Single,PhD,Retired,Suburban,10,0,0,2018,6,BMW,Coupe,Petrol,32335,2000,Basic,1333.15,500,15,0,703,131722,1,0
2319,59,Male,Single,Master,Self-Employed,Urban,36,0,0,2024,0,Nissan,Pickup,Petrol,14054,1200,Basic,1466.06,1000,3,0,331,113670,2,0
2320,64,Female,Single,Master,Self-Employed,Rural,41,0,2,2021,3,Honda,Pickup,Hybrid,14845,2000,Basic,2164.42,2000,14,1,618,28398,1,0
2321,48,Female,Married,None,Unemployed,Suburban,27,2,0,2021,3,Audi,Pickup,Diesel,26354,1500,Comprehensive,1537.27,2000,9,0,491,90428,1,0
2322,19,Female,Married,High School,Employed,Urban,1,0,1,2017,7,Honda,Sedan,Hybrid,19598,1800,Standard,1303.77,2000,12,0,654,130391,2,0
2323,42,Male,Widowed,None,Self-Employed,Urban,23,1,2,2005,19,Toyota,Minivan,Diesel,26441,1500,Standard,2844.28,2000,6,0,678,119939,2,1
2324,60,Male,Single,Bachelor,Retired,Urban,40,0,1,2020,4,Toyota,Sedan,Diesel,8112,2000,Basic,468.78,1000,2,1,543,189859,0,0
2325,44,Male,Divorced,None,Self-Employed,Urban,24,0,0,2014,10,Mercedes,SUV,Hybrid,34029,1800,Basic,1535.55,250,4,1,520,106367,3,0
2326,61,Male,Single,Master,Retired,Rural,42,0,0,2020,4,BMW,Coupe,Hybrid,30757,1500,Comprehensive,2402.61,250,7,0,457,15051,2,0
2327,53,Female,Widowed,None,Retired,Urban,30,1,0,2008,16,Hyundai,SUV,Hybrid,26538,1800,Basic,427.28,2000,8,1,336,115618,1,0
2328,61,Male,Divorced,PhD,Unemployed,Suburban,39,2,0,2018,6,Mercedes,Coupe,Diesel,11732,1200,Basic,535.31,1500,13,1,619,22467,0,0
2329,26,Male,Single,PhD,Employed,Rural,7,1,0,2010,14,BMW,Minivan,Electric,29238,1200,Standard,2640.82,500,10,0,737,107826,1,1
2330,71,Female,Married,None,Unemployed,Suburban,53,1,0,2014,10,Hyundai,Hatchback,Electric,33500,1200,Basic,1553.36,1000,13,1,761,143097,1,1
2331,36,Female,Divorced,High School,Unemployed,Urban,18,0,0,2010,14,Hyundai,SUV,Diesel,28127,1800,Basic,1197.8,1000,8,1,713,29620,1,1
2332,73,Female,Single,PhD,Student,Suburban,52,0,0,2016,8,Toyota,Coupe,Electric,28325,1200,Basic,2861.14,1500,9,1,681,105738,3,0
2333,26,Female,Divorced,PhD,Retired,Urban,3,1,0,2013,11,Toyota,Minivan,Electric,11405,1800,Comprehensive,1065.54,500,6,1,351,16867,0,1
2334,27,Male,Widowed,High School,Student,Rural,8,0,1,2023,1,BMW,Minivan,Diesel,20622,1200,Basic,1666.07,2000,13,0,408,175000,2,0
2335,26,Male,Widowed,Master,Employed,Urban,4,3,0,2016,8,Chevrolet,Pickup,Petrol,8360,1800,Comprehensive,1463.81,1500,11,1,428,48067,1,1
2336,39,Male,Married,Bachelor,Unemployed,Urban,18,2,0,2007,17,Chevrolet,Pickup,Diesel,7545,1500,Comprehensive,2372.93,1500,15,1,551,45335,0,1
2337,65,Female,Widowed,Bachelor,Retired,Suburban,43,0,0,2016,8,Honda,Sedan,Diesel,15501,1800,Standard,1990.31,1000,2,1,519,171274,0,0
2338,24,Female,Divorced,None,Self-Employed,Suburban,5,0,2,2011,13,Mercedes,Sedan,Diesel,30697,1500,Basic,844.55,1500,1,1,618,170387,1,0
2339,50,Female,Divorced,PhD,Retired,Rural,27,0,1,2014,10,Mercedes,Coupe,Diesel,8765,1800,Standard,887.71,2000,11,0,408,48317,3,0
2340,50,Female,Widowed,Master,Employed,Suburban,32,0,0,2007,17,BMW,Hatchback,Hybrid,17236,1000,Comprehensive,2089.44,1000,12,1,739,195809,2,0
2341,68,Female,Divorced,PhD,Student,Urban,49,0,0,2012,12,Nissan,Minivan,Diesel,13638,2500,Basic,368.88,1000,13,1,438,175137,2,0
2342,57,Female,Widowed,PhD,Retired,Suburban,38,3,1,2018,6,Chevrolet,Minivan,Petrol,33410,1500,Comprehensive,929.36,1500,8,1,765,82088,1,1
2343,75,Female,Married,None,Student,Urban,52,1,0,2010,14,Toyota,Sedan,Diesel,26996,3000,Standard,394.97,500,6,0,788,194352,0,0
2344,30,Male,Single,Bachelor,Employed,Rural,12,0,0,2018,6,Hyundai,Sedan,Electric,20561,1800,Comprehensive,1645.63,2000,8,1,658,146221,2,0
2345,57,Female,Widowed,None,Student,Urban,39,0,1,2019,5,Audi,Hatchback,Hybrid,7196,2000,Comprehensive,446.23,1500,10,0,530,182409,2,0
2346,24,Male,Married,Bachelor,Student,Rural,2,3,0,2018,6,Nissan,Minivan,Electric,9787,1000,Basic,805.67,1500,13,1,361,183159,0,1
2347,26,Female,Single,High School,Retired,Urban,8,1,5,2016,8,Honda,SUV,Diesel,16052,1200,Comprehensive,1062.03,1000,8,1,354,80197,2,0
2348,54,Female,Single,High School,Unemployed,Suburban,31,1,0,2023,1,Chevrolet,Sedan,Electric,30322,1500,Comprehensive,2883.66,2000,8,1,371,52611,2,0
2349,44,Female,Widowed,Bachelor,Employed,Rural,25,0,1,2017,7,Honda,Hatchback,Diesel,32877,1200,Comprehensive,832.92,2000,11,0,611,161400,3,0
2350,73,Female,Married,High School,Self-Employed,Urban,55,0,0,2006,18,Mercedes,Sedan,Petrol,33431,1200,Basic,2938.06,1500,1,0,714,80936,0,1
2351,33,Male,Single,Bachelor,Retired,Rural,14,0,0,2019,5,Honda,Coupe,Hybrid,33544,2500,Basic,2581.61,1500,13,1,601,51991,4,0
2352,29,Male,Single,High School,Student,Urban,8,2,1,2009,15,Honda,Minivan,Electric,34274,1200,Standard,2369.9,250,12,1,731,76851,0,1
2353,60,Female,Widowed,High School,Unemployed,Suburban,37,1,1,2007,17,Audi,Pickup,Hybrid,10626,1800,Standard,1247.43,250,7,1,844,195676,1,0
2354,28,Male,Widowed,None,Retired,Rural,7,0,1,2019,5,Honda,SUV,Petrol,23848,1800,Basic,2606.53,2000,13,0,804,114531,2,0
2355,60,Female,Single,High School,Self-Employed,Urban,37,0,2,2010,14,Mercedes,Hatchback,Electric,10997,1800,Standard,2862.3,250,12,0,524,173973,2,0
2356,66,Male,Widowed,Master,Student,Suburban,44,0,1,2022,2,Volkswagen,Coupe,Electric,24695,2000,Standard,2181.78,2000,12,0,482,17020,0,0
2357,28,Female,Widowed,None,Student,Urban,5,1,0,2016,8,Chevrolet,Coupe,Electric,30759,2500,Standard,1607.1,1500,15,1,519,16115,2,1
2358,36,Male,Single,None,Employed,Urban,17,0,0,2019,5,Hyundai,Sedan,Electric,7491,1200,Standard,1361.73,500,12,1,303,164945,0,0
2359,41,Female,Married,High School,Retired,Rural,22,1,0,2010,14,Ford,Minivan,Electric,21099,1800,Basic,843.87,2000,3,0,792,33420,0,1
2360,67,Female,Divorced,High School,Student,Rural,45,0,1,2017,7,Audi,Pickup,Diesel,26562,2500,Comprehensive,904.37,2000,13,0,551,147506,0,1
2361,45,Male,Widowed,None,Unemployed,Rural,26,0,0,2019,5,BMW,Coupe,Hybrid,22646,1200,Standard,1241.2,500,4,1,338,143753,3,0
2362,71,Male,Widowed,None,Student,Urban,48,1,0,2023,1,Audi,Coupe,Petrol,17350,3000,Standard,2793.67,2000,7,0,501,69686,4,1
2363,67,Female,Single,None,Student,Suburban,48,4,0,2018,6,Ford,Coupe,Petrol,34434,1000,Standard,1488.99,1500,13,1,753,190817,2,0
2364,48,Male,Single,None,Employed,Suburban,25,1,0,2018,6,Nissan,Coupe,Diesel,12117,1000,Basic,2168.81,1000,1,1,461,82184,0,1
2365,33,Male,Divorced,None,Student,Suburban,14,0,0,2022,2,Mercedes,Coupe,Petrol,25123,1800,Standard,2336.59,250,4,0,608,20619,1,0
2366,48,Male,Divorced,PhD,Student,Urban,26,1,0,2009,15,Volkswagen,Minivan,Electric,6131,1000,Basic,1792.44,1000,14,0,820,184957,2,0
2367,67,Male,Single,None,Unemployed,Rural,45,0,2,2023,1,Ford,Minivan,Electric,26131,2000,Standard,2163.23,1000,2,1,329,96385,2,0
2368,32,Female,Widowed,Master,Retired,Urban,12,3,0,2017,7,Mercedes,Coupe,Hybrid,8287,2000,Standard,1648.57,2000,10,1,767,52334,0,1
2369,73,Female,Single,Master,Self-Employed,Urban,55,0,0,2009,15,Chevrolet,Hatchback,Petrol,33051,2500,Standard,2473.32,2000,8,1,549,155908,2,0
2370,24,Female,Divorced,Bachelor,Unemployed,Suburban,1,1,0,2018,6,Nissan,Sedan,Diesel,29958,3000,Basic,1644.49,250,1,0,712,175396,3,0
2371,61,Male,Divorced,Master,Unemployed,Suburban,39,0,1,2010,14,Ford,Hatchback,Electric,15447,1500,Standard,1214.54,500,3,0,398,94615,2,0
2372,57,Female,Divorced,High School,Self-Employed,Rural,35,1,1,2019,5,Volkswagen,Coupe,Diesel,11835,3000,Basic,1789.41,1000,7,1,342,141254,0,0
2373,61,Female,Divorced,High School,Employed,Suburban,42,0,0,2007,17,Ford,Coupe,Hybrid,14544,1000,Comprehensive,2049.94,250,8,0,325,195049,1,0
2374,32,Male,Single,Master,Retired,Urban,10,0,5,2021,3,Audi,Coupe,Hybrid,9422,1800,Basic,320.1,500,9,1,357,109533,0,0
2375,21,Female,Widowed,High School,Unemployed,Urban,0,0,0,2018,6,Toyota,Hatchback,Electric,29389,3500,Comprehensive,1436.8,1000,10,0,578,86392,4,0
2376,33,Female,Divorced,Master,Student,Urban,11,1,2,2006,18,Hyundai,Hatchback,Hybrid,15028,1800,Basic,1207.88,1500,3,0,328,27398,3,1
2377,59,Female,Divorced,PhD,Employed,Suburban,41,2,0,2012,12,Hyundai,Sedan,Hybrid,17934,2000,Standard,1468.47,250,14,1,329,106463,2,0
2378,72,Female,Divorced,PhD,Student,Suburban,51,0,1,2020,4,Audi,Minivan,Diesel,24124,1200,Comprehensive,1132.63,1000,4,1,455,163622,3,1
2379,73,Male,Single,None,Student,Urban,51,0,0,2018,6,Mercedes,Pickup,Petrol,34795,2000,Standard,805.69,500,3,0,403,34469,3,0
2380,26,Female,Widowed,Bachelor,Self-Employed,Suburban,5,0,1,2022,2,Honda,SUV,Diesel,5243,1800,Comprehensive,957.09,1000,6,0,555,143652,2,0
2381,18,Male,Divorced,PhD,Self-Employed,Urban,0,2,1,2013,11,Ford,Hatchback,Hybrid,15482,1500,Comprehensive,1360.25,2000,1,1,341,23224,0,1
2382,60,Female,Married,None,Employed,Suburban,39,2,2,2006,18,Honda,Hatchback,Electric,12237,2000,Comprehensive,2315.11,1000,8,0,350,141061,1,0
2383,63,Female,Single,Master,Unemployed,Rural,45,0,1,2008,16,Mercedes,Hatchback,Hybrid,18315,1200,Comprehensive,2076.1,1000,5,0,765,39432,0,0
2384,44,Female,Widowed,Bachelor,Student,Suburban,23,0,0,2015,9,Hyundai,SUV,Hybrid,12203,1800,Standard,1449.01,1000,10,1,346,59219,2,0
2385,67,Male,Married,None,Employed,Suburban,48,0,0,2013,11,Nissan,Hatchback,Petrol,22252,2000,Basic,1142.54,500,9,0,713,72127,2,0
2386,21,Female,Married,Bachelor,Employed,Rural,1,0,0,2011,13,Hyundai,Pickup,Petrol,31713,1200,Standard,2721.08,500,8,1,786,64193,0,0
2387,71,Male,Widowed,Bachelor,Self-Employed,Urban,49,2,1,2020,4,Volkswagen,Sedan,Hybrid,23270,1200,Basic,1234.86,2000,6,1,501,46488,0,0
2388,38,Female,Divorced,High School,Unemployed,Suburban,18,0,0,2019,5,BMW,Coupe,Hybrid,9963,1800,Standard,581.76,1500,6,1,649,130156,1,0
2389,72,Male,Widowed,High School,Unemployed,Urban,49,0,0,2008,16,Honda,Coupe,Petrol,24572,1500,Standard,1145.72,2000,15,0,596,42386,1,1
2390,33,Female,Divorced,High School,Employed,Suburban,15,1,0,2017,7,Mercedes,Coupe,Petrol,14970,1500,Basic,2998.19,1500,12,1,483,20261,0,0
2391,57,Male,Divorced,PhD,Employed,Suburban,34,3,5,2016,8,Chevrolet,SUV,Diesel,20570,1800,Comprehensive,1029.35,2000,2,0,573,33796,2,1
2392,18,Female,Single,None,Retired,Suburban,0,0,3,2016,8,Honda,Hatchback,Electric,8232,1500,Comprehensive,2059.07,1000,9,0,798,70752,1,1
2393,29,Female,Widowed,High School,Unemployed,Urban,7,0,2,2021,3,Honda,Pickup,Electric,22349,1200,Standard,2226.5,500,11,0,332,134452,4,0
2394,64,Female,Divorced,Master,Retired,Urban,45,0,0,2005,19,Mercedes,Hatchback,Petrol,27088,1800,Basic,1681.39,2000,8,0,516,28830,0,0
2395,70,Female,Married,Bachelor,Student,Urban,51,0,0,2018,6,Audi,Hatchback,Petrol,13576,2500,Basic,2775.36,1500,15,0,639,168390,0,0
2396,40,Male,Divorced,Bachelor,Self-Employed,Suburban,17,2,0,2011,13,Toyota,Hatchback,Diesel,23459,1800,Basic,2375.94,1000,2,0,655,176107,2,1
2397,58,Female,Single,High School,Unemployed,Rural,36,1,0,2013,11,Toyota,Minivan,Electric,7939,1500,Comprehensive,954.36,1500,5,0,370,174386,2,1
2398,41,Female,Divorced,High School,Self-Employed,Rural,21,3,2,2010,14,Volkswagen,Sedan,Petrol,18524,1200,Comprehensive,1852.97,500,3,0,833,83092,0,0
2399,56,Male,Divorced,None,Retired,Suburban,34,1,0,2007,17,Chevrolet,Hatchback,Hybrid,15553,1200,Standard,1981.21,1500,6,1,675,97492,0,0
2400,67,Female,Widowed,Bachelor,Unemployed,Urban,46,0,0,2019,5,Toyota,SUV,Petrol,29090,1000,Basic,644.57,250,4,0,828,144240,1,1
2401,68,Female,Married,High School,Retired,Suburban,45,0,2,2015,9,Mercedes,Minivan,Electric,29724,2000,Standard,1822.52,2000,12,0,735,151404,4,0
2402,26,Female,Married,Master,Retired,Urban,8,1,0,2015,9,BMW,Hatchback,Diesel,7099,1500,Standard,828.37,1000,13,1,730,20571,4,0
2403,52,Male,Divorced,PhD,Employed,Suburban,31,1,0,2008,16,Toyota,Coupe,Petrol,26773,3000,Basic,2462.22,250,3,0,405,51668,0,1
2404,29,Male,Widowed,None,Unemployed,Urban,10,0,1,2013,11,Honda,Hatchback,Diesel,10382,1500,Basic,1995.35,1500,12,0,416,92325,0,1
2405,39,Male,Divorced,Master,Employed,Rural,18,0,2,2020,4,Nissan,Coupe,Petrol,30093,2500,Basic,2133.28,1000,13,0,513,61821,1,1
2406,29,Female,Married,Master,Retired,Suburban,8,1,0,2011,13,Volkswagen,Minivan,Diesel,7836,1000,Standard,1499.97,2000,8,0,480,67495,2,1
2407,39,Male,Widowed,None,Student,Suburban,16,1,1,2005,19,Ford,SUV,Electric,19073,1500,Comprehensive,1874.85,250,10,1,821,174130,4,0
2408,41,Male,Widowed,None,Student,Suburban,19,4,1,2024,0,Audi,SUV,Petrol,23661,3500,Basic,2694.67,2000,5,1,579,116915,0,1
2409,56,Male,Single,Bachelor,Retired,Urban,36,0,0,2015,9,Nissan,Pickup,Diesel,34446,3000,Standard,869,500,4,0,784,23981,0,0
2410,55,Female,Widowed,PhD,Unemployed,Suburban,33,0,1,2013,11,BMW,Sedan,Petrol,17622,1200,Basic,460.31,1500,6,0,612,198703,2,0
2411,31,Female,Divorced,Master,Self-Employed,Urban,13,0,0,2007,17,Toyota,SUV,Petrol,26664,2000,Standard,1192.45,1500,1,1,692,174861,1,1
2412,51,Female,Married,Master,Self-Employed,Urban,33,0,0,2015,9,Ford,Minivan,Petrol,10531,1500,Comprehensive,1469.75,1500,3,0,824,43176,2,0
2413,21,Male,Divorced,High School,Retired,Rural,3,0,0,2006,18,Nissan,Hatchback,Petrol,26798,1000,Basic,2121.15,1500,11,1,465,172655,2,0
2414,68,Female,Divorced,High School,Self-Employed,Urban,47,0,0,2013,11,BMW,Minivan,Diesel,14351,1500,Comprehensive,2806.11,1500,1,1,429,81454,0,0
2415,47,Female,Divorced,Bachelor,Retired,Rural,28,3,1,2017,7,Nissan,Minivan,Electric,29624,2000,Standard,2442.42,1500,9,0,319,164000,0,0
2416,24,Male,Married,Master,Student,Suburban,6,3,2,2022,2,Toyota,Coupe,Hybrid,5052,1200,Comprehensive,2356.99,1500,10,0,745,191705,0,0
2417,24,Female,Single,High School,Student,Suburban,1,0,0,2006,18,Ford,Minivan,Electric,34337,1500,Standard,1916.11,250,9,1,352,95839,3,1
2418,40,Female,Married,Master,Self-Employed,Suburban,22,0,0,2008,16,Hyundai,SUV,Diesel,12443,1000,Basic,2797.39,500,6,1,725,86200,1,0
2419,75,Male,Married,Bachelor,Employed,Urban,55,0,0,2012,12,Audi,Hatchback,Electric,10173,1200,Comprehensive,1467.37,250,6,1,517,19618,2,0
2420,19,Male,Divorced,None,Employed,Urban,1,0,0,2015,9,BMW,Minivan,Hybrid,19159,1800,Basic,1382.54,1500,15,0,636,36881,2,1
2421,50,Male,Married,Bachelor,Retired,Rural,31,2,1,2015,9,Ford,Minivan,Hybrid,29977,1800,Basic,2222.49,2000,14,1,663,129852,1,0
2422,59,Male,Divorced,Bachelor,Employed,Rural,37,0,5,2017,7,Mercedes,Sedan,Hybrid,14451,1200,Basic,2810.01,250,6,1,341,55780,1,0
2423,50,Male,Single,PhD,Retired,Urban,32,0,0,2005,19,BMW,Minivan,Electric,23714,1200,Basic,2637.28,1000,3,1,706,67692,3,0
2424,37,Male,Widowed,Bachelor,Employed,Urban,16,3,0,2015,9,Mercedes,SUV,Hybrid,20939,1500,Comprehensive,2849.84,1500,10,1,790,187782,1,1
2425,29,Female,Widowed,Bachelor,Employed,Urban,6,0,0,2020,4,Audi,Coupe,Diesel,31600,1200,Standard,303.15,1500,11,1,423,173079,2,1
2426,36,Male,Divorced,High School,Retired,Rural,15,0,3,2018,6,Toyota,SUV,Electric,24109,3000,Comprehensive,705.63,250,14,1,827,63214,3,0
2427,47,Female,Widowed,High School,Retired,Urban,29,1,0,2007,17,Hyundai,Coupe,Diesel,25337,2500,Basic,2275.64,1500,9,0,816,102815,3,1
2428,30,Male,Married,Master,Student,Rural,7,3,1,2007,17,Ford,Sedan,Diesel,20360,1500,Comprehensive,675.23,500,14,1,638,199085,3,1
2429,55,Male,Single,PhD,Self-Employed,Urban,36,0,0,2016,8,Nissan,SUV,Diesel,12350,1800,Comprehensive,2124.51,250,2,0,546,179226,2,0
2430,49,Female,Married,None,Student,Rural,30,0,5,2017,7,Chevrolet,Coupe,Diesel,13056,1500,Comprehensive,1788.67,1000,3,0,692,121981,1,1
2431,68,Female,Divorced,PhD,Retired,Urban,50,2,0,2005,19,Volkswagen,Coupe,Petrol,15139,2000,Comprehensive,2017.1,2000,10,0,817,199295,1,1
2432,50,Male,Single,Bachelor,Employed,Urban,28,0,3,2011,13,Audi,Sedan,Electric,34439,1200,Comprehensive,1784.22,250,12,1,720,80321,3,1
2433,18,Female,Divorced,None,Retired,Urban,0,0,2,2010,14,Chevrolet,Sedan,Diesel,23690,1800,Comprehensive,2904.79,500,12,1,570,44222,3,1
2434,55,Male,Widowed,Bachelor,Retired,Urban,33,1,1,2008,16,Volkswagen,SUV,Diesel,12881,1800,Basic,1623.04,1000,8,1,378,24872,0,1
2435,44,Female,Divorced,High School,Retired,Urban,24,3,2,2011,13,Nissan,Hatchback,Petrol,31295,1800,Standard,1631.29,250,13,0,721,89153,3,1
2436,70,Female,Widowed,High School,Self-Employed,Urban,47,2,0,2008,16,Toyota,SUV,Petrol,16089,1800,Comprehensive,2627.55,250,14,0,676,152796,0,1
2437,24,Female,Widowed,High School,Self-Employed,Urban,1,0,2,2023,1,Volkswagen,Coupe,Diesel,21719,1800,Basic,2418.4,250,9,0,443,196731,0,1
2438,43,Female,Widowed,PhD,Employed,Urban,22,0,1,2010,14,Chevrolet,Coupe,Electric,33535,1800,Comprehensive,2433.96,250,9,0,503,154404,0,0
2439,75,Female,Single,Master,Employed,Urban,52,2,1,2013,11,Chevrolet,SUV,Petrol,25548,1800,Basic,2994.22,500,2,0,416,199629,0,1
2440,37,Male,Divorced,Bachelor,Employed,Suburban,17,0,1,2022,2,Audi,Hatchback,Diesel,31096,1500,Standard,896.88,2000,15,0,321,38969,2,0
2441,64,Male,Married,Master,Retired,Urban,46,0,1,2007,17,Honda,SUV,Petrol,12027,1000,Standard,2619.09,250,8,0,696,199245,4,0
2442,64,Female,Divorced,PhD,Retired,Rural,42,1,0,2005,19,Audi,Coupe,Hybrid,9144,1800,Comprehensive,2780.3,250,9,0,847,117035,2,0
2443,32,Female,Divorced,Master,Employed,Suburban,12,0,2,2014,10,Chevrolet,Pickup,Diesel,7717,2000,Comprehensive,1406.8,500,11,1,456,21711,2,0
2444,44,Male,Divorced,None,Retired,Urban,23,1,0,2011,13,Honda,Coupe,Petrol,7049,1800,Comprehensive,2465.04,1500,14,1,548,129786,0,0
2445,68,Female,Married,Master,Unemployed,Suburban,45,1,1,2006,18,Mercedes,Pickup,Petrol,30526,2500,Standard,2173.36,250,14,0,726,98264,1,1
2446,62,Female,Single,PhD,Retired,Suburban,41,0,0,2019,5,Honda,Sedan,Petrol,9598,1000,Standard,348.46,2000,12,0,645,179103,2,0
2447,66,Female,Widowed,PhD,Unemployed,Urban,45,0,1,2015,9,Ford,Hatchback,Hybrid,18796,1000,Basic,2220.84,500,4,1,825,184243,0,1
2448,22,Female,Married,High School,Retired,Urban,2,3,0,2024,0,Chevrolet,Coupe,Electric,12107,1200,Basic,2165.54,250,2,0,524,167814,2,0
2449,18,Male,Divorced,High School,Employed,Urban,0,3,2,2016,8,Nissan,Hatchback,Petrol,8474,2500,Basic,2664.22,1500,6,0,451,107260,1,1
2450,70,Male,Divorced,None,Employed,Urban,47,2,1,2023,1,Toyota,Hatchback,Hybrid,11321,1500,Basic,2399.9,2000,15,0,828,65568,2,1
2451,66,Male,Widowed,Bachelor,Student,Rural,45,0,1,2017,7,Chevrolet,Minivan,Hybrid,34014,1000,Comprehensive,1535.77,500,10,1,606,191501,3,0
2452,57,Male,Divorced,Master,Unemployed,Rural,35,0,1,2007,17,Mercedes,Sedan,Diesel,13448,1500,Basic,2446.3,1500,1,1,339,154780,3,0
2453,39,Male,Divorced,PhD,Self-Employed,Suburban,19,2,1,2022,2,Nissan,Coupe,Hybrid,19480,1800,Comprehensive,2232.19,250,2,0,415,166256,0,0
2454,46,Female,Single,Master,Self-Employed,Urban,28,0,2,2022,2,Mercedes,SUV,Diesel,22885,2000,Basic,2826.14,1000,1,1,699,61372,1,0
2455,61,Male,Divorced,PhD,Self-Employed,Urban,40,1,0,2012,12,BMW,Sedan,Petrol,12926,1500,Standard,1136.69,2000,5,0,482,31473,4,0
2456,20,Female,Divorced,None,Student,Rural,0,0,0,2011,13,Toyota,Pickup,Petrol,23772,2000,Comprehensive,2650,2000,10,1,706,131894,1,0
2457,56,Female,Single,High School,Employed,Urban,33,2,0,2010,14,Hyundai,Pickup,Hybrid,9357,1000,Comprehensive,1989.76,250,3,0,654,133916,2,0
2458,62,Female,Divorced,High School,Employed,Urban,42,0,0,2018,6,Volkswagen,Minivan,Diesel,6352,3000,Standard,2263.09,500,8,1,744,55568,3,0
2459,29,Male,Married,High School,Student,Suburban,7,1,2,2022,2,BMW,Coupe,Petrol,15499,1200,Basic,617.33,500,11,1,701,199132,2,0
2460,60,Female,Married,High School,Self-Employed,Urban,37,0,5,2011,13,Ford,SUV,Hybrid,34201,3000,Standard,1435.2,1500,10,1,684,116703,3,1
2461,35,Male,Divorced,None,Retired,Urban,14,1,1,2021,3,Nissan,Minivan,Petrol,34081,1800,Standard,1585.89,1000,7,1,842,103804,2,0
2462,41,Female,Divorced,Master,Employed,Rural,19,0,0,2023,1,BMW,Hatchback,Hybrid,22634,2000,Comprehensive,1965.69,2000,6,0,708,105668,0,0
2463,49,Male,Divorced,High School,Employed,Rural,28,0,0,2013,11,Honda,Hatchback,Electric,23343,3000,Comprehensive,1610.1,1000,8,1,501,168142,1,0
2464,19,Male,Single,None,Unemployed,Suburban,0,0,2,2018,6,Toyota,Pickup,Hybrid,19355,2000,Standard,2272.15,500,1,1,331,189241,3,1
2465,36,Female,Married,Bachelor,Employed,Suburban,17,0,0,2007,17,Nissan,Minivan,Hybrid,33100,1500,Basic,1234.57,250,3,0,600,33807,2,1
2466,58,Female,Single,None,Student,Rural,36,0,2,2013,11,Volkswagen,Pickup,Petrol,30668,2000,Standard,338.01,1000,10,0,724,136402,0,0
2467,70,Female,Divorced,Bachelor,Self-Employed,Suburban,50,0,0,2017,7,Hyundai,Hatchback,Diesel,27553,2000,Comprehensive,1922.96,1500,9,1,500,98143,0,0
2468,26,Male,Married,Bachelor,Student,Rural,8,0,1,2021,3,Toyota,Sedan,Diesel,7695,2000,Comprehensive,1700.87,250,12,1,753,194770,1,0
2469,41,Female,Widowed,Bachelor,Retired,Rural,18,0,1,2012,12,Audi,Sedan,Diesel,9174,3500,Comprehensive,2999.54,2000,13,0,725,117295,2,0
2470,34,Male,Divorced,None,Unemployed,Rural,16,0,0,2021,3,Chevrolet,SUV,Diesel,23927,3500,Standard,2709.89,2000,5,1,737,52139,1,0
2471,30,Female,Single,Bachelor,Retired,Suburban,9,2,1,2016,8,Audi,Coupe,Petrol,24722,1000,Standard,2810.98,250,10,1,778,152483,0,1
2472,72,Female,Divorced,PhD,Retired,Rural,50,3,1,2020,4,Ford,Hatchback,Electric,29875,1500,Basic,521.69,2000,11,1,443,195179,4,1
2473,37,Male,Single,None,Unemployed,Urban,14,0,0,2010,14,Honda,Hatchback,Petrol,9537,2000,Comprehensive,1255.68,500,7,1,332,100119,0,1
2474,39,Male,Married,PhD,Employed,Urban,17,2,0,2020,4,Hyundai,Sedan,Petrol,29605,1000,Basic,727.74,1500,1,1,547,90219,2,0
2475,65,Female,Married,Bachelor,Student,Suburban,45,2,0,2013,11,BMW,Sedan,Petrol,31772,2500,Basic,678.88,500,9,1,563,78623,1,0
2476,74,Female,Married,High School,Retired,Rural,54,0,0,2018,6,Mercedes,Hatchback,Hybrid,22875,1200,Standard,856.29,500,11,0,452,108248,4,0
2477,50,Male,Married,Bachelor,Employed,Suburban,28,0,0,2015,9,Chevrolet,Sedan,Hybrid,19763,3000,Standard,1645.19,2000,12,0,607,81494,3,0
2478,37,Female,Divorced,None,Student,Urban,19,0,0,2018,6,Nissan,Pickup,Diesel,8837,2000,Basic,1105.9,1500,13,1,624,172649,2,0
2479,32,Female,Widowed,None,Retired,Suburban,10,0,0,2005,19,Audi,Sedan,Diesel,33078,1500,Comprehensive,1231.39,1500,3,1,494,193588,0,0
2480,40,Male,Married,PhD,Employed,Rural,21,0,0,2005,19,Ford,SUV,Hybrid,31676,1200,Comprehensive,2876.85,2000,1,1,555,128953,4,0
2481,75,Female,Widowed,High School,Student,Rural,53,2,1,2024,0,Toyota,Minivan,Petrol,23454,2500,Comprehensive,2002.59,1000,4,0,653,123540,0,0
2482,68,Male,Married,High School,Employed,Urban,46,0,1,2005,19,Toyota,Coupe,Diesel,10858,1200,Basic,1269.15,500,12,0,343,157027,2,0
2483,40,Female,Single,None,Unemployed,Rural,22,0,0,2019,5,Honda,Sedan,Petrol,14371,1800,Comprehensive,789.65,1500,14,1,402,46922,3,1
2484,43,Female,Divorced,High School,Student,Rural,21,1,1,2019,5,Volkswagen,Sedan,Diesel,20232,3000,Basic,627.02,250,4,1,354,55299,2,0
2485,39,Male,Widowed,Bachelor,Self-Employed,Rural,18,1,3,2016,8,Ford,Hatchback,Petrol,26660,3500,Standard,1942.73,1000,13,1,741,93585,1,1
2486,67,Female,Widowed,None,Employed,Suburban,48,1,0,2005,19,Toyota,Sedan,Petrol,11937,2000,Standard,1010.35,1500,9,1,800,40590,0,0
2487,50,Male,Married,Bachelor,Self-Employed,Suburban,27,3,1,2012,12,BMW,Pickup,Hybrid,30571,2000,Basic,2033.94,500,14,0,540,85404,1,1
2488,48,Female,Widowed,Master,Student,Rural,27,4,0,2006,18,Toyota,Sedan,Petrol,34071,1500,Basic,2601.62,250,9,1,466,183852,2,1
2489,57,Male,Married,Master,Unemployed,Rural,35,0,0,2017,7,Audi,Minivan,Hybrid,34339,1500,Standard,2919.38,1000,11,1,838,27541,2,0
2490,41,Female,Divorced,PhD,Retired,Urban,18,0,1,2012,12,Nissan,SUV,Diesel,21095,1000,Comprehensive,1751.26,1000,5,1,848,182301,1,1
2491,52,Male,Married,None,Retired,Rural,29,0,0,2014,10,Ford,Coupe,Diesel,10270,3000,Comprehensive,1055.52,1000,8,0,367,138190,3,0
2492,46,Male,Married,PhD,Employed,Urban,28,0,0,2006,18,Hyundai,Hatchback,Hybrid,7717,1200,Comprehensive,928.98,250,9,0,697,58261,2,0
2493,38,Female,Single,PhD,Employed,Suburban,20,0,1,2017,7,Toyota,Coupe,Electric,17590,1500,Basic,529.35,2000,3,0,389,19561,4,0
2494,45,Female,Married,Master,Unemployed,Urban,27,1,0,2011,13,Volkswagen,SUV,Petrol,13580,1800,Basic,1654.31,2000,7,0,828,194842,1,0
2495,38,Female,Widowed,Bachelor,Retired,Suburban,15,0,1,2017,7,Mercedes,Minivan,Diesel,10653,1000,Comprehensive,2705.33,2000,11,0,646,104948,2,0
2496,18,Male,Divorced,None,Employed,Rural,0,1,1,2016,8,Volkswagen,Minivan,Diesel,13321,2000,Comprehensive,561.55,250,9,1,538,91090,4,0
2497,33,Male,Married,PhD,Self-Employed,Suburban,12,0,0,2006,18,Chevrolet,Coupe,Diesel,9511,3000,Comprehensive,513.29,2000,2,1,785,37551,3,0
2498,60,Male,Single,High School,Self-Employed,Suburban,42,0,3,2020,4,BMW,Pickup,Petrol,21321,1500,Standard,2343.52,1000,2,1,367,146588,0,0
2499,19,Male,Single,High School,Employed,Urban,0,0,2,2010,14,Honda,Hatchback,Petrol,13364,3000,Basic,552.86,500,14,0,411,108120,2,1
2500,22,Male,Widowed,PhD,Self-Employed,Suburban,2,0,0,2018,6,Mercedes,Hatchback,Hybrid,7473,1800,Comprehensive,2681.05,1000,7,0,682,195428,2,0
2501,30,Male,Widowed,Master,Unemployed,Suburban,10,0,0,2023,1,Honda,Hatchback,Hybrid,29318,3500,Basic,1928.79,2000,13,0,823,73780,0,0
2502,26,Female,Divorced,PhD,Employed,Rural,5,0,2,2023,1,Volkswagen,Coupe,Petrol,9443,1500,Standard,2145.47,2000,2,1,461,134948,3,0
2503,61,Female,Widowed,Master,Student,Suburban,39,1,0,2024,0,Chevrolet,Pickup,Electric,24675,3000,Standard,1624.2,1500,4,0,340,136207,1,0
2504,44,Male,Married,Bachelor,Student,Urban,25,1,0,2014,10,Honda,Minivan,Diesel,19221,1800,Comprehensive,1391.71,1000,8,0,757,79457,2,0
2505,41,Female,Widowed,High School,Retired,Urban,23,4,5,2011,13,Ford,Sedan,Diesel,12138,1000,Standard,1687.68,1500,11,0,820,152700,3,0
2506,63,Male,Divorced,Master,Student,Suburban,41,1,0,2021,3,Nissan,SUV,Hybrid,31679,2000,Standard,1915.83,2000,12,0,310,124427,0,0
2507,59,Male,Divorced,Master,Self-Employed,Suburban,39,1,1,2020,4,Mercedes,Pickup,Petrol,25911,1800,Standard,1761.33,1500,8,0,414,199355,1,0
2508,36,Female,Widowed,Bachelor,Retired,Urban,15,0,2,2006,18,Audi,Hatchback,Petrol,18682,3000,Comprehensive,2179.02,1500,8,0,572,17840,2,0
2509,53,Female,Single,High School,Self-Employed,Urban,35,0,2,2018,6,Chevrolet,Sedan,Petrol,27181,2500,Basic,1679.19,250,8,0,307,85192,3,0
2510,54,Male,Single,PhD,Employed,Rural,32,1,1,2005,19,Ford,SUV,Petrol,12939,1200,Comprehensive,1873.08,1500,1,1,335,65017,3,1
2511,58,Male,Widowed,Bachelor,Retired,Urban,37,2,0,2007,17,Mercedes,Pickup,Electric,16934,1500,Basic,2477.74,500,4,0,648,110466,2,0
2512,66,Female,Single,Master,Student,Suburban,47,0,0,2011,13,BMW,Coupe,Hybrid,28428,1500,Standard,1198.49,250,8,1,568,69733,1,0
2513,38,Male,Single,None,Employed,Suburban,18,0,0,2005,19,Volkswagen,Minivan,Hybrid,25097,1800,Comprehensive,2405.29,1500,8,0,512,84400,0,0
2514,27,Female,Divorced,None,Student,Suburban,5,0,2,2011,13,Hyundai,Sedan,Petrol,26910,1500,Standard,2284.15,250,14,1,340,114252,4,0
2515,56,Female,Widowed,Master,Employed,Urban,37,2,0,2006,18,Mercedes,Coupe,Petrol,33364,1200,Standard,2943.97,500,9,1,783,21783,2,0
2516,54,Male,Single,Master,Employed,Rural,36,4,2,2012,12,Audi,Minivan,Diesel,26588,1500,Standard,643.1,2000,4,0,738,109714,1,0
2517,25,Male,Divorced,None,Employed,Urban,3,1,3,2011,13,Toyota,Sedan,Hybrid,10675,2500,Comprehensive,604.22,500,15,0,574,110434,0,1
2518,46,Female,Single,None,Student,Urban,25,1,0,2020,4,Ford,Coupe,Diesel,12770,1500,Comprehensive,1180.93,250,4,0,670,69069,0,0
2519,40,Female,Married,None,Student,Rural,21,1,5,2005,19,Mercedes,Minivan,Petrol,23825,1500,Standard,2442.11,1500,2,1,469,154423,2,1
2520,59,Male,Divorced,Master,Student,Rural,40,2,0,2011,13,Volkswagen,SUV,Hybrid,5128,1500,Standard,2603.84,1000,11,1,536,52096,4,1
2521,26,Female,Married,PhD,Self-Employed,Suburban,4,1,0,2007,17,Ford,Hatchback,Electric,8408,1500,Basic,2821.43,1500,14,1,788,106008,2,1
2522,62,Male,Widowed,PhD,Retired,Urban,42,0,0,2019,5,Audi,Hatchback,Petrol,17671,2000,Basic,2340.29,500,3,0,431,85276,0,0
2523,52,Male,Divorced,Master,Employed,Rural,30,0,3,2022,2,Audi,Pickup,Hybrid,15424,3000,Standard,1634.07,2000,13,0,629,190323,1,0
2524,45,Male,Divorced,High School,Employed,Rural,24,3,0,2014,10,BMW,Minivan,Hybrid,19534,3500,Standard,1954.1,1000,9,1,468,88859,2,0
2525,26,Female,Single,Master,Self-Employed,Rural,3,4,0,2015,9,Volkswagen,Coupe,Diesel,28859,1000,Comprehensive,2609.4,2000,3,0,785,183130,2,1
2526,75,Male,Married,High School,Unemployed,Urban,55,0,0,2023,1,Mercedes,SUV,Diesel,25814,1500,Standard,1626.01,250,4,0,460,143423,3,0
2527,55,Male,Married,Master,Employed,Urban,37,1,3,2010,14,Chevrolet,Coupe,Diesel,32654,1500,Standard,1844.88,2000,14,0,640,175525,2,0
2528,34,Male,Married,PhD,Employed,Urban,15,2,0,2022,2,Toyota,Minivan,Hybrid,20519,2000,Basic,929.04,2000,2,1,408,106005,0,1
2529,36,Female,Single,None,Unemployed,Rural,14,0,1,2006,18,Nissan,Hatchback,Petrol,16735,1200,Basic,678.78,2000,7,1,346,20645,4,0
2530,63,Female,Divorced,None,Retired,Urban,45,1,0,2023,1,Toyota,SUV,Hybrid,14689,2500,Comprehensive,2245.79,500,8,0,652,175869,2,0
2531,19,Male,Married,Master,Unemployed,Rural,0,0,1,2011,13,Mercedes,SUV,Diesel,23493,3000,Comprehensive,1492.28,1500,11,1,376,102873,1,0
2532,60,Male,Divorced,None,Unemployed,Suburban,39,0,1,2019,5,Chevrolet,Sedan,Petrol,20326,3500,Comprehensive,2493.1,250,4,1,493,72395,1,1
2533,27,Male,Widowed,Bachelor,Self-Employed,Suburban,9,3,1,2007,17,Hyundai,Hatchback,Hybrid,18777,1500,Basic,2955.25,1000,11,0,777,29803,1,1
2534,72,Male,Single,None,Unemployed,Rural,52,1,1,2008,16,Audi,SUV,Hybrid,15657,2000,Standard,617.5,500,4,1,699,125899,1,1
2535,31,Female,Divorced,High School,Employed,Rural,13,1,0,2008,16,Honda,Sedan,Hybrid,13127,1800,Basic,1039,1000,4,0,693,106051,2,0
2536,54,Female,Single,None,Unemployed,Rural,31,0,1,2020,4,Nissan,Minivan,Electric,33138,1500,Standard,1914.91,1000,5,0,710,166810,2,0
2537,75,Male,Divorced,Master,Unemployed,Rural,55,0,1,2005,19,Mercedes,Coupe,Electric,6618,1800,Comprehensive,2671.77,250,1,1,633,120048,2,1
2538,31,Male,Married,High School,Student,Suburban,9,3,0,2017,7,Mercedes,Sedan,Diesel,28187,1000,Standard,307.87,2000,14,0,740,87899,0,1
2539,25,Male,Single,PhD,Unemployed,Suburban,5,0,2,2015,9,Audi,SUV,Petrol,22704,1500,Basic,2255.67,1000,10,1,662,196030,1,0
2540,56,Male,Single,None,Retired,Rural,35,0,1,2013,11,Audi,SUV,Electric,20146,3000,Basic,2441.23,1500,9,0,307,137935,2,0
2541,65,Female,Married,Bachelor,Employed,Urban,43,0,1,2011,13,Toyota,Pickup,Petrol,20212,2000,Basic,973.87,500,6,1,843,157677,0,0
2542,63,Male,Married,PhD,Student,Suburban,45,2,2,2022,2,Toyota,Pickup,Electric,15192,1200,Standard,1564.4,250,1,1,442,105495,2,0
2543,38,Female,Single,Bachelor,Retired,Suburban,18,2,1,2019,5,Audi,Minivan,Electric,7874,1800,Basic,986.52,2000,1,0,570,22353,2,0
2544,19,Female,Divorced,Master,Retired,Rural,0,0,1,2016,8,Ford,Sedan,Hybrid,16447,1500,Comprehensive,1533.23,500,13,0,768,120827,1,1
2545,27,Female,Divorced,Bachelor,Employed,Urban,9,2,1,2020,4,Audi,Coupe,Hybrid,5296,1500,Standard,2415.71,250,2,0,584,111670,2,0
2546,46,Male,Widowed,Bachelor,Retired,Urban,23,1,0,2021,3,Toyota,Sedan,Diesel,9792,1800,Standard,1420.84,500,14,0,666,62241,3,1
2547,58,Female,Married,PhD,Retired,Suburban,36,0,2,2009,15,Volkswagen,Sedan,Diesel,15992,2000,Standard,2831.94,1500,15,0,384,191033,4,0
2548,53,Male,Married,Bachelor,Self-Employed,Rural,30,2,0,2015,9,BMW,Sedan,Electric,32197,3500,Comprehensive,1377.45,1000,1,1,396,157748,4,0
2549,68,Female,Married,Bachelor,Employed,Urban,48,0,1,2012,12,Hyundai,Pickup,Diesel,32537,3000,Comprehensive,2680.85,1000,4,0,821,82800,2,0
2550,33,Male,Widowed,Master,Unemployed,Urban,15,0,2,2023,1,Volkswagen,Hatchback,Electric,22069,1800,Basic,1321.16,500,11,0,348,69392,4,1
2551,53,Male,Widowed,High School,Employed,Rural,34,2,0,2015,9,Hyundai,Pickup,Electric,31622,2500,Basic,2723.79,1000,2,0,406,157799,2,0
2552,62,Male,Divorced,High School,Employed,Suburban,40,1,1,2014,10,Mercedes,Minivan,Electric,25627,1500,Standard,2717.86,1500,15,1,454,105131,0,0
2553,24,Male,Widowed,High School,Self-Employed,Urban,5,0,0,2020,4,Mercedes,Sedan,Hybrid,16166,1500,Comprehensive,2247.02,500,4,0,348,49201,0,0
2554,26,Male,Widowed,High School,Student,Suburban,6,0,0,2011,13,Hyundai,Sedan,Hybrid,25541,2000,Basic,478.37,1000,3,0,752,17284,3,0
2555,61,Male,Single,PhD,Student,Suburban,38,0,0,2008,16,Honda,Pickup,Diesel,7462,1000,Basic,1953.89,250,1,1,701,24402,0,0
2556,59,Male,Divorced,None,Retired,Suburban,38,0,0,2016,8,Honda,Sedan,Diesel,22966,2500,Standard,868.51,500,3,1,842,75318,3,0
2557,65,Male,Married,Master,Self-Employed,Urban,45,0,1,2005,19,Chevrolet,Pickup,Hybrid,16694,1800,Standard,1149.03,500,10,1,468,160261,2,1
2558,22,Male,Divorced,Master,Self-Employed,Suburban,1,0,1,2007,17,Honda,Pickup,Petrol,28824,1800,Comprehensive,2477.26,2000,11,0,461,53010,0,0
2559,35,Female,Divorced,Master,Student,Rural,15,0,1,2017,7,Audi,Minivan,Electric,14870,3500,Basic,2189.05,500,2,1,774,51816,2,0
2560,34,Male,Widowed,High School,Student,Urban,15,0,1,2013,11,BMW,Coupe,Diesel,19440,1500,Standard,2090.44,250,13,0,516,172569,1,1
2561,58,Male,Divorced,None,Employed,Urban,37,0,3,2018,6,Chevrolet,Pickup,Diesel,6975,3000,Comprehensive,1544.32,250,4,0,561,119945,2,1
2562,39,Male,Single,None,Employed,Rural,16,1,0,2010,14,Nissan,Minivan,Petrol,21714,2500,Basic,2685.05,1000,1,1,541,178160,2,0
2563,38,Female,Single,Master,Employed,Suburban,16,0,0,2007,17,Mercedes,Pickup,Diesel,20093,3500,Standard,1367.26,1500,3,0,780,117937,4,0
2564,74,Male,Divorced,Bachelor,Unemployed,Urban,54,0,0,2016,8,Honda,Minivan,Electric,24423,1800,Standard,849.73,250,2,1,565,115906,2,1
2565,38,Female,Divorced,High School,Employed,Urban,15,0,0,2024,0,Nissan,Minivan,Electric,23344,1200,Basic,645.98,250,6,0,357,160142,2,0
2566,32,Male,Married,Bachelor,Self-Employed,Rural,14,0,3,2014,10,Honda,Pickup,Hybrid,18354,3000,Comprehensive,1484.4,1500,14,0,462,159886,0,0
2567,46,Female,Single,High School,Employed,Rural,23,0,0,2014,10,Audi,Minivan,Hybrid,11071,1500,Comprehensive,1245.1,250,12,0,444,38790,0,0
2568,30,Male,Single,Bachelor,Retired,Urban,10,1,0,2013,11,Volkswagen,Pickup,Diesel,20237,1000,Standard,2013.64,1500,5,1,323,70189,2,1
2569,25,Male,Divorced,Master,Student,Urban,7,2,0,2015,9,BMW,SUV,Petrol,17997,2500,Comprehensive,2290.56,2000,14,1,660,98154,0,1
2570,36,Female,Single,Master,Unemployed,Urban,13,0,0,2009,15,Nissan,Coupe,Electric,30615,1800,Basic,2894.3,2000,3,1,697,147497,2,1
2571,58,Female,Married,None,Retired,Suburban,38,1,0,2010,14,BMW,Minivan,Hybrid,8382,3000,Basic,1466.86,500,11,1,318,135718,2,0
2572,34,Male,Single,High School,Retired,Urban,15,1,0,2005,19,Chevrolet,Coupe,Diesel,24729,3000,Standard,2282.31,2000,14,0,348,83835,2,0
2573,40,Male,Divorced,Master,Self-Employed,Suburban,18,1,1,2006,18,Mercedes,Sedan,Electric,21365,3500,Standard,317.14,2000,14,1,799,166095,2,0
2574,22,Female,Widowed,None,Unemployed,Urban,3,1,3,2011,13,Chevrolet,Minivan,Petrol,25596,1000,Comprehensive,1713.45,250,5,1,713,195780,0,1
2575,55,Female,Widowed,None,Employed,Suburban,37,2,1,2023,1,Ford,Coupe,Electric,9541,1800,Standard,1623.9,1500,5,0,743,103113,0,0
2576,44,Female,Widowed,None,Retired,Suburban,25,1,0,2014,10,BMW,Pickup,Petrol,26399,3500,Basic,554.86,1500,13,1,680,51243,1,0
2577,25,Female,Widowed,Master,Student,Rural,6,0,1,2013,11,BMW,SUV,Electric,7877,1000,Basic,373.09,2000,9,0,420,85237,2,0
2578,35,Male,Single,High School,Employed,Rural,16,0,0,2019,5,Mercedes,Pickup,Electric,27946,1800,Standard,2153.67,2000,7,0,580,48936,0,0
2579,29,Male,Married,Master,Retired,Rural,7,0,2,2020,4,Toyota,Coupe,Petrol,29557,1800,Comprehensive,787.19,2000,11,1,759,85575,2,0
2580,36,Male,Divorced,Master,Self-Employed,Rural,16,1,0,2010,14,Volkswagen,Coupe,Petrol,25620,1500,Comprehensive,1089,1500,7,0,301,141822,2,1
2581,26,Male,Single,None,Student,Urban,4,2,3,2012,12,BMW,Hatchback,Electric,16482,1500,Standard,2854.17,250,9,0,320,195408,0,1
2582,42,Male,Married,None,Retired,Suburban,24,3,0,2021,3,BMW,Pickup,Diesel,26594,1500,Comprehensive,2752.12,2000,15,1,411,194477,3,0
2583,69,Female,Single,Master,Retired,Suburban,49,0,0,2020,4,Audi,SUV,Hybrid,34293,2000,Standard,356.88,2000,13,0,555,194164,2,1
2584,18,Male,Widowed,None,Employed,Suburban,0,0,2,2009,15,Mercedes,Pickup,Electric,25693,1500,Basic,1945.97,500,3,0,423,48497,2,1
2585,31,Female,Married,Bachelor,Self-Employed,Urban,12,0,0,2013,11,Ford,Hatchback,Petrol,34445,2000,Standard,2594.08,2000,4,0,560,157417,2,0
2586,52,Male,Married,Bachelor,Self-Employed,Urban,33,0,1,2018,6,Volkswagen,Sedan,Hybrid,7656,1000,Comprehensive,553.27,2000,7,0,450,44078,0,1
2587,62,Female,Married,High School,Retired,Suburban,39,0,0,2019,5,Ford,SUV,Hybrid,5913,2000,Standard,2974.43,2000,15,1,569,81649,0,0
2588,39,Female,Married,High School,Self-Employed,Suburban,19,0,2,2006,18,Nissan,SUV,Hybrid,32519,1500,Basic,691.66,250,13,0,709,187685,0,0
2589,53,Male,Single,PhD,Student,Urban,32,1,0,2016,8,Nissan,Hatchback,Hybrid,34648,1800,Basic,2263.42,1000,8,0,531,75977,1,1
2590,67,Male,Married,Bachelor,Unemployed,Rural,44,1,3,2006,18,Hyundai,Pickup,Electric,27250,2500,Standard,2357.57,2000,3,1,837,46404,0,0
2591,20,Female,Widowed,Bachelor,Retired,Rural,2,2,2,2016,8,Ford,SUV,Electric,26529,1200,Standard,1184.85,250,14,1,551,132076,0,1
2592,62,Male,Single,High School,Student,Suburban,39,0,1,2019,5,Chevrolet,Hatchback,Hybrid,13119,1500,Basic,2702.78,1500,12,1,604,83268,2,0
2593,68,Male,Widowed,High School,Student,Suburban,45,0,2,2021,3,Toyota,SUV,Petrol,31545,1200,Standard,2957.2,2000,14,0,524,191818,2,1
2594,53,Male,Married,Master,Employed,Rural,32,2,0,2015,9,Hyundai,Minivan,Petrol,31507,1200,Comprehensive,824.12,500,9,0,494,111777,0,1
2595,46,Male,Single,Bachelor,Unemployed,Suburban,23,0,1,2022,2,Nissan,Minivan,Petrol,30269,1800,Standard,2194.77,2000,14,1,533,51209,2,0
2596,26,Female,Single,None,Unemployed,Urban,4,0,2,2023,1,Nissan,Pickup,Diesel,33646,1800,Comprehensive,405.28,500,1,1,739,135581,2,0
2597,20,Male,Single,PhD,Unemployed,Urban,0,1,1,2020,4,Toyota,Pickup,Hybrid,27889,1800,Comprehensive,2324.41,1000,5,1,365,46457,2,1
2598,34,Male,Widowed,Bachelor,Retired,Suburban,13,0,1,2021,3,Toyota,Coupe,Hybrid,9442,1500,Standard,773.62,500,1,0,465,182942,2,0
2599,69,Male,Widowed,Master,Self-Employed,Urban,46,0,3,2020,4,Ford,SUV,Petrol,33353,1200,Standard,898.34,250,12,1,692,76304,2,1
2600,41,Female,Married,PhD,Student,Suburban,23,1,1,2013,11,Volkswagen,Sedan,Electric,11183,2000,Standard,2872.14,1000,11,1,593,30970,2,0
2601,32,Female,Widowed,None,Unemployed,Suburban,14,0,0,2017,7,Ford,Coupe,Diesel,23511,1200,Standard,1596.78,500,7,0,633,78290,2,0
2602,52,Male,Single,High School,Employed,Urban,31,2,0,2012,12,Honda,Coupe,Diesel,29000,1500,Standard,2026.3,250,10,1,348,69467,3,1
2603,50,Male,Married,Bachelor,Unemployed,Rural,31,0,5,2013,11,Mercedes,Hatchback,Electric,26620,2000,Comprehensive,2913.83,1000,15,1,464,131310,2,1
2604,29,Female,Divorced,PhD,Student,Urban,8,0,0,2017,7,Nissan,Pickup,Hybrid,23627,2000,Comprehensive,1004.29,250,11,1,423,72330,1,0
2605,52,Male,Married,PhD,Student,Urban,30,0,5,2024,0,BMW,Sedan,Hybrid,21966,2500,Standard,1822.05,2000,2,0,812,35107,0,1
2606,43,Male,Divorced,None,Employed,Suburban,22,0,0,2017,7,Ford,SUV,Electric,29770,2500,Basic,1941.16,500,6,1,433,148034,3,0
2607,49,Male,Married,None,Retired,Urban,26,2,2,2016,8,Ford,Sedan,Petrol,13695,1500,Basic,1818.78,250,9,0,812,185323,0,1
2608,43,Female,Widowed,PhD,Unemployed,Urban,25,0,0,2010,14,Audi,Minivan,Electric,6645,1800,Basic,2663.99,1500,6,0,518,142627,1,0
2609,52,Female,Single,Master,Employed,Rural,30,1,0,2024,0,Honda,Coupe,Electric,31645,1500,Comprehensive,714.08,2000,12,1,736,106822,0,0
2610,23,Female,Single,Master,Student,Rural,3,1,0,2023,1,BMW,Minivan,Electric,6786,3000,Basic,426.92,1500,6,0,763,174480,2,1
2611,74,Female,Widowed,Master,Employed,Urban,55,0,0,2008,16,Ford,SUV,Hybrid,10529,1500,Standard,2129.11,2000,13,1,622,178891,0,0
2612,46,Female,Married,Master,Retired,Suburban,25,3,0,2024,0,Volkswagen,Pickup,Hybrid,22044,1200,Basic,2891.48,1000,15,0,716,67838,2,1
2613,66,Female,Divorced,High School,Unemployed,Rural,44,2,3,2019,5,BMW,Pickup,Diesel,10564,1800,Comprehensive,600.68,1500,5,0,522,119848,0,0
2614,67,Female,Divorced,Master,Employed,Rural,44,0,0,2024,0,Hyundai,Pickup,Electric,5633,2000,Standard,2318.14,1000,9,1,372,182563,0,1
2615,32,Female,Widowed,High School,Self-Employed,Urban,10,0,0,2007,17,Honda,Minivan,Hybrid,30338,1500,Comprehensive,2013.8,500,7,0,347,106781,2,0
2616,20,Female,Single,Master,Self-Employed,Suburban,0,1,0,2024,0,BMW,Sedan,Hybrid,10259,1800,Basic,2676.19,250,9,1,634,119082,0,0
2617,66,Female,Widowed,None,Student,Urban,47,0,0,2022,2,Audi,Coupe,Hybrid,16801,3500,Comprehensive,2498.71,500,15,1,788,156262,4,0
2618,45,Female,Single,None,Student,Suburban,27,0,1,2021,3,Nissan,Pickup,Electric,26100,1500,Standard,824.18,500,2,1,763,148394,2,0
2619,47,Female,Widowed,PhD,Employed,Suburban,29,0,1,2015,9,Hyundai,Coupe,Diesel,15225,1800,Standard,2626.94,1000,13,0,470,137265,2,0
2620,22,Female,Widowed,Master,Self-Employed,Suburban,1,0,0,2016,8,Volkswagen,SUV,Hybrid,18138,2500,Comprehensive,1824.12,250,9,0,676,47973,1,0
2621,27,Male,Single,None,Retired,Suburban,6,0,0,2013,11,Volkswagen,Sedan,Hybrid,27486,1500,Standard,1823.14,500,14,0,544,142101,1,0
2622,52,Male,Married,Bachelor,Self-Employed,Rural,34,0,0,2009,15,Hyundai,Hatchback,Electric,23938,2000,Comprehensive,2463.13,500,12,0,703,127626,1,1
2623,46,Male,Single,None,Employed,Urban,27,2,3,2005,19,Toyota,Sedan,Diesel,34356,1200,Standard,1377.8,250,8,0,820,149069,3,0
2624,37,Male,Widowed,Bachelor,Student,Rural,16,1,0,2009,15,Audi,Hatchback,Diesel,16615,1000,Basic,716.15,2000,2,1,506,111580,0,0
2625,55,Male,Widowed,High School,Unemployed,Suburban,34,1,2,2017,7,Ford,Hatchback,Diesel,24858,2000,Basic,874.02,250,2,0,785,193822,0,0
2626,66,Female,Divorced,PhD,Employed,Rural,47,0,1,2017,7,Mercedes,Coupe,Petrol,20970,2000,Basic,1530.57,500,2,0,509,73361,0,0
2627,61,Male,Divorced,None,Student,Suburban,42,0,0,2007,17,Toyota,Minivan,Diesel,19828,1500,Standard,587.4,1000,9,1,693,153478,2,0
2628,30,Female,Married,Bachelor,Student,Rural,9,0,2,2014,10,Audi,Pickup,Diesel,34068,1500,Standard,2069.91,250,2,0,367,187415,2,0
2629,69,Male,Divorced,None,Unemployed,Suburban,50,0,2,2015,9,Audi,Hatchback,Diesel,5247,1200,Comprehensive,1346.62,1000,10,1,359,103273,3,0
2630,36,Female,Divorced,None,Unemployed,Urban,16,0,1,2007,17,Toyota,SUV,Petrol,25968,2000,Comprehensive,1772.25,1500,1,1,374,79721,3,0
2631,19,Female,Married,High School,Self-Employed,Urban,1,0,0,2020,4,Audi,Pickup,Electric,9727,1200,Basic,1720.91,2000,7,1,606,60953,1,0
2632,63,Female,Widowed,Bachelor,Self-Employed,Urban,41,0,1,2015,9,Mercedes,Hatchback,Petrol,20072,1200,Standard,2901.24,1500,8,0,447,177543,0,0
2633,59,Female,Single,PhD,Employed,Suburban,39,1,1,2009,15,BMW,Hatchback,Diesel,23400,2000,Comprehensive,2100.68,1000,2,1,673,181639,0,1
2634,20,Female,Married,High School,Student,Suburban,1,0,0,2010,14,Hyundai,Hatchback,Diesel,22896,1200,Comprehensive,1128.82,2000,4,0,704,57281,3,1
2635,68,Male,Divorced,None,Self-Employed,Suburban,49,2,1,2009,15,BMW,Sedan,Petrol,13521,2500,Standard,992.85,1500,6,0,554,153996,0,0
2636,38,Female,Single,None,Retired,Rural,19,0,1,2008,16,Toyota,Sedan,Petrol,14052,2000,Basic,888.1,1000,13,0,354,167285,2,0
2637,70,Female,Single,None,Student,Rural,52,0,1,2020,4,Volkswagen,Coupe,Electric,26854,1800,Standard,1183.86,1000,3,0,659,63512,3,0
2638,51,Female,Widowed,Master,Retired,Rural,30,2,2,2014,10,Ford,Coupe,Diesel,21195,1800,Basic,533.36,500,3,1,433,121906,3,1
2639,72,Male,Married,High School,Student,Suburban,54,1,2,2010,14,BMW,Coupe,Petrol,13998,1800,Standard,504.43,1000,3,0,527,189206,1,0
2640,46,Male,Single,Bachelor,Retired,Urban,26,1,1,2011,13,Volkswagen,SUV,Diesel,7227,3000,Standard,2026.13,500,4,1,504,180599,0,0
2641,47,Female,Married,High School,Student,Suburban,25,0,0,2018,6,Hyundai,Hatchback,Hybrid,33063,3500,Comprehensive,1884.3,250,6,1,524,181557,0,0
2642,49,Female,Single,Master,Retired,Rural,30,3,1,2011,13,Volkswagen,Coupe,Hybrid,18428,1200,Basic,1541.96,250,6,1,380,40990,4,1
2643,41,Male,Single,PhD,Retired,Rural,18,0,1,2017,7,Audi,Pickup,Petrol,7830,1500,Comprehensive,1942.07,250,8,0,814,129918,3,0
2644,75,Male,Single,Bachelor,Student,Rural,56,1,0,2017,7,Ford,Minivan,Electric,11098,1000,Basic,1310.56,250,13,0,713,178836,2,0
2645,57,Male,Divorced,Master,Self-Employed,Suburban,38,2,2,2009,15,Honda,Coupe,Electric,28275,1800,Comprehensive,2282.51,500,11,0,477,145178,2,1
2646,48,Male,Married,Master,Student,Suburban,26,2,0,2010,14,BMW,Sedan,Diesel,33200,1500,Comprehensive,1821.96,250,6,1,557,68568,4,0
2647,46,Male,Single,High School,Retired,Suburban,27,1,0,2007,17,Nissan,Minivan,Hybrid,29966,2500,Standard,2653.18,250,10,1,847,69850,1,0
2648,37,Female,Divorced,None,Self-Employed,Urban,15,0,5,2009,15,Hyundai,Hatchback,Hybrid,5116,3000,Comprehensive,1866.46,500,5,0,541,108815,2,0
2649,39,Female,Single,PhD,Student,Suburban,18,0,1,2017,7,Ford,Minivan,Electric,11287,1500,Comprehensive,598.75,250,5,1,539,176388,0,0
2650,67,Female,Married,High School,Student,Rural,47,1,0,2021,3,Mercedes,Hatchback,Electric,6775,1200,Basic,1497.41,1500,7,0,432,40113,2,1
2651,73,Female,Married,Master,Self-Employed,Suburban,51,0,1,2014,10,Mercedes,Hatchback,Electric,34125,3000,Comprehensive,2472.2,250,7,1,800,92891,2,1
2652,72,Male,Single,PhD,Self-Employed,Rural,52,0,2,2020,4,Honda,Sedan,Electric,10474,1500,Comprehensive,2992.75,1000,3,0,771,77468,1,0
2653,54,Female,Married,Master,Unemployed,Suburban,32,1,1,2011,13,Ford,SUV,Electric,32810,2500,Basic,1208.95,500,3,1,756,83565,2,0
2654,18,Male,Married,None,Retired,Suburban,0,0,0,2005,19,Hyundai,Coupe,Hybrid,33828,2000,Standard,2266.35,500,3,0,384,193991,3,0
2655,64,Male,Single,Master,Employed,Rural,45,0,5,2009,15,Toyota,SUV,Diesel,27213,2500,Standard,2029.59,2000,5,1,515,109086,3,0
2656,26,Male,Divorced,PhD,Self-Employed,Rural,7,0,0,2013,11,BMW,Pickup,Electric,21638,1500,Comprehensive,2784.73,2000,2,1,628,196869,0,1
2657,37,Female,Divorced,Master,Self-Employed,Rural,18,1,0,2011,13,Chevrolet,Hatchback,Electric,33563,2500,Comprehensive,864.27,2000,11,1,411,119218,4,1
2658,37,Male,Single,None,Employed,Urban,17,0,0,2021,3,Ford,Hatchback,Hybrid,19952,1000,Standard,2128.88,1000,11,0,372,191836,4,0
2659,20,Female,Divorced,Master,Student,Suburban,0,0,0,2018,6,Chevrolet,Minivan,Electric,24567,2500,Standard,1262.46,500,6,0,505,149611,0,0
2660,44,Male,Married,Bachelor,Retired,Rural,22,0,2,2008,16,Hyundai,Minivan,Diesel,10074,2000,Basic,2583.88,2000,14,1,798,120149,0,0
2661,46,Female,Divorced,PhD,Employed,Urban,26,1,1,2011,13,BMW,Hatchback,Electric,8198,1500,Standard,2456.75,1500,10,0,821,168900,0,0
2662,72,Male,Divorced,None,Self-Employed,Suburban,53,1,1,2010,14,Audi,Sedan,Diesel,7753,2000,Basic,2194.85,2000,7,1,570,84101,2,0
2663,45,Female,Married,Bachelor,Employed,Suburban,27,0,5,2017,7,Audi,Hatchback,Electric,32431,1200,Comprehensive,2959.95,1500,13,1,384,147211,2,1
2664,25,Female,Married,None,Unemployed,Rural,4,0,2,2016,8,Mercedes,Sedan,Petrol,24102,2500,Comprehensive,1874.28,2000,9,1,424,47022,3,1
2665,37,Male,Married,PhD,Retired,Urban,17,0,5,2010,14,Nissan,Minivan,Electric,32924,2500,Comprehensive,1827.42,500,11,1,330,161692,0,0
2666,40,Female,Divorced,Bachelor,Employed,Rural,18,4,0,2014,10,Audi,SUV,Electric,18173,1000,Basic,2700.17,500,9,1,565,189986,2,0
2667,69,Female,Married,PhD,Self-Employed,Urban,46,0,1,2005,19,Nissan,Pickup,Hybrid,19495,2500,Standard,2806.75,500,12,1,759,171964,0,1
2668,20,Female,Divorced,Bachelor,Unemployed,Urban,1,2,1,2021,3,Mercedes,Coupe,Hybrid,18054,3000,Comprehensive,512.48,1500,5,1,377,61064,0,1
2669,20,Female,Married,PhD,Employed,Rural,0,0,0,2015,9,Ford,Pickup,Electric,28331,3500,Basic,1330.19,250,4,1,359,98970,1,0
2670,45,Male,Divorced,PhD,Retired,Suburban,23,0,0,2006,18,Audi,Pickup,Electric,18495,1200,Standard,1848.03,1000,9,0,824,180184,1,0
2671,25,Female,Widowed,None,Retired,Rural,4,0,2,2021,3,Audi,Hatchback,Diesel,29029,1200,Comprehensive,1516.4,1000,13,0,514,25800,0,0
2672,22,Male,Married,PhD,Employed,Urban,0,3,1,2017,7,Honda,Minivan,Electric,28638,1800,Comprehensive,2443.3,1000,3,0,702,155262,0,1
2673,31,Female,Single,PhD,Employed,Rural,10,0,2,2005,19,Chevrolet,Hatchback,Hybrid,30654,1200,Basic,406.14,1500,6,1,634,114048,1,0
2674,62,Female,Married,PhD,Self-Employed,Rural,40,1,0,2024,0,Ford,Minivan,Diesel,33984,1200,Basic,2744.33,500,2,0,536,143997,2,0
2675,54,Male,Single,Master,Unemployed,Suburban,32,3,1,2020,4,Toyota,Sedan,Diesel,12593,1500,Standard,2550.49,2000,13,0,806,180098,1,0
2676,56,Male,Single,Bachelor,Unemployed,Urban,34,2,1,2024,0,Ford,Sedan,Petrol,12679,1500,Basic,2309.31,1000,15,1,573,16846,2,0
2677,21,Female,Divorced,None,Employed,Urban,2,1,1,2011,13,Volkswagen,Coupe,Hybrid,29531,1500,Basic,1774.29,500,13,1,529,37951,0,1
2678,61,Male,Married,None,Self-Employed,Urban,40,1,1,2011,13,Volkswagen,Sedan,Electric,28573,3000,Standard,1647.15,1500,2,1,673,125259,0,0
2679,38,Male,Single,High School,Employed,Suburban,15,3,1,2009,15,Audi,SUV,Diesel,12731,1000,Comprehensive,1624.16,2000,10,1,835,167283,0,0
2680,20,Male,Single,None,Unemployed,Rural,0,0,0,2010,14,BMW,SUV,Diesel,26427,2500,Comprehensive,2774.73,1500,5,1,831,77130,3,1
2681,37,Female,Single,High School,Unemployed,Rural,18,0,3,2013,11,Ford,Hatchback,Diesel,20917,1500,Standard,1914.97,1000,2,1,813,101913,2,0
2682,49,Male,Married,Bachelor,Unemployed,Urban,27,1,0,2006,18,Audi,Sedan,Electric,19390,3000,Comprehensive,2638.5,250,5,0,755,166546,2,1
2683,37,Male,Single,Bachelor,Retired,Urban,17,0,1,2017,7,BMW,Sedan,Petrol,17338,2000,Standard,2566.79,1000,5,0,779,137689,3,0
2684,52,Female,Single,PhD,Student,Rural,30,0,0,2018,6,Ford,Minivan,Petrol,14875,1200,Comprehensive,1629.5,2000,11,0,359,39507,2,0
2685,22,Male,Single,None,Self-Employed,Suburban,0,1,0,2017,7,Hyundai,Sedan,Petrol,20687,1500,Basic,2581.41,1000,15,0,627,54842,3,0
2686,50,Male,Single,Master,Unemployed,Suburban,32,2,0,2023,1,Toyota,Hatchback,Petrol,21580,1500,Comprehensive,1884.53,1000,11,0,786,18766,3,1
2687,36,Female,Married,High School,Unemployed,Suburban,14,0,0,2009,15,Volkswagen,SUV,Diesel,10419,2500,Comprehensive,2656.18,1000,2,0,536,192924,0,0
2688,21,Male,Single,High School,Self-Employed,Suburban,0,0,0,2012,12,BMW,Hatchback,Diesel,11498,1500,Basic,1478.93,1500,5,0,678,139088,3,0
2689,72,Male,Married,None,Student,Urban,52,0,0,2012,12,Hyundai,Hatchback,Diesel,31497,2000,Comprehensive,2756.94,2000,10,0,614,105692,2,0
2690,36,Female,Divorced,Bachelor,Self-Employed,Urban,18,0,0,2006,18,Hyundai,Coupe,Petrol,21412,1200,Comprehensive,1686.49,1000,4,1,303,127672,0,1
2691,52,Male,Divorced,None,Employed,Rural,29,2,0,2012,12,Chevrolet,SUV,Diesel,12003,1000,Comprehensive,2653.71,2000,7,1,644,120638,2,1
2692,72,Male,Married,High School,Unemployed,Urban,52,0,1,2020,4,Audi,Minivan,Diesel,19742,1800,Basic,873.35,500,13,1,705,100273,0,1
2693,56,Male,Divorced,PhD,Employed,Rural,37,0,1,2006,18,Chevrolet,Coupe,Diesel,13996,1000,Standard,2518.5,250,13,1,361,41213,2,0
2694,69,Male,Single,PhD,Self-Employed,Suburban,47,1,0,2010,14,Honda,Hatchback,Electric,12259,2000,Basic,2594.43,1500,14,1,506,41668,1,1
2695,70,Female,Single,Bachelor,Self-Employed,Suburban,52,2,1,2006,18,Toyota,SUV,Electric,23804,1200,Comprehensive,1202.11,2000,2,0,651,25040,2,1
2696,65,Female,Single,None,Unemployed,Suburban,45,4,0,2021,3,Mercedes,SUV,Diesel,16351,1200,Comprehensive,2830.3,250,12,0,744,96472,0,0
2697,55,Male,Divorced,High School,Student,Rural,36,3,1,2014,10,Chevrolet,Pickup,Diesel,20889,2000,Standard,1952.73,500,10,0,305,105686,1,1
2698,41,Female,Single,Master,Retired,Rural,22,1,0,2014,10,BMW,Hatchback,Electric,23194,1200,Comprehensive,1818.34,2000,14,0,698,150397,1,0
2699,33,Female,Married,High School,Retired,Rural,15,0,0,2005,19,Toyota,Coupe,Petrol,30918,2000,Basic,899.62,250,2,0,606,18267,1,0
2700,54,Female,Widowed,Bachelor,Employed,Suburban,35,0,0,2014,10,BMW,Sedan,Electric,11988,1500,Standard,2814.42,1500,6,1,321,149946,0,0
2701,27,Male,Widowed,High School,Self-Employed,Suburban,4,0,2,2021,3,Nissan,Sedan,Hybrid,12396,2000,Basic,2755.69,250,5,1,528,106407,1,1
2702,70,Female,Married,None,Student,Urban,52,0,2,2011,13,Nissan,SUV,Diesel,29644,1200,Basic,1142.9,1000,4,0,788,197031,0,1
2703,53,Female,Married,Master,Retired,Rural,35,0,1,2012,12,Honda,Sedan,Petrol,21527,1500,Standard,2246.1,250,14,1,395,81363,0,0
2704,63,Male,Widowed,Bachelor,Student,Rural,43,2,0,2023,1,Mercedes,Minivan,Electric,21297,3500,Comprehensive,2642.21,250,12,0,447,92644,2,1
2705,64,Female,Widowed,High School,Self-Employed,Urban,44,0,0,2012,12,Chevrolet,Sedan,Diesel,33260,2000,Standard,1237.23,1500,4,1,422,84505,0,0
2706,40,Female,Widowed,High School,Unemployed,Urban,17,0,0,2009,15,Ford,Minivan,Diesel,25284,2500,Standard,1273.72,2000,11,1,407,182471,0,0
2707,50,Male,Widowed,Master,Retired,Rural,29,0,0,2023,1,Audi,SUV,Electric,5583,1800,Basic,2954.43,1500,14,0,725,90621,3,0
2708,66,Male,Widowed,High School,Self-Employed,Urban,46,0,0,2006,18,Toyota,Coupe,Electric,22381,1500,Basic,994.77,2000,15,1,522,54113,0,1
2709,62,Female,Widowed,Master,Student,Suburban,39,0,0,2017,7,Chevrolet,SUV,Electric,9709,1200,Basic,1704.81,1000,1,0,819,170230,1,0
2710,18,Male,Married,Master,Unemployed,Rural,0,0,0,2024,0,BMW,Hatchback,Diesel,25345,2000,Standard,2643.19,500,13,0,632,91298,0,0
2711,26,Female,Widowed,High School,Unemployed,Rural,4,2,2,2018,6,Chevrolet,Sedan,Petrol,11832,1800,Comprehensive,549.08,1500,8,0,490,52334,0,0
2712,47,Female,Divorced,None,Retired,Urban,27,0,0,2010,14,Toyota,Hatchback,Electric,12391,2500,Standard,2274.64,1500,10,1,403,197447,1,0
2713,27,Female,Married,None,Student,Rural,9,1,0,2006,18,Chevrolet,Coupe,Diesel,11809,2000,Comprehensive,2382.69,2000,10,0,785,146102,1,1
2714,73,Female,Married,None,Self-Employed,Urban,55,0,0,2008,16,Volkswagen,SUV,Hybrid,26060,3500,Comprehensive,1720.06,1500,4,1,419,27548,1,0
2715,69,Female,Married,Master,Retired,Suburban,47,0,5,2006,18,Audi,Hatchback,Hybrid,25205,2000,Standard,2345.58,2000,3,0,708,185645,0,0
2716,73,Male,Single,None,Student,Rural,54,1,1,2017,7,BMW,Minivan,Hybrid,28997,2000,Standard,2534.88,500,10,1,694,75371,3,1
2717,18,Male,Widowed,Master,Retired,Urban,0,0,1,2008,16,BMW,Coupe,Diesel,30586,1800,Basic,563.86,1500,6,0,434,16171,3,0
2718,48,Male,Widowed,PhD,Unemployed,Rural,26,1,1,2017,7,Honda,Coupe,Diesel,17244,1500,Basic,1418.36,1000,1,0,303,49368,3,0
2719,27,Male,Married,Master,Retired,Suburban,6,0,1,2015,9,Honda,Pickup,Electric,23400,1800,Standard,2980.6,1500,6,1,353,93304,3,0
2720,51,Male,Married,None,Self-Employed,Urban,28,1,0,2024,0,Audi,Minivan,Petrol,11135,2000,Comprehensive,509.75,1500,13,1,674,132384,1,0
2721,28,Female,Married,Master,Unemployed,Rural,8,3,1,2019,5,Toyota,Minivan,Electric,14829,1800,Basic,2332.34,500,7,1,697,195315,1,1
2722,47,Female,Widowed,High School,Unemployed,Rural,29,1,0,2006,18,Chevrolet,SUV,Petrol,28794,3000,Basic,2796.56,1500,10,1,781,120309,1,0
2723,21,Male,Married,High School,Employed,Rural,2,1,0,2009,15,BMW,Coupe,Diesel,9472,1500,Standard,787.83,250,10,1,403,58304,4,0
2724,59,Female,Married,High School,Self-Employed,Rural,41,0,0,2005,19,Audi,Hatchback,Petrol,7612,2500,Comprehensive,2425.03,1000,5,1,463,101335,2,1
2725,38,Female,Married,PhD,Retired,Rural,18,0,1,2010,14,Volkswagen,SUV,Hybrid,17148,2000,Standard,712.04,500,12,0,593,196520,0,1
2726,33,Male,Divorced,None,Unemployed,Rural,13,0,1,2023,1,Toyota,Pickup,Petrol,23087,1800,Basic,2428.05,1500,2,0,564,94508,2,0
2727,60,Male,Married,PhD,Retired,Suburban,38,3,0,2017,7,Nissan,Coupe,Hybrid,21867,1500,Basic,811.33,250,3,1,795,176976,3,1
2728,52,Female,Divorced,High School,Unemployed,Rural,30,0,1,2013,11,Ford,Coupe,Hybrid,26016,3000,Basic,1834.61,1500,12,1,507,75823,4,1
2729,75,Male,Divorced,Bachelor,Self-Employed,Rural,52,0,1,2024,0,Mercedes,Minivan,Electric,9036,2000,Standard,2367.23,500,14,0,314,23797,3,0
2730,61,Female,Divorced,None,Student,Urban,38,2,0,2012,12,Mercedes,Coupe,Hybrid,22166,1000,Basic,1105.59,500,15,0,365,89639,1,1
2731,72,Female,Married,Bachelor,Retired,Urban,49,1,0,2018,6,Honda,Pickup,Diesel,33329,1200,Standard,910.55,250,12,1,457,81240,4,0
2732,62,Female,Single,PhD,Retired,Urban,43,0,1,2006,18,Toyota,Hatchback,Hybrid,22062,3500,Basic,2610.77,500,8,0,577,29620,1,0
2733,49,Female,Divorced,High School,Self-Employed,Urban,28,0,1,2008,16,Hyundai,Sedan,Diesel,9308,1800,Basic,421.03,500,3,0,529,69231,3,1
2734,68,Male,Married,None,Student,Urban,47,0,0,2006,18,Volkswagen,SUV,Hybrid,11151,2000,Standard,633.43,2000,6,0,752,191669,2,1
2735,39,Female,Widowed,None,Self-Employed,Urban,18,2,0,2009,15,Chevrolet,Coupe,Hybrid,11429,3500,Comprehensive,1099.02,1500,14,1,670,117766,4,0
2736,26,Male,Widowed,None,Retired,Suburban,7,2,0,2024,0,Hyundai,SUV,Petrol,18032,2500,Standard,1332.32,1500,8,1,754,42408,0,1
2737,71,Male,Married,None,Unemployed,Urban,53,0,2,2022,2,Hyundai,Minivan,Diesel,13306,1800,Standard,1162.72,1000,5,1,344,146395,1,1
2738,39,Male,Widowed,None,Employed,Suburban,20,1,1,2021,3,Nissan,Coupe,Electric,25367,2000,Comprehensive,2639.03,1000,13,1,301,118705,0,0
2739,55,Male,Divorced,None,Retired,Urban,35,1,0,2023,1,Nissan,Coupe,Petrol,11138,3000,Standard,1555.35,500,1,0,637,75248,0,0
2740,32,Male,Married,PhD,Student,Suburban,14,0,1,2023,1,Ford,Hatchback,Diesel,22719,1500,Comprehensive,2401.41,1500,10,0,529,52603,1,0
2741,26,Female,Divorced,High School,Retired,Urban,5,0,0,2009,15,Honda,SUV,Petrol,7893,2000,Standard,1112.92,1000,5,1,315,53199,2,0
2742,62,Male,Single,High School,Student,Rural,44,2,0,2012,12,Chevrolet,Pickup,Hybrid,12584,1000,Comprehensive,2012.24,1000,2,1,703,17728,1,0
2743,29,Male,Divorced,High School,Self-Employed,Rural,10,3,2,2005,19,Mercedes,Hatchback,Petrol,8361,1200,Standard,1800.54,1500,12,0,617,67424,1,1
2744,20,Male,Married,None,Employed,Suburban,1,0,0,2018,6,Nissan,Pickup,Hybrid,19982,1800,Standard,1092.34,2000,13,0,691,78459,0,0
2745,20,Female,Single,PhD,Unemployed,Suburban,1,0,1,2023,1,Audi,Sedan,Hybrid,31634,1000,Standard,1327.09,2000,8,0,467,139878,2,1
2746,35,Female,Widowed,None,Self-Employed,Urban,15,3,2,2013,11,Ford,Hatchback,Petrol,21651,2500,Comprehensive,774.53,500,13,1,503,178638,1,1
2747,64,Female,Widowed,PhD,Self-Employed,Urban,45,0,0,2023,1,Ford,Coupe,Diesel,26274,1200,Basic,673.24,250,15,1,373,150533,1,0
2748,36,Female,Single,Master,Student,Rural,17,2,0,2016,8,Toyota,Hatchback,Hybrid,25238,1500,Comprehensive,753.37,250,15,1,397,67349,0,1
2749,61,Male,Married,Master,Unemployed,Urban,42,0,0,2007,17,Audi,Pickup,Electric,20575,1800,Standard,2278.13,250,5,0,572,43457,0,0
2750,44,Female,Widowed,Bachelor,Student,Urban,23,0,0,2012,12,Toyota,Minivan,Petrol,19374,1200,Standard,2729.39,1500,12,0,665,72121,0,1
2751,66,Male,Widowed,Master,Student,Suburban,45,1,1,2012,12,Chevrolet,Pickup,Hybrid,34851,2000,Standard,2384,500,15,1,472,141532,2,0
2752,22,Male,Widowed,PhD,Employed,Urban,0,0,0,2008,16,Ford,Hatchback,Hybrid,19689,1800,Comprehensive,2578.41,2000,2,1,338,121706,2,1
2753,40,Female,Single,High School,Retired,Urban,18,0,2,2011,13,Ford,Hatchback,Hybrid,21492,3500,Comprehensive,493.65,1500,14,0,582,135624,0,0
2754,40,Female,Married,None,Student,Suburban,22,3,0,2013,11,Honda,Hatchback,Diesel,21460,1000,Standard,1653.16,1000,8,1,307,44775,1,0
2755,26,Male,Married,Bachelor,Self-Employed,Suburban,7,0,0,2016,8,BMW,Minivan,Petrol,11829,2500,Comprehensive,1900.83,1500,12,0,506,100921,0,0
2756,59,Male,Married,None,Employed,Suburban,39,0,1,2018,6,BMW,Minivan,Electric,32489,1800,Standard,672.46,250,6,0,358,87759,3,0
2757,65,Male,Widowed,PhD,Student,Urban,45,1,0,2015,9,Audi,SUV,Electric,11918,1800,Comprehensive,1660.53,1000,9,0,466,55702,4,0
2758,21,Male,Single,High School,Student,Rural,0,0,5,2006,18,Ford,Coupe,Diesel,22192,2500,Basic,994.73,2000,10,1,658,128901,3,1
2759,70,Female,Single,Master,Retired,Rural,48,1,3,2007,17,Honda,Hatchback,Diesel,23275,1500,Standard,1349.28,1000,5,0,589,137244,2,1
2760,59,Male,Widowed,PhD,Unemployed,Rural,39,2,2,2018,6,Honda,Sedan,Electric,16472,1500,Comprehensive,508.22,1500,15,0,692,95575,2,1
2761,72,Female,Widowed,High School,Employed,Suburban,50,0,3,2017,7,Honda,Hatchback,Hybrid,12455,1000,Standard,2786.56,250,3,1,809,198465,0,0
2762,49,Male,Single,High School,Unemployed,Rural,28,1,2,2014,10,Volkswagen,Hatchback,Diesel,8463,1800,Standard,2061.47,1000,9,1,500,159960,1,1
2763,32,Male,Widowed,None,Retired,Urban,12,0,2,2016,8,Hyundai,Minivan,Hybrid,11455,1800,Basic,1224.28,1500,12,1,780,183606,0,1
2764,23,Male,Single,Bachelor,Self-Employed,Urban,2,2,0,2024,0,Honda,Pickup,Electric,30513,1800,Basic,2924.39,2000,8,1,835,136589,2,1
2765,44,Female,Widowed,High School,Unemployed,Urban,21,3,0,2012,12,Mercedes,Sedan,Hybrid,8529,3500,Comprehensive,2743.18,2000,8,1,416,37817,3,1
2766,70,Female,Divorced,High School,Student,Urban,51,0,1,2017,7,Ford,Pickup,Hybrid,25337,3500,Standard,738.91,1500,13,0,519,60901,3,1
2767,49,Male,Single,None,Student,Rural,30,0,0,2021,3,Honda,SUV,Petrol,6464,1800,Comprehensive,2158.62,1500,3,1,769,46613,4,0
2768,55,Male,Divorced,PhD,Employed,Urban,36,1,3,2011,13,Audi,Minivan,Electric,27470,1500,Basic,2671.85,1500,5,1,327,142787,2,1
2769,58,Female,Divorced,Bachelor,Unemployed,Suburban,39,0,0,2016,8,Chevrolet,Minivan,Hybrid,22497,2500,Standard,1970.11,500,3,0,353,19832,2,0
2770,40,Female,Widowed,Master,Employed,Suburban,20,0,0,2021,3,Toyota,SUV,Electric,9716,1000,Standard,2998.84,2000,8,0,369,145960,0,0
2771,45,Female,Widowed,High School,Unemployed,Urban,24,1,0,2007,17,Volkswagen,Pickup,Petrol,9811,1500,Standard,1351.85,1000,9,0,706,110628,2,0
2772,65,Male,Widowed,PhD,Retired,Rural,42,0,0,2018,6,Ford,SUV,Diesel,33177,2500,Comprehensive,1315.61,250,11,0,442,41338,0,1
2773,19,Female,Married,None,Unemployed,Suburban,0,1,2,2021,3,Nissan,Sedan,Electric,17993,1000,Comprehensive,2957.54,2000,3,1,754,94164,0,0
2774,54,Female,Married,Master,Retired,Suburban,36,1,0,2016,8,Volkswagen,Pickup,Hybrid,7927,2500,Comprehensive,1375.76,250,4,0,541,168012,4,0
2775,18,Male,Widowed,PhD,Employed,Urban,0,0,0,2015,9,Nissan,Minivan,Petrol,23226,1800,Standard,2106.07,250,14,1,377,45012,2,0
2776,52,Male,Single,None,Employed,Suburban,32,1,0,2020,4,Ford,Coupe,Petrol,24685,3000,Basic,1031.89,250,2,1,362,106698,0,1
2777,53,Female,Widowed,Master,Student,Suburban,34,0,0,2021,3,Volkswagen,Hatchback,Petrol,27920,1500,Comprehensive,1143.06,250,2,1,491,56840,0,0
2778,62,Female,Divorced,Master,Employed,Rural,39,0,3,2007,17,Hyundai,Coupe,Diesel,27722,1200,Basic,2664.38,1500,14,1,584,156658,1,0
2779,65,Male,Divorced,Master,Unemployed,Urban,45,0,2,2008,16,Chevrolet,SUV,Electric,16470,1500,Basic,2405.74,250,9,0,356,153194,2,0
2780,25,Female,Single,None,Student,Urban,6,0,3,2014,10,Chevrolet,SUV,Diesel,13688,1200,Basic,2699.48,1000,8,0,528,127933,1,0
2781,55,Male,Divorced,PhD,Employed,Suburban,32,0,2,2023,1,Ford,Coupe,Petrol,27928,1500,Standard,2313.91,2000,9,0,371,129692,0,1
2782,48,Male,Married,PhD,Employed,Suburban,27,0,3,2020,4,Ford,Pickup,Petrol,9950,1200,Standard,514,500,7,0,399,19339,2,1
2783,29,Male,Single,Master,Self-Employed,Rural,11,2,0,2013,11,Honda,Hatchback,Diesel,7961,2000,Comprehensive,2679.23,2000,3,0,354,141290,3,1
2784,27,Female,Married,None,Student,Suburban,9,0,3,2006,18,Mercedes,SUV,Diesel,21628,1800,Standard,1661.68,250,12,0,314,141913,3,0
2785,57,Female,Divorced,Bachelor,Student,Suburban,34,0,2,2021,3,Hyundai,SUV,Electric,13056,2500,Comprehensive,1967.89,250,4,1,615,32852,0,0
2786,47,Female,Divorced,None,Retired,Rural,29,1,0,2013,11,Ford,Minivan,Diesel,11723,1500,Basic,773.06,2000,11,1,639,31663,0,0
2787,27,Male,Widowed,High School,Employed,Rural,4,0,1,2012,12,Honda,Hatchback,Hybrid,14418,2000,Standard,2184.68,2000,12,1,437,103790,0,0
2788,49,Female,Married,None,Unemployed,Urban,26,0,0,2012,12,Hyundai,SUV,Diesel,14023,1800,Basic,2480.88,250,1,0,737,54623,0,0
2789,54,Female,Divorced,Master,Student,Rural,35,0,1,2007,17,Hyundai,Minivan,Petrol,17724,1500,Basic,2225.9,250,8,0,577,87914,1,0
2790,42,Female,Married,Bachelor,Employed,Suburban,19,3,0,2024,0,Toyota,Sedan,Hybrid,26404,1500,Comprehensive,2886.97,1000,3,1,465,85451,3,0
2791,47,Male,Married,High School,Student,Rural,24,2,2,2020,4,BMW,Minivan,Petrol,30244,1800,Standard,820.09,2000,11,0,465,86627,4,1
2792,75,Female,Single,Bachelor,Self-Employed,Urban,57,2,3,2024,0,Hyundai,Hatchback,Diesel,9370,1500,Standard,1421.3,500,6,1,426,124689,2,1
2793,60,Female,Widowed,PhD,Self-Employed,Urban,40,0,1,2020,4,Honda,Coupe,Electric,9643,1800,Basic,2290.76,2000,7,1,726,88887,4,0
2794,31,Male,Divorced,High School,Self-Employed,Suburban,10,0,1,2014,10,Hyundai,Minivan,Electric,32632,1500,Standard,1361.26,2000,10,1,453,104146,0,0
2795,43,Male,Single,None,Employed,Urban,25,1,2,2020,4,Ford,Sedan,Diesel,23603,1800,Basic,2267.91,500,1,0,662,127211,2,1
2796,28,Male,Widowed,High School,Student,Rural,10,0,2,2007,17,Audi,Sedan,Diesel,32135,2000,Standard,2128.48,250,12,1,640,156814,0,0
2797,65,Male,Divorced,High School,Retired,Rural,44,2,0,2006,18,BMW,Sedan,Electric,24241,1800,Standard,472.67,500,3,0,839,96987,1,0
2798,32,Male,Widowed,PhD,Employed,Urban,13,0,2,2007,17,Chevrolet,Minivan,Diesel,34163,1200,Comprehensive,770.67,2000,10,0,553,22170,3,1
2799,47,Male,Single,Master,Unemployed,Urban,27,0,2,2023,1,Volkswagen,Minivan,Petrol,28205,1500,Basic,956.66,500,1,1,769,166177,2,0
2800,46,Female,Divorced,Master,Self-Employed,Suburban,23,0,2,2013,11,Hyundai,Coupe,Diesel,25004,1500,Standard,2566.66,1500,4,0,524,17584,0,0
2801,35,Female,Single,PhD,Student,Urban,16,0,1,2016,8,BMW,Minivan,Petrol,8960,3000,Comprehensive,1721.03,250,10,1,312,16021,0,1
2802,21,Female,Single,None,Student,Rural,0,0,0,2016,8,Volkswagen,Pickup,Diesel,19764,1000,Basic,2005.53,500,11,1,499,134521,2,1
2803,33,Female,Divorced,Master,Student,Rural,14,0,1,2014,10,Chevrolet,Pickup,Hybrid,6165,1000,Standard,1128.56,2000,1,0,457,114772,0,1
2804,41,Male,Divorced,High School,Unemployed,Suburban,19,2,0,2006,18,Mercedes,Coupe,Hybrid,15982,1800,Comprehensive,975.05,2000,6,1,578,171639,3,0
2805,65,Female,Widowed,Master,Retired,Suburban,47,0,0,2006,18,Honda,Minivan,Electric,9374,1200,Basic,2682.26,250,11,0,665,21717,1,1
2806,35,Male,Single,High School,Self-Employed,Rural,17,0,1,2006,18,Audi,Hatchback,Diesel,13380,1200,Basic,1698.08,500,5,0,668,136431,1,0
2807,31,Female,Single,Bachelor,Student,Urban,12,0,1,2012,12,Hyundai,Pickup,Petrol,25889,1500,Comprehensive,485.48,1500,8,1,809,149744,3,0
2808,31,Female,Married,Master,Unemployed,Suburban,12,2,0,2024,0,Audi,Hatchback,Petrol,15319,1500,Standard,969.99,250,5,0,804,48332,3,1
2809,50,Female,Widowed,High School,Student,Suburban,27,0,3,2014,10,Ford,Hatchback,Petrol,23604,2500,Standard,1863.28,500,13,1,639,198378,1,0
2810,24,Female,Divorced,High School,Unemployed,Rural,6,2,0,2015,9,Nissan,Hatchback,Electric,13898,1500,Comprehensive,1165.68,500,15,1,652,77634,1,0
2811,34,Female,Widowed,None,Employed,Rural,12,0,2,2022,2,BMW,Hatchback,Petrol,16647,1200,Comprehensive,940.39,1000,1,0,768,110000,1,0
2812,61,Male,Single,Master,Self-Employed,Rural,41,0,1,2018,6,Audi,SUV,Hybrid,22823,1500,Basic,717.4,250,2,0,575,105656,0,0
2813,20,Female,Widowed,High School,Student,Suburban,1,2,1,2011,13,Toyota,Coupe,Hybrid,18461,2500,Basic,1136.73,250,7,1,355,112986,2,1
2814,72,Male,Divorced,Master,Retired,Rural,52,0,5,2012,12,BMW,Sedan,Diesel,7418,2000,Comprehensive,500.9,250,9,0,420,193770,4,1
2815,48,Male,Single,High School,Student,Rural,27,1,1,2021,3,Honda,Coupe,Hybrid,23087,2000,Standard,2776.02,1500,14,1,740,148520,2,0
2816,30,Male,Single,PhD,Retired,Urban,8,0,0,2022,2,Honda,Minivan,Diesel,21068,1200,Standard,1937.18,250,2,1,355,109354,1,0
2817,32,Female,Widowed,None,Unemployed,Rural,10,0,1,2021,3,Mercedes,SUV,Electric,31732,1500,Standard,780.43,1000,12,0,392,103146,2,0
2818,41,Female,Widowed,Bachelor,Employed,Urban,22,0,0,2010,14,Toyota,Sedan,Diesel,17439,2000,Standard,463.46,250,8,0,819,108021,1,0
2819,40,Male,Divorced,High School,Unemployed,Urban,17,3,0,2017,7,Honda,Hatchback,Diesel,17654,2000,Basic,1098.79,500,7,1,788,15812,3,0
2820,62,Male,Single,High School,Unemployed,Urban,44,1,0,2017,7,Mercedes,Coupe,Petrol,11648,3000,Comprehensive,1890.37,1000,14,1,714,84707,0,1
2821,31,Male,Widowed,PhD,Unemployed,Urban,13,0,0,2010,14,Hyundai,Pickup,Electric,17612,1500,Basic,1640.98,1000,4,1,375,176912,0,0
2822,70,Male,Single,Bachelor,Retired,Urban,52,2,0,2009,15,Chevrolet,Pickup,Hybrid,30949,1000,Standard,2974.96,500,6,1,782,157616,1,1
2823,64,Female,Divorced,Bachelor,Employed,Suburban,41,0,2,2013,11,Ford,Sedan,Electric,6801,2000,Standard,2953.04,1500,9,0,507,128388,1,0
2824,58,Female,Divorced,None,Unemployed,Rural,35,2,1,2007,17,Ford,Pickup,Diesel,27608,1800,Basic,1518.84,2000,5,0,613,106856,2,0
2825,18,Female,Married,Bachelor,Self-Employed,Urban,0,3,0,2012,12,Nissan,SUV,Electric,32563,1200,Comprehensive,1775.91,500,8,0,599,176226,1,1
2826,37,Female,Married,Master,Student,Suburban,16,0,0,2015,9,Audi,Sedan,Diesel,8230,1200,Basic,2862.2,1000,3,0,375,178847,2,0
2827,66,Female,Single,Bachelor,Self-Employed,Suburban,43,1,0,2006,18,Nissan,Minivan,Diesel,12608,1200,Standard,573.03,500,11,1,469,60260,1,1
2828,36,Female,Widowed,High School,Self-Employed,Urban,15,0,1,2006,18,Honda,Minivan,Diesel,32218,1200,Standard,445.4,1500,4,0,823,40931,0,1
2829,46,Female,Widowed,Master,Retired,Rural,26,4,1,2008,16,Chevrolet,SUV,Diesel,5165,1000,Standard,2184.3,1000,14,1,701,111697,1,1
2830,65,Male,Widowed,PhD,Retired,Suburban,42,1,0,2019,5,Ford,Coupe,Hybrid,13210,1200,Basic,1472.27,250,8,0,611,141801,3,1
2831,70,Male,Divorced,Master,Self-Employed,Urban,48,0,2,2007,17,Volkswagen,Hatchback,Electric,33795,2500,Comprehensive,2086.91,1000,5,0,328,151058,1,1
2832,69,Male,Divorced,Bachelor,Employed,Suburban,47,0,0,2024,0,Audi,Sedan,Hybrid,24367,1800,Comprehensive,1450.08,2000,12,0,531,41398,0,0
2833,19,Female,Single,Master,Student,Suburban,0,1,1,2018,6,Chevrolet,Sedan,Hybrid,33876,1500,Standard,432.64,2000,9,1,740,144043,3,0
2834,39,Male,Widowed,None,Self-Employed,Urban,20,3,5,2016,8,Ford,Minivan,Electric,20338,1800,Basic,478.17,1000,15,1,385,189713,1,1
2835,55,Female,Single,High School,Unemployed,Rural,32,0,0,2020,4,Nissan,Pickup,Diesel,13907,1800,Basic,1810.64,1000,2,1,713,122825,1,0
2836,24,Female,Divorced,Master,Employed,Urban,5,0,2,2011,13,Mercedes,SUV,Hybrid,23356,1200,Comprehensive,2403.66,1500,10,1,772,39927,4,0
2837,58,Female,Widowed,High School,Employed,Urban,37,0,0,2007,17,Ford,SUV,Electric,33984,2000,Basic,770.2,2000,13,1,848,175998,2,1
2838,25,Female,Widowed,PhD,Employed,Suburban,7,1,2,2010,14,Volkswagen,SUV,Diesel,9935,1500,Comprehensive,2416.44,1000,4,1,736,59079,0,1
2839,72,Female,Married,Bachelor,Student,Urban,51,2,2,2006,18,Volkswagen,Pickup,Hybrid,17078,3500,Comprehensive,2048.25,1000,10,1,519,19337,0,1
2840,67,Female,Divorced,High School,Unemployed,Rural,45,0,1,2022,2,Ford,Coupe,Electric,21918,1200,Standard,2792.5,250,5,1,799,54050,2,1
2841,66,Male,Single,PhD,Self-Employed,Suburban,43,1,2,2005,19,Toyota,Hatchback,Hybrid,9789,1000,Comprehensive,2268.95,2000,9,0,518,166597,1,0
2842,68,Female,Single,None,Student,Suburban,50,2,0,2010,14,Mercedes,Minivan,Diesel,13764,1500,Basic,419.96,500,10,0,446,39809,0,1
2843,59,Female,Single,High School,Unemployed,Urban,36,0,1,2013,11,Ford,Pickup,Petrol,30998,1800,Basic,591.22,2000,14,0,362,77174,2,1
2844,24,Female,Married,High School,Retired,Rural,4,0,2,2022,2,Ford,Pickup,Electric,27464,2500,Comprehensive,2485.08,1500,9,1,399,170952,4,1
2845,62,Female,Widowed,PhD,Retired,Rural,43,0,0,2022,2,Volkswagen,Hatchback,Diesel,31760,1500,Standard,1400.42,1500,2,1,599,51357,1,0
2846,52,Female,Single,PhD,Student,Urban,33,0,0,2007,17,Volkswagen,Minivan,Petrol,31557,1200,Comprehensive,1030.31,250,14,0,403,196052,1,0
2847,29,Male,Single,None,Student,Rural,6,2,0,2010,14,Honda,Pickup,Electric,20367,1200,Basic,722.48,1500,4,0,619,32763,3,0
2848,26,Female,Divorced,Bachelor,Self-Employed,Rural,6,1,5,2005,19,Hyundai,Pickup,Hybrid,14351,1200,Comprehensive,2482.87,250,12,1,477,87634,3,0
2849,68,Male,Widowed,Bachelor,Employed,Rural,46,1,0,2006,18,Mercedes,Hatchback,Hybrid,9656,1000,Standard,1060.47,1000,12,1,786,34215,2,1
2850,48,Male,Divorced,Bachelor,Employed,Suburban,29,3,0,2005,19,Chevrolet,Minivan,Petrol,33293,1500,Standard,2091.6,1000,10,0,310,144660,0,1
2851,54,Female,Married,PhD,Employed,Rural,35,1,0,2020,4,Toyota,Pickup,Electric,26806,2000,Basic,646.14,500,6,1,399,125405,2,1
2852,35,Female,Married,Master,Employed,Suburban,16,1,2,2016,8,Volkswagen,Hatchback,Hybrid,17929,1500,Standard,514.65,2000,1,0,442,26707,1,1
2853,49,Female,Widowed,None,Retired,Rural,28,0,0,2016,8,Volkswagen,Hatchback,Hybrid,26624,1800,Standard,1371.25,1500,13,1,395,72603,1,0
2854,43,Female,Single,Bachelor,Self-Employed,Suburban,24,0,0,2013,11,Hyundai,SUV,Diesel,33581,2000,Comprehensive,2994.57,500,2,1,708,39925,0,0
2855,50,Male,Divorced,None,Employed,Urban,30,2,0,2024,0,Nissan,SUV,Hybrid,16984,1000,Standard,1380.87,250,6,0,849,74480,1,1
2856,54,Male,Single,Master,Student,Rural,35,1,0,2022,2,Toyota,Pickup,Electric,6175,3500,Comprehensive,1196.13,500,6,1,681,44428,0,0
2857,35,Male,Married,None,Retired,Urban,12,0,2,2022,2,Hyundai,Coupe,Electric,5084,3000,Basic,691.24,250,6,1,665,165649,2,0
2858,41,Male,Divorced,High School,Unemployed,Rural,20,0,0,2015,9,BMW,Pickup,Petrol,8869,1800,Basic,2043.91,250,4,0,345,190788,0,0
2859,30,Male,Widowed,High School,Retired,Suburban,7,1,0,2023,1,Ford,Sedan,Hybrid,16073,1000,Comprehensive,625.77,250,2,1,718,159975,1,1
2860,49,Male,Widowed,High School,Self-Employed,Urban,29,0,2,2013,11,Hyundai,Sedan,Diesel,16879,1500,Comprehensive,1916.88,1500,4,0,503,189113,0,1
2861,69,Male,Married,Master,Self-Employed,Suburban,46,1,0,2017,7,Ford,Coupe,Petrol,11597,3000,Standard,2926.84,250,6,0,582,82598,0,0
2862,22,Female,Widowed,High School,Self-Employed,Urban,2,1,1,2024,0,Nissan,Hatchback,Electric,19802,1500,Comprehensive,840.25,250,1,1,603,150192,0,1
2863,41,Male,Married,Bachelor,Student,Rural,21,0,0,2008,16,Nissan,Sedan,Petrol,19691,2000,Standard,1292.31,500,6,1,567,148866,2,0
2864,53,Female,Single,Bachelor,Self-Employed,Rural,33,1,0,2005,19,Hyundai,Sedan,Hybrid,31607,1500,Comprehensive,2291.64,250,8,0,556,193977,2,1
2865,33,Female,Widowed,PhD,Student,Urban,15,2,0,2024,0,Volkswagen,Minivan,Diesel,27604,1800,Basic,851.49,2000,8,1,615,143289,0,0
2866,29,Male,Divorced,Bachelor,Retired,Rural,6,0,1,2023,1,Mercedes,SUV,Hybrid,10576,1800,Comprehensive,2385.03,2000,15,0,659,124228,1,0
2867,69,Female,Single,Master,Employed,Urban,47,1,0,2019,5,Chevrolet,Sedan,Hybrid,14194,1800,Basic,947.31,1500,9,0,458,85290,3,1
2868,74,Female,Single,PhD,Unemployed,Rural,54,0,1,2023,1,BMW,Minivan,Hybrid,5868,1500,Basic,2654.87,500,9,0,535,177578,0,1
2869,62,Female,Divorced,Master,Retired,Suburban,41,1,1,2005,19,BMW,Minivan,Petrol,26267,2000,Comprehensive,1410.75,1500,6,0,786,171614,3,0
2870,51,Male,Married,None,Student,Suburban,31,4,0,2009,15,Chevrolet,Pickup,Petrol,23545,2000,Standard,1931.57,250,10,1,413,74587,1,1
2871,28,Male,Single,None,Unemployed,Suburban,8,0,1,2013,11,Chevrolet,Minivan,Petrol,23238,1200,Basic,537.68,2000,13,1,412,138674,2,0
2872,72,Male,Divorced,Master,Self-Employed,Suburban,54,1,1,2005,19,Mercedes,Hatchback,Electric,25048,3000,Basic,2800.93,2000,10,1,418,57252,0,0
2873,48,Female,Divorced,PhD,Retired,Suburban,25,1,0,2008,16,Nissan,SUV,Hybrid,5773,1500,Basic,2214.63,500,14,1,426,186943,2,0
2874,42,Male,Single,Bachelor,Employed,Urban,22,0,2,2024,0,Chevrolet,Coupe,Electric,7718,2000,Comprehensive,2888.48,500,12,1,683,54279,0,0
2875,50,Female,Married,Bachelor,Retired,Rural,32,1,1,2024,0,Nissan,Coupe,Electric,30411,3000,Basic,2592.41,2000,3,1,794,23724,0,0
2876,68,Female,Divorced,None,Retired,Suburban,48,0,2,2015,9,Mercedes,Minivan,Hybrid,10825,2500,Comprehensive,598.72,2000,9,1,758,77472,0,0
2877,73,Male,Widowed,High School,Student,Rural,54,0,0,2007,17,Chevrolet,Sedan,Electric,16667,2500,Standard,2446.24,500,3,1,422,118018,3,1
2878,62,Female,Widowed,Master,Unemployed,Rural,41,0,0,2020,4,Toyota,SUV,Petrol,11966,1500,Basic,2880.62,2000,7,0,430,116182,2,0
2879,25,Female,Divorced,None,Retired,Urban,5,0,1,2022,2,Nissan,Pickup,Electric,22897,1500,Basic,1668.46,1500,7,0,756,56127,1,0
2880,21,Male,Married,Master,Employed,Urban,1,2,3,2022,2,Ford,Coupe,Hybrid,5919,2500,Standard,539.61,250,10,1,755,82633,1,0
2881,19,Female,Single,PhD,Retired,Rural,0,0,3,2020,4,Honda,Minivan,Diesel,27300,1500,Standard,2913.99,250,2,1,636,179088,1,0
2882,34,Male,Married,PhD,Unemployed,Rural,11,0,0,2022,2,Honda,Sedan,Diesel,5985,2500,Comprehensive,2714.64,2000,6,0,413,34546,2,0
2883,38,Male,Divorced,Bachelor,Self-Employed,Urban,18,0,1,2022,2,Audi,Pickup,Petrol,27522,2000,Standard,2418.75,500,8,1,692,137561,0,0
2884,74,Male,Widowed,High School,Student,Urban,54,1,0,2018,6,Mercedes,Sedan,Electric,8129,1200,Basic,780.59,1000,1,0,600,88518,0,0
2885,35,Male,Married,Master,Self-Employed,Urban,14,0,0,2014,10,Volkswagen,Sedan,Electric,34564,2000,Basic,718.74,250,2,0,566,35689,0,0
2886,24,Male,Widowed,None,Unemployed,Urban,3,0,1,2015,9,Ford,Pickup,Diesel,22589,1500,Comprehensive,2055.05,2000,7,1,717,22051,2,1
2887,57,Female,Divorced,PhD,Unemployed,Rural,37,0,3,2011,13,Honda,Coupe,Electric,21110,1800,Comprehensive,1458.17,2000,2,0,549,170812,2,0
2888,70,Female,Married,High School,Student,Rural,47,1,0,2021,3,Mercedes,Hatchback,Petrol,29089,2500,Basic,457.55,1500,2,1,695,101470,4,1
2889,27,Female,Single,High School,Employed,Rural,8,0,2,2007,17,Toyota,Coupe,Petrol,30725,3000,Comprehensive,2221.98,2000,2,0,784,153421,0,1
2890,18,Female,Divorced,Master,Retired,Suburban,0,1,2,2009,15,Hyundai,Pickup,Hybrid,9386,1200,Comprehensive,473.61,1000,2,0,307,163967,0,0
2891,61,Male,Widowed,Master,Unemployed,Rural,42,0,0,2007,17,Mercedes,Pickup,Diesel,27296,2500,Basic,2595.02,250,9,1,731,93217,2,1
2892,75,Female,Married,Bachelor,Self-Employed,Rural,55,0,3,2023,1,BMW,Sedan,Electric,23471,1500,Standard,1747.99,250,12,0,804,67643,0,0
2893,63,Male,Single,Bachelor,Student,Suburban,42,0,0,2010,14,Hyundai,Minivan,Diesel,30642,1800,Comprehensive,1159.69,2000,4,0,638,157553,1,0
2894,40,Male,Divorced,None,Retired,Urban,17,0,0,2018,6,Chevrolet,SUV,Diesel,24255,1800,Comprehensive,2493.83,2000,9,0,406,152569,4,1
2895,65,Male,Widowed,PhD,Employed,Suburban,42,4,1,2016,8,Hyundai,Coupe,Hybrid,30241,1000,Basic,1295.07,1500,15,1,716,170508,2,1
2896,26,Female,Divorced,None,Student,Suburban,8,2,3,2005,19,Ford,Coupe,Hybrid,12035,3000,Standard,2565.68,500,9,0,669,134466,0,1
2897,71,Female,Married,None,Student,Rural,50,0,1,2010,14,Chevrolet,SUV,Electric,10541,1800,Basic,2065.05,1000,3,1,632,194887,0,0
2898,18,Female,Divorced,None,Unemployed,Rural,0,4,0,2007,17,BMW,SUV,Petrol,14106,1500,Basic,1591.59,1000,4,1,844,105784,1,0
2899,65,Male,Divorced,Master,Student,Urban,45,0,1,2014,10,Honda,Pickup,Diesel,8005,1800,Comprehensive,2233.74,1500,13,1,397,142640,0,1
2900,55,Male,Divorced,PhD,Retired,Urban,37,0,2,2018,6,Volkswagen,Sedan,Electric,33577,2000,Comprehensive,370.6,2000,13,1,728,170580,4,0
2901,64,Male,Widowed,High School,Unemployed,Rural,42,0,2,2013,11,Ford,Sedan,Hybrid,15797,1500,Comprehensive,2839.28,1500,14,1,449,54720,1,0
2902,67,Female,Widowed,Bachelor,Retired,Rural,47,2,1,2018,6,Toyota,Sedan,Electric,28413,1000,Comprehensive,1303.3,2000,6,1,369,91339,2,1
2903,49,Male,Single,Bachelor,Student,Urban,26,1,2,2009,15,Volkswagen,Sedan,Hybrid,9016,1800,Standard,462.34,2000,7,0,785,51783,3,0
2904,67,Female,Divorced,None,Retired,Suburban,46,0,0,2015,9,Nissan,Sedan,Hybrid,11841,1500,Basic,915.92,250,5,0,693,52645,4,0
2905,43,Male,Divorced,Bachelor,Unemployed,Rural,24,0,1,2007,17,Nissan,Pickup,Hybrid,10416,3000,Basic,1058.03,1500,7,0,328,31662,0,0
2906,62,Male,Divorced,None,Employed,Suburban,44,0,0,2009,15,Audi,Minivan,Hybrid,15624,1200,Standard,2975.4,250,5,1,317,190660,0,1
2907,41,Male,Married,PhD,Retired,Rural,22,0,0,2015,9,Honda,Hatchback,Diesel,29834,2000,Comprehensive,1345.42,250,15,0,433,96669,0,0
2908,28,Male,Married,High School,Unemployed,Urban,9,0,0,2006,18,Volkswagen,Sedan,Diesel,26295,1200,Comprehensive,1891.34,2000,13,1,772,74554,1,0
2909,41,Female,Divorced,High School,Employed,Rural,19,2,0,2006,18,Chevrolet,SUV,Electric,24956,3500,Comprehensive,316.8,1500,7,1,606,196966,0,0
2910,19,Female,Divorced,Master,Self-Employed,Rural,0,2,0,2024,0,Mercedes,SUV,Diesel,21695,1500,Basic,999.99,500,13,1,507,53771,1,1
2911,72,Male,Married,Bachelor,Self-Employed,Rural,53,0,0,2012,12,Honda,Sedan,Petrol,26990,2000,Basic,1630.15,500,12,1,780,195401,2,0
2912,65,Male,Married,Master,Self-Employed,Rural,46,0,0,2008,16,Nissan,Coupe,Petrol,23756,1800,Comprehensive,2273.3,2000,8,0,524,69161,0,0
2913,22,Male,Single,None,Unemployed,Suburban,4,0,2,2021,3,Ford,Coupe,Hybrid,26533,3000,Comprehensive,1667.45,250,9,0,572,76923,0,1
2914,69,Female,Married,None,Self-Employed,Suburban,47,1,0,2022,2,Nissan,Pickup,Hybrid,26593,3000,Comprehensive,1476.22,250,8,1,806,164125,0,1
2915,35,Male,Married,Master,Unemployed,Rural,12,4,1,2013,11,Nissan,Hatchback,Petrol,27628,2000,Comprehensive,801.56,1500,1,0,341,142027,3,1
2916,71,Male,Divorced,None,Unemployed,Rural,53,0,0,2022,2,Audi,Coupe,Diesel,32028,1500,Comprehensive,2117.45,250,6,1,665,148561,1,0
2917,64,Male,Divorced,High School,Self-Employed,Suburban,42,2,2,2013,11,Hyundai,SUV,Hybrid,19898,1800,Basic,2060.18,500,15,1,494,72104,0,0
2918,21,Male,Single,PhD,Retired,Rural,0,0,0,2014,10,Mercedes,Minivan,Hybrid,17746,1500,Comprehensive,1023.93,2000,1,1,781,47215,0,1
2919,34,Male,Married,Bachelor,Self-Employed,Rural,14,2,3,2018,6,Toyota,Pickup,Electric,22072,1500,Standard,768.78,2000,13,1,323,171120,2,1
2920,69,Female,Divorced,None,Student,Rural,51,0,0,2015,9,Chevrolet,Minivan,Electric,19456,1500,Basic,1467.13,500,13,1,312,181546,0,0
2921,60,Female,Married,High School,Self-Employed,Suburban,40,3,1,2006,18,Chevrolet,Pickup,Electric,18886,1800,Standard,880.6,1000,15,0,767,29073,1,1
2922,62,Male,Married,Bachelor,Retired,Urban,39,0,1,2009,15,Chevrolet,Minivan,Electric,25394,3000,Comprehensive,904.99,2000,9,1,540,82456,0,1
2923,70,Male,Single,Master,Unemployed,Suburban,51,0,2,2011,13,Honda,Sedan,Hybrid,28026,3000,Comprehensive,2590.06,1000,8,1,826,195246,2,1
2924,41,Female,Married,High School,Employed,Urban,19,0,2,2010,14,Chevrolet,SUV,Hybrid,12433,2000,Basic,514.86,2000,9,0,589,163170,1,0
2925,64,Female,Single,None,Employed,Rural,41,2,0,2016,8,Honda,SUV,Petrol,24331,1500,Basic,2298.22,2000,13,0,778,123777,2,1
2926,34,Female,Married,Master,Student,Rural,16,0,1,2021,3,Volkswagen,Minivan,Diesel,15398,3500,Standard,2906.05,1500,5,1,771,44109,1,0
2927,68,Female,Married,PhD,Retired,Rural,45,0,3,2008,16,Audi,Coupe,Petrol,19489,1000,Basic,813.43,1500,9,0,448,43171,1,1
2928,28,Male,Widowed,Bachelor,Unemployed,Rural,6,0,1,2005,19,Mercedes,Minivan,Petrol,13207,2500,Standard,2776.75,2000,9,1,385,71773,1,1
2929,54,Male,Widowed,Bachelor,Self-Employed,Rural,33,0,1,2013,11,Nissan,Hatchback,Petrol,32619,1000,Basic,483.16,250,13,1,832,150806,1,0
2930,18,Male,Widowed,PhD,Student,Rural,0,1,2,2023,1,Ford,Pickup,Diesel,17734,2000,Basic,2643.57,1500,10,0,798,193277,4,0
2931,58,Male,Single,PhD,Unemployed,Rural,39,3,1,2021,3,Honda,Sedan,Petrol,34659,2000,Standard,2674.16,1000,1,0,383,174788,1,0
2932,63,Female,Divorced,PhD,Student,Suburban,43,3,0,2011,13,Ford,SUV,Electric,5736,1500,Comprehensive,1331.28,2000,14,1,812,160694,3,0
2933,66,Female,Divorced,Master,Student,Suburban,47,0,0,2023,1,Ford,SUV,Electric,31149,3500,Comprehensive,1522.46,250,5,0,591,65468,2,0
2934,21,Male,Married,PhD,Self-Employed,Rural,1,1,1,2014,10,Toyota,Minivan,Hybrid,24887,2000,Standard,1627.58,2000,11,1,539,179455,1,0
2935,24,Male,Married,High School,Student,Urban,6,2,0,2023,1,Nissan,Minivan,Petrol,15812,1500,Basic,2769.2,500,5,1,336,75533,0,0
2936,62,Male,Married,Bachelor,Student,Rural,44,0,1,2005,19,Audi,Minivan,Hybrid,14101,3500,Basic,1845.34,500,9,1,634,111002,0,0
2937,30,Male,Single,High School,Unemployed,Urban,7,0,2,2013,11,Audi,Sedan,Diesel,6294,2000,Basic,300.39,1000,6,1,356,88243,0,1
2938,69,Female,Divorced,High School,Retired,Urban,51,0,0,2014,10,Honda,SUV,Diesel,29410,2000,Standard,466.68,250,3,0,483,66039,3,1
2939,69,Male,Married,None,Unemployed,Rural,46,0,1,2015,9,Nissan,Sedan,Electric,11115,1800,Standard,397.8,500,2,1,386,117908,3,1
2940,56,Female,Married,Bachelor,Employed,Urban,36,1,1,2014,10,Ford,Minivan,Petrol,31162,1500,Comprehensive,2635.37,1000,14,0,611,195271,2,0
2941,54,Female,Single,PhD,Student,Urban,36,1,1,2008,16,Honda,Hatchback,Electric,31275,3000,Comprehensive,607.72,1500,12,1,353,35540,2,1
2942,37,Male,Single,PhD,Retired,Rural,17,0,0,2005,19,Toyota,Coupe,Diesel,25705,1200,Standard,814.26,1000,3,0,766,49291,1,0
2943,62,Male,Single,Master,Student,Suburban,41,1,0,2008,16,Volkswagen,Pickup,Petrol,34279,3500,Standard,2507.41,2000,5,1,319,40407,0,1
2944,26,Female,Married,Bachelor,Self-Employed,Suburban,3,1,2,2019,5,BMW,Sedan,Hybrid,23223,1800,Comprehensive,1675.84,2000,14,1,418,165565,0,0
2945,21,Male,Married,None,Retired,Suburban,3,0,0,2007,17,Volkswagen,Pickup,Electric,15475,2000,Basic,1162.02,1500,12,0,469,104772,3,1
2946,66,Male,Widowed,High School,Retired,Suburban,43,1,1,2019,5,Nissan,Sedan,Electric,34501,1800,Basic,1222.06,1500,5,1,398,141808,0,1
2947,50,Male,Divorced,Bachelor,Self-Employed,Suburban,30,0,1,2011,13,Toyota,Coupe,Diesel,18680,1800,Comprehensive,1676.68,500,4,0,351,61216,3,0
2948,50,Female,Married,High School,Retired,Suburban,30,0,1,2011,13,Mercedes,Hatchback,Petrol,16163,1800,Standard,1480.21,2000,14,1,380,168073,3,0
2949,62,Male,Divorced,High School,Retired,Suburban,39,4,1,2014,10,Audi,Minivan,Diesel,29737,2000,Comprehensive,1304.48,1000,6,1,388,62861,2,1
2950,69,Female,Divorced,None,Retired,Suburban,50,0,1,2009,15,Audi,Minivan,Electric,26862,1800,Standard,2972.44,1000,3,1,720,72553,0,1
2951,70,Female,Single,None,Retired,Suburban,48,1,0,2014,10,Honda,Pickup,Diesel,22902,1800,Basic,1666.85,250,1,1,464,106157,0,1
2952,50,Female,Widowed,Bachelor,Self-Employed,Urban,32,0,2,2016,8,Hyundai,Pickup,Diesel,34195,2000,Basic,301.24,1000,14,0,507,98819,2,0
2953,23,Female,Widowed,Master,Employed,Suburban,0,2,0,2015,9,Volkswagen,Coupe,Electric,32830,1200,Standard,2934.43,1500,4,1,449,195915,2,0
2954,71,Female,Married,Master,Student,Suburban,51,1,1,2008,16,Volkswagen,Hatchback,Hybrid,27526,1500,Standard,2735.36,1500,5,0,706,70738,0,1
2955,25,Female,Single,High School,Employed,Suburban,3,2,0,2017,7,Audi,SUV,Diesel,14197,2500,Comprehensive,1398.03,500,4,1,590,67652,1,0
2956,50,Female,Single,Master,Student,Urban,27,0,5,2024,0,Mercedes,Pickup,Hybrid,25671,1500,Standard,2289.53,500,12,0,724,29627,0,0
2957,52,Female,Widowed,PhD,Employed,Suburban,33,0,5,2006,18,BMW,Hatchback,Petrol,19031,2000,Comprehensive,2091.58,1000,10,0,702,43599,2,1
2958,68,Female,Widowed,High School,Unemployed,Rural,48,2,2,2014,10,Volkswagen,Sedan,Diesel,32916,1500,Basic,2085.32,1000,3,1,714,61816,0,1
2959,58,Male,Single,PhD,Self-Employed,Suburban,37,1,0,2018,6,Volkswagen,Pickup,Diesel,24903,1000,Comprehensive,2395.31,250,15,1,462,145510,2,0
2960,68,Male,Widowed,Master,Student,Suburban,50,3,0,2018,6,Volkswagen,Hatchback,Hybrid,25602,1200,Standard,375.64,500,3,1,412,187815,2,1
2961,73,Female,Divorced,PhD,Self-Employed,Suburban,50,0,5,2019,5,Volkswagen,Hatchback,Diesel,18850,1200,Comprehensive,2018.08,250,10,1,789,149435,3,0
2962,33,Male,Single,PhD,Employed,Urban,10,0,0,2017,7,Volkswagen,Pickup,Petrol,16147,1200,Basic,2047.9,250,9,1,388,172124,2,0
2963,42,Male,Widowed,None,Student,Rural,23,0,1,2024,0,Hyundai,Pickup,Petrol,7081,1000,Basic,336.32,2000,14,1,667,153390,1,0
2964,59,Male,Divorced,High School,Retired,Suburban,41,3,0,2017,7,Honda,SUV,Petrol,18021,1500,Standard,1720.66,500,10,1,390,180000,3,0
2965,18,Female,Single,None,Unemployed,Urban,0,2,0,2013,11,Audi,Coupe,Hybrid,16803,1800,Standard,2411.46,250,3,1,549,146516,1,0
2966,52,Male,Widowed,None,Self-Employed,Suburban,29,0,2,2013,11,Mercedes,Hatchback,Petrol,16204,2500,Standard,2748.42,500,11,0,427,170044,2,1
2967,67,Female,Divorced,PhD,Unemployed,Urban,47,0,1,2018,6,BMW,Pickup,Diesel,6540,1500,Basic,1695.55,250,7,0,748,176822,2,1
2968,47,Male,Married,Bachelor,Unemployed,Suburban,26,1,0,2023,1,Hyundai,Pickup,Petrol,28974,2000,Basic,2441.99,1000,11,0,548,85901,0,0
2969,45,Male,Married,Bachelor,Retired,Suburban,26,0,0,2011,13,BMW,Hatchback,Hybrid,7897,2000,Basic,344.78,1000,8,1,431,33051,0,0
2970,18,Female,Married,None,Unemployed,Suburban,0,1,1,2019,5,Toyota,SUV,Electric,17125,1500,Comprehensive,1183.82,500,15,0,351,138316,1,1
2971,19,Male,Widowed,High School,Unemployed,Rural,0,0,0,2015,9,Audi,SUV,Electric,16926,3000,Standard,2784.18,1500,12,0,671,185472,2,0
2972,33,Female,Single,PhD,Employed,Urban,10,1,2,2010,14,BMW,Sedan,Diesel,11223,1000,Standard,1641.91,1500,9,1,751,74971,4,1
2973,56,Male,Married,Master,Employed,Urban,33,1,3,2006,18,Volkswagen,SUV,Electric,28933,1800,Basic,1041.29,1000,15,1,402,179752,0,1
2974,65,Male,Married,High School,Employed,Suburban,46,1,0,2016,8,Nissan,Pickup,Diesel,11359,3500,Comprehensive,2139.69,1000,7,1,794,127325,4,0
2975,26,Male,Single,High School,Student,Urban,5,0,2,2019,5,Chevrolet,Hatchback,Hybrid,32819,3500,Basic,1670.45,1000,1,0,680,191259,1,1
2976,66,Female,Divorced,Master,Self-Employed,Rural,47,0,1,2020,4,Mercedes,SUV,Petrol,6539,1800,Basic,2614.97,250,6,1,766,169785,2,1
2977,50,Male,Single,High School,Unemployed,Suburban,32,2,0,2019,5,Hyundai,Minivan,Diesel,23792,1500,Comprehensive,2262.28,2000,14,1,684,133341,2,0
2978,68,Male,Single,Master,Self-Employed,Suburban,50,1,0,2018,6,Hyundai,Hatchback,Electric,25706,1200,Basic,2412.02,2000,11,0,675,71910,4,0
2979,34,Female,Single,PhD,Student,Rural,16,0,2,2019,5,Nissan,Sedan,Electric,25650,2000,Comprehensive,1137.09,1000,13,0,475,112160,2,0
2980,55,Male,Divorced,None,Employed,Rural,34,0,1,2008,16,Nissan,Coupe,Diesel,8203,2000,Basic,1235.73,1500,7,1,563,114594,0,0
2981,72,Male,Widowed,Master,Student,Urban,52,0,0,2022,2,Chevrolet,Hatchback,Petrol,5980,1500,Standard,823.86,500,7,0,583,125850,0,0
2982,29,Female,Widowed,None,Student,Suburban,10,0,1,2018,6,Volkswagen,Pickup,Diesel,18976,2500,Basic,891.08,500,14,0,413,182347,2,1
2983,45,Male,Divorced,Master,Student,Rural,23,3,2,2014,10,Mercedes,Minivan,Petrol,22852,2000,Basic,1914.71,1500,9,0,462,141053,2,0
2984,68,Male,Married,Bachelor,Student,Urban,50,0,0,2010,14,BMW,SUV,Petrol,14058,1800,Basic,711.31,1500,13,0,431,86477,0,0
2985,49,Female,Single,High School,Student,Urban,29,1,3,2024,0,Chevrolet,Sedan,Electric,7310,1200,Comprehensive,2749.3,1500,8,1,422,115620,0,0
2986,57,Male,Single,None,Student,Urban,34,1,0,2017,7,Honda,Sedan,Petrol,23546,1200,Basic,2152.98,1000,13,1,337,49236,1,0
2987,20,Male,Divorced,None,Unemployed,Rural,0,0,1,2011,13,Hyundai,Minivan,Electric,6991,2500,Comprehensive,2444.29,2000,5,0,301,93523,2,1
2988,57,Male,Widowed,PhD,Student,Rural,37,0,0,2021,3,Volkswagen,Pickup,Petrol,15219,3500,Comprehensive,873.85,2000,14,0,614,37841,4,0
2989,30,Male,Widowed,Bachelor,Self-Employed,Urban,9,1,2,2021,3,Honda,Coupe,Electric,15162,1500,Comprehensive,2897.09,500,1,1,443,137570,0,0
2990,24,Male,Single,Master,Student,Rural,2,0,3,2013,11,Nissan,SUV,Hybrid,7598,2500,Basic,2432.08,1000,3,1,328,24329,0,1
2991,36,Female,Divorced,Bachelor,Employed,Rural,13,1,2,2016,8,Volkswagen,SUV,Electric,14516,1500,Standard,2459.98,2000,3,0,734,124747,4,1
2992,74,Female,Widowed,High School,Self-Employed,Suburban,56,0,0,2006,18,Audi,Hatchback,Electric,20845,2000,Standard,930.83,2000,15,0,650,198673,1,1
2993,23,Male,Widowed,High School,Unemployed,Suburban,0,1,1,2007,17,Chevrolet,Coupe,Petrol,21424,1800,Standard,2773.3,2000,13,0,668,159141,2,1
2994,45,Male,Married,None,Self-Employed,Suburban,23,0,1,2019,5,Honda,Coupe,Electric,20624,1000,Standard,2964.26,500,13,0,309,27806,3,0
2995,49,Male,Divorced,High School,Student,Rural,29,2,1,2023,1,Toyota,Sedan,Diesel,34530,1800,Basic,2699.66,1500,15,0,609,125892,3,0
2996,21,Male,Widowed,Master,Self-Employed,Urban,0,1,1,2019,5,Volkswagen,SUV,Diesel,8626,2000,Standard,1573.61,250,3,1,318,112046,3,0
2997,62,Male,Married,PhD,Student,Rural,43,2,0,2006,18,Honda,SUV,Electric,9635,2500,Standard,2231.46,1500,7,0,331,53596,2,0
2998,26,Male,Single,None,Employed,Urban,8,1,1,2022,2,Hyundai,SUV,Electric,24329,1000,Comprehensive,1242.7,2000,3,1,555,145513,3,0
2999,46,Male,Divorced,Master,Unemployed,Urban,24,0,1,2011,13,BMW,Coupe,Petrol,30824,1800,Basic,2356.74,2000,9,0,530,177207,0,0
3000,47,Female,Divorced,High School,Self-Employed,Rural,26,0,3,2014,10,Mercedes,Sedan,Electric,27583,1500,Standard,1250.09,500,5,0,506,125366,4,0
3001,69,Female,Single,Bachelor,Retired,Rural,47,3,0,2008,16,Toyota,Minivan,Hybrid,33342,1200,Comprehensive,1539.63,2000,7,1,664,68404,2,0
3002,18,Female,Divorced,Master,Retired,Suburban,0,0,0,2016,8,BMW,Pickup,Diesel,19901,1500,Standard,2592.24,2000,14,1,505,133231,0,1
3003,48,Male,Married,Bachelor,Student,Rural,28,3,0,2012,12,Volkswagen,Coupe,Diesel,33677,1000,Comprehensive,560.27,500,6,1,541,96783,2,1
3004,19,Female,Married,None,Unemployed,Suburban,1,3,1,2006,18,Honda,SUV,Hybrid,13831,1800,Standard,2549.93,2000,13,0,738,73360,3,1
3005,43,Male,Single,Master,Unemployed,Rural,21,1,0,2005,19,Mercedes,Minivan,Electric,30454,1800,Standard,2963.69,1000,1,1,405,102410,2,0
3006,44,Male,Married,Master,Student,Rural,25,0,0,2017,7,Honda,Sedan,Electric,6297,1000,Comprehensive,567.46,250,15,1,550,130562,0,0
3007,47,Female,Divorced,High School,Unemployed,Rural,25,0,0,2019,5,Hyundai,Minivan,Diesel,7454,2000,Comprehensive,617.21,1000,6,0,731,93371,0,0
3008,59,Male,Married,PhD,Student,Urban,41,1,0,2008,16,Nissan,Coupe,Hybrid,23069,2000,Comprehensive,2155.7,1500,12,1,801,40162,2,0
3009,52,Female,Married,Bachelor,Employed,Rural,31,0,3,2020,4,Nissan,Pickup,Petrol,17436,1500,Comprehensive,980.85,500,14,0,337,177530,0,1
3010,36,Female,Married,High School,Student,Rural,15,0,1,2021,3,BMW,Pickup,Petrol,24405,2000,Comprehensive,522.42,250,3,0,712,67755,2,0
3011,18,Male,Widowed,Master,Unemployed,Rural,0,0,2,2022,2,Toyota,SUV,Petrol,16353,1200,Basic,758.35,1500,6,0,752,136304,0,0
3012,59,Male,Divorced,PhD,Unemployed,Urban,38,0,0,2008,16,Ford,SUV,Petrol,15662,2000,Basic,2573.27,500,7,0,341,32950,2,0
3013,24,Male,Married,High School,Student,Urban,2,0,2,2022,2,Toyota,Sedan,Diesel,10454,1200,Standard,1988.97,1500,6,0,397,30776,0,1
3014,39,Male,Single,Master,Employed,Urban,17,2,0,2024,0,Chevrolet,Sedan,Electric,21529,1000,Standard,1995,250,12,0,630,21094,2,1
3015,28,Female,Single,High School,Employed,Urban,6,0,1,2015,9,Toyota,Coupe,Diesel,17952,1800,Basic,826.82,250,10,1,552,161201,0,0
3016,24,Female,Married,PhD,Employed,Rural,6,0,0,2014,10,Honda,Hatchback,Hybrid,28077,1800,Basic,2426.69,1000,13,1,365,26044,2,0
3017,68,Female,Married,Master,Unemployed,Urban,49,0,2,2018,6,Ford,Hatchback,Hybrid,25123,3500,Comprehensive,451.1,500,13,0,497,188147,2,1
3018,67,Male,Widowed,None,Self-Employed,Suburban,44,0,3,2017,7,Mercedes,Sedan,Electric,22283,3000,Comprehensive,1792.1,250,9,1,658,133018,1,0
3019,19,Female,Widowed,Master,Student,Suburban,0,2,5,2019,5,Honda,Sedan,Hybrid,8388,3000,Standard,765.87,250,4,0,784,69199,4,1
3020,42,Male,Single,Master,Unemployed,Suburban,20,0,1,2022,2,Volkswagen,Sedan,Hybrid,24822,1000,Comprehensive,1157.57,1000,12,1,635,97490,0,0
3021,51,Male,Divorced,Master,Retired,Urban,29,0,0,2024,0,Ford,Pickup,Hybrid,10719,1500,Basic,1911.55,1000,2,0,533,155053,3,0
3022,35,Female,Single,Master,Retired,Urban,13,1,2,2010,14,Chevrolet,Pickup,Hybrid,27217,1800,Basic,1297.68,2000,10,1,420,117833,0,1
3023,33,Female,Widowed,High School,Unemployed,Suburban,10,1,0,2021,3,Audi,SUV,Diesel,6914,1800,Standard,2869.7,500,14,1,605,27751,3,1
3024,72,Female,Married,Master,Employed,Rural,52,0,0,2017,7,Toyota,Hatchback,Petrol,18640,1800,Basic,2827.78,500,14,1,678,56006,3,0
3025,66,Female,Married,PhD,Unemployed,Suburban,48,0,0,2008,16,Audi,Sedan,Diesel,13789,2500,Standard,2913.46,250,8,1,439,65027,4,0
3026,46,Male,Single,None,Employed,Suburban,27,2,0,2006,18,Honda,Minivan,Diesel,15803,1200,Comprehensive,2953.21,1000,8,0,564,153473,1,0
3027,20,Male,Married,High School,Self-Employed,Suburban,0,0,0,2020,4,Honda,Hatchback,Hybrid,16736,1000,Standard,567.54,250,1,1,562,160421,2,0
3028,27,Female,Married,High School,Employed,Urban,9,0,5,2008,16,Hyundai,SUV,Hybrid,33054,1200,Standard,2080.24,1500,11,1,673,144077,1,1
3029,50,Female,Widowed,Bachelor,Retired,Urban,32,0,1,2012,12,Volkswagen,Hatchback,Hybrid,31303,2000,Comprehensive,1873.56,2000,12,0,515,46311,2,1
3030,58,Male,Widowed,None,Self-Employed,Urban,39,0,0,2024,0,Toyota,Coupe,Diesel,27690,2000,Standard,2241.83,1500,7,1,819,147973,0,0
3031,74,Male,Widowed,PhD,Employed,Suburban,56,1,0,2009,15,Hyundai,Hatchback,Petrol,34230,1800,Comprehensive,1017.17,500,10,0,790,155405,0,0
3032,44,Female,Single,None,Self-Employed,Suburban,21,0,0,2006,18,Ford,Coupe,Electric,27537,3500,Standard,1902.68,250,1,1,763,43378,1,0
3033,42,Male,Divorced,PhD,Unemployed,Urban,23,2,1,2022,2,Volkswagen,Coupe,Diesel,10292,1000,Standard,2896.44,500,9,1,636,90986,0,1
3034,43,Male,Widowed,Bachelor,Self-Employed,Suburban,21,3,0,2024,0,BMW,Hatchback,Hybrid,20540,2000,Standard,417.8,500,2,0,846,127128,0,1
3035,25,Female,Widowed,High School,Unemployed,Urban,4,0,0,2019,5,Honda,Minivan,Petrol,18187,1800,Standard,1442.54,1500,6,1,674,157012,0,0
3036,58,Male,Single,Bachelor,Student,Suburban,36,3,0,2014,10,Hyundai,Pickup,Hybrid,7414,1200,Basic,2197.47,1000,10,1,742,182754,3,1
3037,71,Male,Single,Bachelor,Employed,Rural,49,0,1,2017,7,Nissan,SUV,Petrol,10531,2000,Comprehensive,731.54,1500,7,1,480,61847,2,0
3038,23,Male,Married,Master,Employed,Rural,0,0,0,2021,3,Audi,Hatchback,Electric,24817,1200,Comprehensive,855.05,1500,8,1,603,143542,0,0
3039,39,Female,Single,None,Retired,Suburban,19,1,3,2022,2,Mercedes,Pickup,Diesel,19962,2000,Basic,1003.46,500,15,0,789,146048,0,1
3040,55,Female,Divorced,Master,Self-Employed,Rural,33,0,0,2010,14,Mercedes,Pickup,Petrol,34589,1000,Basic,1879.3,1000,6,1,780,45247,0,1
3041,23,Female,Single,None,Employed,Suburban,1,0,0,2024,0,Audi,Pickup,Hybrid,17836,2000,Standard,834.7,2000,10,0,403,159436,1,0
3042,56,Male,Divorced,None,Unemployed,Suburban,38,1,1,2014,10,Nissan,SUV,Electric,18678,2500,Comprehensive,2769.42,250,2,0,537,85675,1,1
3043,24,Female,Married,None,Retired,Suburban,5,0,0,2017,7,BMW,Pickup,Petrol,27437,1800,Basic,1817.58,250,9,0,440,118101,0,1
3044,36,Female,Divorced,None,Unemployed,Suburban,14,0,0,2016,8,Ford,Hatchback,Petrol,27883,3500,Basic,1526.59,1000,1,1,543,100344,1,1
3045,48,Female,Single,High School,Retired,Urban,29,3,1,2024,0,Ford,Minivan,Diesel,32548,1800,Comprehensive,635.7,500,14,0,814,191188,0,0
3046,59,Female,Divorced,High School,Employed,Suburban,39,0,0,2010,14,Nissan,Minivan,Electric,11945,1200,Basic,2083.37,1500,1,0,627,113832,1,1
3047,75,Male,Divorced,PhD,Self-Employed,Urban,56,2,0,2020,4,Ford,Coupe,Diesel,26026,1500,Standard,2315.89,500,11,1,345,194917,2,1
3048,46,Female,Widowed,High School,Student,Rural,26,0,0,2013,11,Honda,Pickup,Diesel,5829,2000,Comprehensive,2464.81,250,12,0,446,90754,2,0
3049,27,Female,Single,Bachelor,Unemployed,Suburban,8,0,1,2016,8,Ford,SUV,Diesel,9880,1000,Comprehensive,895.01,1500,13,1,336,21960,3,0
3050,57,Male,Widowed,PhD,Student,Rural,37,2,0,2016,8,Hyundai,Hatchback,Electric,14309,1500,Standard,680.41,2000,15,1,527,143255,0,0
3051,28,Male,Married,Master,Unemployed,Urban,9,0,0,2019,5,BMW,Pickup,Electric,8026,1500,Comprehensive,828.92,250,2,1,637,71513,0,0
3052,44,Female,Divorced,PhD,Unemployed,Suburban,23,2,2,2006,18,Hyundai,Pickup,Petrol,31905,2500,Basic,1276.57,250,11,0,535,74377,0,1
3053,59,Female,Divorced,High School,Employed,Urban,39,1,0,2006,18,BMW,Minivan,Electric,7725,1000,Basic,1491.01,500,1,0,435,23407,0,0
3054,32,Male,Married,PhD,Employed,Suburban,10,0,5,2022,2,Volkswagen,Pickup,Diesel,5024,2000,Basic,1986.54,1500,13,1,717,74860,4,0
3055,50,Female,Divorced,PhD,Unemployed,Urban,28,0,1,2015,9,Audi,Sedan,Petrol,5589,1200,Comprehensive,1124.02,500,9,0,627,18727,3,1
3056,41,Male,Married,None,Student,Rural,21,2,1,2011,13,Ford,Sedan,Petrol,32648,1500,Basic,2588.28,1000,13,0,506,60001,0,0
3057,43,Male,Single,None,Student,Suburban,23,2,1,2007,17,Hyundai,Sedan,Hybrid,14615,2500,Comprehensive,2519.74,1500,13,1,450,65299,2,0
3058,56,Female,Married,PhD,Unemployed,Urban,38,0,0,2019,5,Toyota,SUV,Diesel,10251,1500,Comprehensive,334.61,2000,9,1,494,162640,0,0
3059,35,Female,Married,High School,Employed,Suburban,16,1,1,2024,0,BMW,Sedan,Diesel,25419,2000,Standard,2658.15,1000,3,0,543,125343,0,1
3060,60,Female,Married,None,Unemployed,Rural,41,1,0,2009,15,Honda,Sedan,Petrol,16858,2000,Basic,2769.9,250,14,1,827,94293,2,0
3061,36,Male,Single,None,Student,Rural,15,2,0,2018,6,BMW,Sedan,Petrol,6652,1800,Standard,1202,250,10,1,442,50248,3,0
3062,65,Male,Married,PhD,Employed,Suburban,44,1,0,2016,8,Toyota,Pickup,Hybrid,31581,1200,Basic,2512.56,1500,15,1,340,167454,2,0
3063,70,Female,Married,High School,Student,Rural,50,1,2,2011,13,Volkswagen,Sedan,Petrol,18049,1200,Comprehensive,1683.63,1500,4,0,796,67455,1,1
3064,38,Female,Divorced,None,Retired,Rural,19,0,1,2019,5,Toyota,Sedan,Diesel,30811,1800,Comprehensive,1772.13,250,3,1,752,160539,2,1
3065,32,Female,Widowed,Bachelor,Self-Employed,Suburban,13,1,0,2014,10,Ford,SUV,Hybrid,14899,1000,Basic,998.06,1000,13,0,496,16410,1,0
3066,68,Female,Widowed,PhD,Student,Urban,45,1,0,2009,15,Hyundai,Sedan,Hybrid,13456,1500,Basic,636.74,2000,5,0,849,149207,4,0
3067,62,Male,Married,High School,Student,Rural,41,0,0,2021,3,Toyota,SUV,Hybrid,26787,2500,Comprehensive,1583.76,2000,6,0,405,131760,3,0
3068,63,Female,Single,Bachelor,Retired,Suburban,40,0,1,2022,2,Hyundai,Minivan,Hybrid,17387,1800,Standard,1821.72,1500,6,0,487,159215,4,0
3069,47,Female,Widowed,None,Retired,Rural,25,0,1,2015,9,Chevrolet,Pickup,Diesel,14648,1500,Standard,2103.65,500,1,0,411,65219,1,0
3070,33,Female,Married,None,Employed,Urban,12,0,0,2006,18,Mercedes,Pickup,Electric,12448,3000,Standard,727.64,1500,11,0,645,139588,0,0
3071,47,Male,Single,High School,Self-Employed,Rural,24,0,0,2011,13,BMW,Sedan,Hybrid,20192,1800,Basic,2250.16,250,3,0,669,66142,0,0
3072,37,Male,Divorced,Master,Retired,Urban,16,2,0,2022,2,Honda,Sedan,Hybrid,11549,1000,Comprehensive,1288.93,1000,12,0,742,116971,1,0
3073,35,Female,Married,None,Employed,Rural,12,0,0,2016,8,Honda,SUV,Hybrid,15460,2500,Standard,2768.13,500,8,0,579,58066,3,1
3074,41,Male,Married,None,Student,Suburban,19,0,0,2005,19,Toyota,Coupe,Electric,13883,3000,Basic,1398.48,2000,4,1,786,119457,0,0
3075,73,Male,Married,Bachelor,Retired,Suburban,50,3,3,2011,13,Volkswagen,Sedan,Hybrid,10065,1000,Standard,2938.39,250,3,0,810,23404,1,1
3076,44,Male,Married,High School,Student,Rural,21,0,0,2024,0,Toyota,Hatchback,Hybrid,26102,1800,Basic,1208.94,2000,13,0,366,168071,2,0
3077,30,Female,Divorced,None,Unemployed,Urban,7,1,0,2024,0,Toyota,SUV,Hybrid,24972,2000,Basic,1424.57,500,3,1,644,102333,1,1
3078,57,Female,Divorced,High School,Unemployed,Rural,35,0,0,2012,12,Volkswagen,SUV,Electric,5432,1800,Basic,2215.74,1500,15,0,726,163307,0,0
3079,75,Male,Married,PhD,Self-Employed,Suburban,55,1,0,2005,19,Mercedes,Minivan,Diesel,11188,1200,Standard,995.93,1000,14,1,822,39988,1,0
3080,35,Female,Single,Master,Self-Employed,Rural,13,0,0,2024,0,Honda,Hatchback,Hybrid,20280,1500,Basic,2001.26,2000,5,0,749,186396,2,0
3081,62,Male,Widowed,High School,Unemployed,Urban,43,0,2,2017,7,Toyota,SUV,Diesel,9846,1500,Comprehensive,1878.15,1500,2,1,787,28480,4,0
3082,56,Female,Divorced,High School,Employed,Rural,33,0,2,2023,1,Chevrolet,Coupe,Hybrid,30290,2000,Standard,1119.26,1500,1,1,719,188742,0,0
3083,43,Male,Married,Master,Student,Suburban,24,0,5,2016,8,Honda,SUV,Electric,7177,1800,Basic,1655.13,250,3,1,411,87032,0,1
3084,60,Female,Widowed,Master,Student,Rural,39,0,2,2011,13,Volkswagen,Coupe,Petrol,24890,1500,Comprehensive,359.06,1000,5,1,537,103246,2,0
3085,70,Male,Married,PhD,Self-Employed,Rural,52,0,0,2008,16,Ford,Sedan,Diesel,24991,1000,Standard,1709.52,2000,5,0,500,117447,2,0
3086,28,Female,Married,High School,Self-Employed,Rural,8,1,0,2019,5,Nissan,Sedan,Diesel,25443,1500,Basic,592.88,2000,11,0,650,57917,0,0
3087,31,Male,Single,Master,Self-Employed,Urban,13,0,2,2014,10,Chevrolet,Coupe,Hybrid,25640,2000,Basic,995.48,2000,12,0,380,60597,0,0
3088,38,Male,Divorced,Master,Self-Employed,Rural,19,2,0,2007,17,Ford,Coupe,Diesel,22555,1800,Comprehensive,2786.02,1000,4,0,303,129872,0,0
3089,34,Female,Widowed,Master,Self-Employed,Suburban,15,0,0,2010,14,Toyota,Sedan,Hybrid,6993,2500,Standard,2019.96,2000,12,0,451,164617,0,0
3090,23,Male,Widowed,Bachelor,Unemployed,Urban,5,1,1,2006,18,Chevrolet,SUV,Diesel,35000,1800,Comprehensive,1552.11,1000,11,0,765,143653,0,1
3091,57,Male,Widowed,PhD,Retired,Rural,39,1,0,2016,8,BMW,Hatchback,Petrol,6644,2000,Standard,2143.42,1500,2,1,370,134170,0,0
3092,38,Male,Divorced,Master,Self-Employed,Rural,20,1,1,2018,6,Honda,Sedan,Hybrid,24349,1800,Standard,2397.84,500,11,0,819,112021,2,0
3093,33,Male,Single,Master,Retired,Rural,14,0,1,2018,6,Nissan,Coupe,Hybrid,18140,2000,Standard,2519.95,250,2,1,774,24518,2,1
3094,54,Male,Single,PhD,Self-Employed,Suburban,32,2,0,2015,9,Hyundai,Minivan,Hybrid,34205,1200,Standard,2960.03,1000,8,0,343,65047,0,0
3095,52,Female,Divorced,High School,Student,Suburban,31,4,2,2012,12,Chevrolet,SUV,Hybrid,10580,1500,Comprehensive,2456.03,250,7,0,652,175551,2,1
3096,62,Female,Single,High School,Employed,Rural,40,4,0,2024,0,Audi,Coupe,Diesel,28836,2500,Comprehensive,2802.04,1500,2,0,385,40409,0,0
3097,51,Male,Widowed,PhD,Employed,Urban,29,0,0,2013,11,Hyundai,Minivan,Diesel,21757,1800,Standard,1945.2,1500,4,1,629,80500,1,0
3098,43,Male,Widowed,PhD,Self-Employed,Urban,20,1,0,2019,5,BMW,Pickup,Diesel,20255,2000,Comprehensive,2928.15,1000,8,0,830,33287,1,0
3099,71,Male,Widowed,PhD,Unemployed,Urban,52,1,1,2018,6,Honda,Hatchback,Electric,17993,1500,Standard,2898.96,1500,6,0,368,31149,3,0
3100,44,Female,Widowed,Master,Self-Employed,Suburban,24,0,0,2021,3,Audi,Sedan,Diesel,17219,1500,Comprehensive,563.81,1500,6,0,807,163764,0,0
3101,18,Male,Divorced,None,Student,Suburban,0,2,0,2023,1,Ford,Pickup,Diesel,16819,1500,Basic,2654.3,500,14,0,580,22656,3,1
3102,51,Male,Married,Bachelor,Unemployed,Suburban,32,1,0,2015,9,Toyota,Sedan,Petrol,9867,2500,Comprehensive,966.48,1000,2,1,433,191363,2,1
3103,37,Male,Single,PhD,Student,Rural,17,1,2,2023,1,Ford,Coupe,Diesel,9603,1500,Standard,2509.12,250,1,1,762,23086,2,1
3104,22,Male,Widowed,None,Unemployed,Urban,2,1,1,2019,5,Chevrolet,Pickup,Diesel,24924,3000,Standard,2313.72,1500,8,0,302,197164,3,1
3105,65,Female,Married,High School,Unemployed,Rural,42,3,0,2005,19,Toyota,Pickup,Electric,32792,1500,Basic,1738.98,500,5,1,752,116459,0,0
3106,50,Female,Married,High School,Employed,Urban,31,0,1,2010,14,Hyundai,Coupe,Hybrid,20393,1500,Standard,2442.02,1000,5,0,422,68872,0,0
3107,73,Female,Widowed,High School,Self-Employed,Suburban,51,0,2,2009,15,Audi,Minivan,Petrol,28215,1500,Standard,310.33,2000,5,1,752,92960,0,1
3108,51,Male,Single,None,Student,Rural,29,1,0,2020,4,Audi,Sedan,Electric,23250,1200,Comprehensive,2970.11,1500,8,0,374,109095,2,1
3109,18,Female,Married,PhD,Employed,Urban,0,0,0,2017,7,BMW,SUV,Diesel,11355,1500,Comprehensive,1667.29,250,11,1,381,42372,3,1
3110,44,Female,Single,None,Student,Suburban,26,1,1,2018,6,Audi,Pickup,Petrol,17476,1200,Standard,1622.1,1000,2,1,477,121691,2,0
3111,49,Male,Single,PhD,Self-Employed,Urban,31,4,0,2007,17,Ford,Sedan,Electric,9041,2000,Standard,2701.93,250,10,1,457,135245,0,0
3112,48,Male,Divorced,None,Unemployed,Urban,26,2,0,2020,4,Nissan,Pickup,Petrol,32019,1800,Standard,325.23,1000,9,1,415,48567,0,1
3113,50,Female,Married,PhD,Employed,Urban,30,0,1,2021,3,Chevrolet,Pickup,Petrol,34741,2000,Standard,1721.18,2000,12,0,804,160429,3,0
3114,27,Female,Married,Bachelor,Unemployed,Rural,5,0,0,2023,1,BMW,Pickup,Hybrid,34689,2500,Basic,617.48,250,2,0,700,32446,4,0
3115,22,Male,Married,PhD,Student,Suburban,1,1,0,2024,0,Audi,Coupe,Diesel,21085,1800,Comprehensive,1995.71,500,13,0,731,95509,4,1
3116,67,Female,Widowed,Bachelor,Employed,Urban,47,3,2,2015,9,Ford,Pickup,Electric,12843,1500,Standard,495.49,1500,3,1,710,129293,0,1
3117,37,Female,Single,Master,Student,Suburban,19,0,1,2017,7,Volkswagen,Pickup,Petrol,28730,1200,Comprehensive,2623.97,500,10,1,641,45844,0,0
3118,73,Female,Single,None,Unemployed,Urban,55,1,2,2005,19,Volkswagen,Coupe,Petrol,6918,2500,Comprehensive,1214.55,2000,14,1,301,68478,2,0
3119,61,Male,Widowed,Bachelor,Self-Employed,Suburban,41,0,5,2014,10,BMW,SUV,Diesel,28592,1500,Basic,1600.69,1000,15,1,486,89248,3,1
3120,31,Female,Divorced,None,Retired,Rural,11,0,2,2006,18,Ford,SUV,Petrol,20435,2000,Basic,416.31,1000,7,1,342,20869,1,0
3121,24,Female,Widowed,PhD,Unemployed,Suburban,1,0,1,2022,2,Chevrolet,Minivan,Electric,32405,1200,Comprehensive,2919.18,1000,15,0,764,102028,1,1
3122,42,Male,Married,High School,Retired,Rural,24,1,0,2013,11,Toyota,Hatchback,Diesel,18125,1500,Comprehensive,1172.97,2000,2,1,351,28223,2,0
3123,27,Female,Divorced,PhD,Student,Rural,5,0,0,2014,10,BMW,Hatchback,Petrol,34163,1800,Comprehensive,2973.92,250,14,1,835,192557,2,0
3124,63,Female,Divorced,None,Student,Urban,43,0,0,2008,16,Honda,Coupe,Diesel,31810,2000,Comprehensive,1553.69,1000,8,1,392,59674,3,0
3125,48,Female,Widowed,High School,Retired,Suburban,28,3,2,2022,2,Volkswagen,Coupe,Electric,26607,1000,Comprehensive,439.91,250,9,0,819,121909,0,0
3126,66,Male,Divorced,Master,Student,Urban,46,0,0,2011,13,Honda,Coupe,Petrol,28820,1200,Comprehensive,472.43,1000,13,1,534,102827,0,1
3127,25,Male,Widowed,PhD,Student,Rural,6,3,0,2022,2,Hyundai,Pickup,Hybrid,30630,2000,Basic,2575.03,2000,1,0,827,158666,1,1
3128,22,Male,Married,High School,Employed,Suburban,4,0,0,2007,17,Hyundai,Hatchback,Electric,28606,1200,Comprehensive,1504.28,250,11,1,366,28577,1,1
3129,52,Female,Widowed,Master,Student,Rural,30,0,3,2024,0,Toyota,Minivan,Electric,25448,2000,Basic,1327.79,1000,12,0,813,111735,3,0
3130,42,Female,Single,Bachelor,Student,Urban,20,0,0,2011,13,Honda,Hatchback,Electric,23303,1800,Basic,1421.37,2000,1,0,625,111358,0,0
3131,66,Female,Divorced,Bachelor,Student,Suburban,45,0,0,2018,6,Ford,Coupe,Electric,14298,2500,Basic,2674.3,500,10,0,390,39424,1,0
3132,56,Female,Married,None,Self-Employed,Rural,33,0,2,2018,6,Honda,SUV,Hybrid,8049,1500,Basic,322.78,250,4,1,564,179524,2,0
3133,27,Male,Married,High School,Unemployed,Suburban,5,3,1,2006,18,Toyota,Minivan,Hybrid,20295,2500,Standard,1507.57,250,6,1,638,116118,0,0
3134,54,Female,Widowed,PhD,Retired,Suburban,31,1,1,2015,9,Chevrolet,Coupe,Electric,25296,2500,Comprehensive,2275.22,2000,6,0,329,168730,1,0
3135,21,Female,Widowed,High School,Self-Employed,Urban,0,2,2,2009,15,Hyundai,Minivan,Petrol,6793,1500,Standard,2602.42,250,9,1,334,77598,0,0
3136,28,Female,Widowed,PhD,Student,Suburban,5,1,0,2022,2,Chevrolet,Minivan,Petrol,18923,3000,Basic,452.9,250,10,0,307,138167,2,0
3137,57,Female,Widowed,Bachelor,Self-Employed,Suburban,35,0,0,2019,5,Toyota,SUV,Electric,11652,3500,Comprehensive,550.47,250,11,0,354,76143,2,0
3138,70,Female,Single,Master,Unemployed,Urban,47,0,3,2014,10,Audi,Hatchback,Diesel,25506,1800,Standard,1312.17,1500,4,1,645,69688,2,0
3139,62,Male,Widowed,Bachelor,Student,Rural,39,1,3,2013,11,Honda,Sedan,Electric,9486,1500,Standard,2435.31,1500,6,0,741,92819,0,1
3140,40,Female,Single,PhD,Unemployed,Suburban,20,0,1,2017,7,Nissan,SUV,Hybrid,9628,1500,Basic,2775.39,500,1,0,451,193744,0,0
3141,22,Male,Widowed,PhD,Employed,Suburban,2,1,0,2020,4,BMW,Sedan,Hybrid,31003,1500,Basic,2421.08,250,6,0,404,197117,3,0
3142,58,Male,Widowed,None,Self-Employed,Suburban,40,1,0,2020,4,BMW,Coupe,Electric,16926,1200,Basic,363.51,500,11,1,832,127628,0,0
3143,24,Male,Married,High School,Student,Suburban,3,1,0,2012,12,Chevrolet,Minivan,Hybrid,6181,1800,Standard,2988.02,500,6,1,513,148238,2,1
3144,30,Male,Married,High School,Unemployed,Urban,10,0,1,2022,2,Honda,Hatchback,Electric,32556,1500,Basic,672.62,1000,2,1,560,128547,0,1
3145,26,Male,Widowed,High School,Unemployed,Urban,3,0,0,2007,17,Honda,Hatchback,Hybrid,10361,1800,Comprehensive,2233.11,2000,14,0,434,182137,2,1
3146,25,Male,Single,PhD,Student,Urban,5,1,2,2005,19,Audi,Coupe,Diesel,29075,1800,Comprehensive,1512.46,250,8,0,377,111360,2,1
3147,68,Female,Divorced,Master,Employed,Urban,50,0,1,2012,12,Honda,Minivan,Diesel,9163,1200,Standard,1107.69,500,4,0,752,58320,0,1
3148,60,Female,Single,Bachelor,Unemployed,Rural,41,0,0,2013,11,Audi,Coupe,Electric,11006,2000,Basic,708.38,1000,4,1,786,184243,0,1
3149,66,Female,Single,PhD,Retired,Rural,46,0,0,2014,10,Hyundai,Hatchback,Hybrid,9402,1500,Standard,1225.55,2000,6,1,658,156939,2,0
3150,55,Male,Single,Bachelor,Retired,Suburban,34,1,0,2024,0,Audi,Hatchback,Electric,11932,2000,Basic,633.92,250,4,0,845,69437,0,0
3151,23,Male,Single,PhD,Employed,Rural,2,0,0,2007,17,Audi,Pickup,Diesel,32522,2000,Comprehensive,381.31,2000,9,0,523,39699,0,1
3152,59,Male,Single,High School,Student,Suburban,37,0,1,2022,2,Chevrolet,Sedan,Petrol,16673,1500,Standard,400.17,500,14,0,358,157022,4,0
3153,39,Male,Divorced,Bachelor,Unemployed,Urban,18,0,2,2012,12,BMW,Coupe,Diesel,17614,1500,Standard,1847.13,1000,10,1,741,109291,2,0
3154,75,Male,Single,Master,Retired,Rural,53,0,0,2011,13,Ford,Hatchback,Hybrid,24699,1200,Basic,2085.22,2000,11,0,792,139947,0,0
3155,41,Male,Married,Bachelor,Employed,Rural,19,1,0,2019,5,Ford,Hatchback,Petrol,20954,1000,Basic,2386.57,250,14,1,346,139672,1,0
3156,50,Male,Married,Bachelor,Student,Urban,27,0,0,2024,0,BMW,Sedan,Hybrid,21843,2500,Comprehensive,1570.93,1500,4,1,354,107075,0,0
3157,48,Female,Widowed,PhD,Employed,Rural,29,2,2,2011,13,Chevrolet,Coupe,Hybrid,20582,2500,Comprehensive,2541.88,500,7,1,425,165742,4,0
3158,61,Female,Divorced,High School,Employed,Urban,42,4,0,2009,15,Ford,SUV,Electric,34372,1800,Standard,2825.18,2000,4,1,349,128958,0,1
3159,32,Female,Divorced,Master,Employed,Suburban,10,2,2,2019,5,Mercedes,Hatchback,Electric,8978,1800,Basic,1323.5,250,9,0,497,58566,0,0
3160,36,Female,Single,PhD,Retired,Suburban,17,2,2,2012,12,Audi,Sedan,Diesel,30037,3500,Standard,1168.15,1000,1,0,497,28313,2,0
3161,47,Male,Widowed,PhD,Employed,Rural,28,0,1,2006,18,BMW,SUV,Diesel,33945,2000,Comprehensive,1214.59,2000,13,0,713,69583,0,0
3162,57,Male,Divorced,None,Student,Suburban,37,0,1,2005,19,Mercedes,Coupe,Diesel,12907,1500,Comprehensive,1781.12,250,15,1,624,16682,1,0
3163,62,Female,Widowed,High School,Unemployed,Rural,40,0,1,2024,0,Hyundai,Sedan,Diesel,7761,1800,Standard,741.08,1500,8,0,315,132109,0,0
3164,53,Female,Married,None,Student,Suburban,32,2,0,2019,5,Nissan,Minivan,Petrol,10629,1800,Comprehensive,994.02,250,8,1,633,98865,4,0
3165,53,Male,Married,None,Employed,Suburban,30,0,0,2024,0,Honda,Hatchback,Petrol,22097,3000,Standard,1423.6,500,4,0,511,154430,3,0
3166,25,Female,Widowed,Bachelor,Unemployed,Urban,7,0,0,2014,10,Chevrolet,Sedan,Electric,8902,2000,Standard,2928.48,500,1,1,604,100773,1,0
3167,20,Male,Married,Master,Unemployed,Urban,0,0,0,2020,4,Toyota,Coupe,Diesel,24052,2000,Comprehensive,719.19,500,13,0,510,29161,1,0
3168,32,Female,Single,PhD,Retired,Urban,9,1,1,2017,7,Honda,SUV,Electric,26174,2500,Comprehensive,2670.78,250,14,0,493,64777,3,1
3169,19,Male,Single,None,Unemployed,Rural,0,1,1,2017,7,BMW,Minivan,Petrol,7863,1500,Basic,2618.86,250,6,0,351,148396,3,0
3170,21,Male,Widowed,PhD,Employed,Suburban,0,0,0,2021,3,Audi,SUV,Diesel,9327,1500,Standard,992.75,500,13,0,387,140164,2,0
3171,42,Male,Single,Master,Self-Employed,Suburban,21,0,0,2019,5,Toyota,Pickup,Hybrid,9943,1000,Standard,2681.74,1500,4,1,356,192829,0,0
3172,23,Male,Widowed,High School,Employed,Suburban,5,4,1,2017,7,Mercedes,Hatchback,Electric,21494,1200,Basic,2143.85,1000,13,0,430,85895,0,1
3173,56,Female,Widowed,Master,Self-Employed,Suburban,38,1,0,2021,3,Chevrolet,Coupe,Diesel,31343,3000,Comprehensive,902.15,500,12,1,751,130201,3,0
3174,54,Female,Married,Master,Self-Employed,Suburban,31,1,0,2008,16,BMW,Minivan,Electric,21403,1800,Basic,2131.55,250,6,1,658,50315,0,0
3175,33,Male,Widowed,High School,Self-Employed,Urban,15,0,2,2021,3,Toyota,Hatchback,Petrol,8394,2000,Basic,2695.16,250,11,0,694,47138,0,0
3176,58,Male,Widowed,High School,Employed,Rural,39,1,1,2017,7,Chevrolet,Hatchback,Hybrid,33184,2000,Standard,1485.1,250,4,1,499,42468,1,1
3177,31,Female,Married,Master,Retired,Suburban,11,1,1,2019,5,Mercedes,Pickup,Petrol,21090,1800,Standard,1202.77,1000,9,1,558,76783,0,0
3178,67,Female,Widowed,Bachelor,Employed,Rural,44,0,3,2024,0,Audi,Pickup,Petrol,24216,1800,Comprehensive,2929.41,500,7,0,557,66455,0,1
3179,70,Female,Married,Master,Employed,Urban,50,0,0,2011,13,Nissan,Sedan,Petrol,7210,2000,Comprehensive,2933.55,500,12,0,487,89637,3,1
3180,39,Female,Widowed,Bachelor,Unemployed,Urban,20,0,0,2019,5,Ford,Coupe,Petrol,22677,2000,Comprehensive,1298.17,2000,5,0,768,78386,3,0
3181,23,Male,Divorced,PhD,Self-Employed,Suburban,2,1,3,2021,3,Volkswagen,Minivan,Hybrid,16131,2000,Comprehensive,1579.13,250,6,1,455,189480,0,1
3182,57,Female,Divorced,PhD,Student,Rural,38,0,2,2006,18,Hyundai,Minivan,Diesel,18599,2000,Comprehensive,2245.47,2000,1,1,579,72854,1,0
3183,33,Male,Single,High School,Unemployed,Suburban,12,0,1,2010,14,Audi,Hatchback,Electric,28905,1000,Basic,1299.64,250,10,0,453,199176,1,1
3184,75,Female,Widowed,Bachelor,Employed,Suburban,52,2,2,2020,4,Ford,Hatchback,Electric,19884,3000,Comprehensive,1870,1500,8,1,673,18543,1,1
3185,27,Female,Married,PhD,Retired,Rural,7,0,1,2015,9,Chevrolet,Pickup,Petrol,8633,1200,Basic,397.9,1000,7,1,624,105685,4,1
3186,19,Female,Divorced,Bachelor,Unemployed,Urban,0,0,2,2019,5,Toyota,Pickup,Electric,24857,2000,Basic,1250.36,500,5,0,499,161424,0,1
3187,33,Male,Single,High School,Student,Urban,15,0,0,2007,17,Honda,Coupe,Hybrid,22110,2500,Basic,1767.62,2000,11,1,566,65055,0,0
3188,67,Female,Single,Bachelor,Unemployed,Suburban,49,2,1,2013,11,Toyota,Hatchback,Hybrid,30659,1000,Comprehensive,2285.42,250,10,0,416,158391,2,1
3189,30,Female,Single,None,Retired,Urban,8,0,0,2012,12,Mercedes,Hatchback,Petrol,27120,1500,Comprehensive,2266.22,500,14,0,548,66530,0,0
3190,49,Male,Married,Master,Unemployed,Urban,29,2,1,2024,0,Audi,Coupe,Electric,23628,2000,Basic,1064.45,2000,9,0,631,176230,1,1
3191,35,Female,Divorced,Bachelor,Self-Employed,Suburban,16,0,0,2017,7,Mercedes,Pickup,Petrol,14105,2500,Standard,461.72,500,9,0,577,190127,2,0
3192,24,Male,Divorced,Master,Student,Suburban,5,0,1,2020,4,Audi,Coupe,Diesel,21721,1000,Standard,2405.45,250,2,0,309,67223,4,0
3193,18,Female,Single,None,Employed,Rural,0,1,0,2015,9,Chevrolet,Coupe,Hybrid,12093,1200,Comprehensive,440.94,500,8,0,533,125666,0,0
3194,38,Female,Widowed,None,Retired,Urban,16,0,0,2009,15,Honda,Sedan,Diesel,32023,2000,Comprehensive,1451.73,250,9,1,743,22923,3,1
3195,23,Female,Widowed,Bachelor,Retired,Urban,2,1,1,2013,11,Hyundai,Minivan,Diesel,28789,1500,Comprehensive,2939.62,250,11,0,657,67332,2,1
3196,36,Female,Divorced,None,Self-Employed,Rural,17,0,1,2006,18,Chevrolet,Minivan,Diesel,13856,1500,Standard,493.12,500,10,0,780,189964,0,0
3197,37,Female,Married,Bachelor,Unemployed,Suburban,18,0,1,2023,1,Honda,Pickup,Petrol,26408,2000,Basic,1598.34,1000,3,0,763,76534,1,0
3198,28,Male,Widowed,Bachelor,Unemployed,Suburban,10,3,0,2017,7,Nissan,Sedan,Diesel,29797,3500,Basic,1215.89,250,13,1,819,39835,0,1
3199,38,Male,Married,Master,Student,Rural,16,0,0,2007,17,Honda,Minivan,Diesel,33863,3500,Comprehensive,1212.85,2000,13,1,393,96249,4,1
3200,47,Female,Divorced,Bachelor,Employed,Suburban,28,0,1,2024,0,Honda,Sedan,Petrol,27237,1800,Standard,1247.7,250,7,1,542,17543,0,0
3201,18,Male,Widowed,None,Student,Suburban,0,0,0,2014,10,Ford,Sedan,Electric,10233,1200,Standard,1555.29,250,5,0,834,92627,2,1
3202,30,Female,Widowed,Bachelor,Retired,Suburban,12,1,0,2006,18,Toyota,Coupe,Electric,34323,2000,Comprehensive,2135.22,1500,6,0,366,164288,0,1
3203,60,Female,Divorced,Bachelor,Employed,Urban,41,1,1,2009,15,Toyota,Coupe,Hybrid,19276,2000,Comprehensive,877.94,1000,8,0,781,151578,2,1
3204,56,Male,Widowed,None,Unemployed,Suburban,34,0,1,2010,14,Audi,Hatchback,Petrol,21134,1500,Standard,1657.53,250,2,1,660,30988,0,0
3205,35,Female,Divorced,High School,Self-Employed,Rural,17,4,2,2021,3,Honda,Hatchback,Hybrid,11267,1800,Standard,2261.43,2000,12,1,306,45341,0,1
3206,73,Male,Widowed,High School,Retired,Suburban,52,0,1,2014,10,Mercedes,Sedan,Electric,33958,1000,Standard,738.88,2000,4,0,614,39083,2,1
3207,53,Male,Widowed,High School,Retired,Suburban,34,0,2,2020,4,BMW,Coupe,Electric,12227,1200,Basic,1288.87,1500,4,1,503,173588,3,0
3208,72,Male,Divorced,Bachelor,Self-Employed,Rural,54,0,0,2014,10,BMW,Minivan,Diesel,30866,2000,Comprehensive,1262,1000,13,1,662,97031,0,0
3209,32,Female,Single,PhD,Retired,Rural,12,0,2,2005,19,Chevrolet,Minivan,Electric,33564,1500,Basic,1841.98,2000,3,0,490,50841,4,1
3210,61,Female,Single,Bachelor,Self-Employed,Rural,38,1,1,2022,2,Audi,Minivan,Hybrid,31064,1000,Basic,2987.71,1500,1,0,660,51423,0,0
3211,25,Male,Divorced,High School,Employed,Suburban,3,2,1,2020,4,Chevrolet,Hatchback,Diesel,34286,1200,Comprehensive,1360.72,1500,8,0,712,92471,0,1
3212,73,Female,Married,Bachelor,Unemployed,Rural,50,3,2,2013,11,BMW,Pickup,Petrol,19385,3500,Standard,2878.77,500,12,0,354,185142,2,1
3213,23,Male,Single,PhD,Retired,Suburban,3,1,1,2015,9,BMW,Pickup,Petrol,34134,1000,Basic,2775.48,500,12,0,524,116348,2,0
3214,36,Male,Single,PhD,Unemployed,Urban,15,0,0,2022,2,Audi,SUV,Petrol,26960,1500,Comprehensive,2082.73,1500,11,1,321,78934,1,1
3215,51,Female,Married,None,Self-Employed,Urban,29,0,0,2007,17,Nissan,Hatchback,Electric,13898,1000,Standard,2334.79,1000,9,1,323,72810,3,1
3216,24,Female,Divorced,PhD,Retired,Rural,6,1,1,2024,0,Ford,SUV,Diesel,22233,1500,Basic,2704.22,500,7,0,503,21476,2,0
3217,43,Male,Single,PhD,Self-Employed,Suburban,22,2,1,2008,16,Nissan,Minivan,Electric,31201,1800,Standard,767.64,250,9,1,445,111849,0,1
3218,55,Female,Widowed,Master,Self-Employed,Urban,35,0,0,2006,18,Audi,SUV,Electric,9671,1500,Comprehensive,2392.74,1500,4,1,560,93515,2,1
3219,19,Female,Divorced,Master,Unemployed,Rural,0,0,1,2019,5,Chevrolet,SUV,Hybrid,21359,1500,Standard,1391.25,2000,1,1,499,96158,1,0
3220,47,Male,Single,PhD,Employed,Suburban,25,0,5,2015,9,Toyota,SUV,Hybrid,14940,1800,Basic,844.54,1000,15,1,600,55437,0,1
3221,40,Female,Widowed,PhD,Student,Suburban,18,0,0,2012,12,Mercedes,Minivan,Electric,20189,3000,Standard,2553.56,1500,12,0,537,119001,2,0
3222,44,Male,Widowed,None,Student,Urban,25,3,0,2013,11,Hyundai,Coupe,Hybrid,21287,2000,Standard,2590.23,1000,1,1,656,22991,1,0
3223,59,Male,Divorced,High School,Unemployed,Rural,41,0,1,2018,6,Hyundai,SUV,Diesel,19913,2000,Basic,2001.6,1500,3,1,311,84792,1,0
3224,56,Male,Married,None,Self-Employed,Rural,36,1,0,2019,5,Nissan,Pickup,Diesel,27130,3000,Basic,2584.4,250,5,0,533,98073,2,1
3225,56,Female,Divorced,High School,Retired,Urban,37,0,2,2007,17,Audi,Sedan,Hybrid,21177,3000,Basic,2662.46,2000,6,0,541,134216,4,0
3226,37,Female,Widowed,High School,Employed,Suburban,17,0,0,2020,4,BMW,Coupe,Electric,5318,1000,Basic,502.43,250,6,0,393,59026,0,0
3227,48,Female,Widowed,PhD,Unemployed,Suburban,25,1,1,2017,7,Volkswagen,Hatchback,Electric,11606,1500,Basic,1530.61,500,2,0,749,179956,3,0
3228,19,Male,Single,High School,Student,Suburban,0,0,0,2012,12,Audi,Pickup,Electric,7594,1500,Standard,544.35,1500,13,1,791,164108,2,1
3229,26,Male,Married,Master,Self-Employed,Suburban,8,0,3,2021,3,Chevrolet,Hatchback,Electric,15230,3000,Standard,1646.2,250,1,1,786,107745,2,0
3230,70,Male,Married,None,Employed,Rural,49,0,0,2008,16,Volkswagen,SUV,Hybrid,7421,1000,Basic,1730.72,250,2,1,498,104948,2,0
3231,26,Female,Single,High School,Retired,Suburban,8,0,0,2022,2,Mercedes,Sedan,Hybrid,9596,2500,Standard,2489.98,2000,5,1,749,88814,1,1
3232,55,Male,Married,Bachelor,Employed,Rural,36,1,0,2022,2,Hyundai,SUV,Diesel,11213,1500,Basic,2188.04,250,10,1,384,137126,3,0
3233,33,Male,Married,PhD,Unemployed,Suburban,11,1,1,2018,6,Nissan,Pickup,Hybrid,34054,2000,Comprehensive,846.28,2000,12,1,692,155100,2,1
3234,38,Female,Widowed,Master,Self-Employed,Urban,17,2,0,2014,10,Nissan,Pickup,Hybrid,29537,1500,Comprehensive,364.28,250,6,0,395,147556,0,0
3235,60,Female,Divorced,High School,Employed,Urban,41,2,0,2022,2,BMW,Hatchback,Electric,25836,1800,Comprehensive,1712.73,2000,4,1,437,113671,3,0
3236,46,Male,Married,PhD,Student,Urban,25,1,0,2017,7,Ford,Hatchback,Petrol,25274,1200,Comprehensive,1572.73,2000,3,1,400,39682,2,0
3237,63,Male,Divorced,PhD,Employed,Suburban,40,1,0,2010,14,BMW,SUV,Diesel,19131,1800,Basic,1379.4,1000,11,1,348,36484,2,0
3238,48,Male,Single,High School,Employed,Urban,30,2,0,2019,5,Ford,SUV,Petrol,17922,1500,Basic,1618.98,250,10,0,431,188072,1,1
3239,70,Male,Divorced,None,Student,Urban,50,0,1,2012,12,Ford,Pickup,Hybrid,9557,1500,Comprehensive,2264.18,1500,15,1,528,169909,0,0
3240,35,Male,Widowed,PhD,Self-Employed,Urban,13,3,1,2010,14,Ford,Coupe,Petrol,5304,1200,Basic,2034.67,250,11,1,321,178612,3,0
3241,67,Male,Single,Master,Employed,Suburban,44,0,2,2017,7,Honda,SUV,Diesel,24291,1500,Comprehensive,545.52,2000,5,1,586,190040,2,0
3242,46,Female,Single,Master,Self-Employed,Urban,24,1,1,2019,5,Ford,Hatchback,Petrol,30935,2000,Standard,1533.93,250,4,0,436,193762,2,0
3243,63,Male,Single,Bachelor,Employed,Urban,43,3,0,2012,12,Audi,Sedan,Petrol,15781,2000,Basic,898.23,1000,9,0,493,196452,0,0
3244,41,Male,Single,High School,Self-Employed,Rural,23,0,1,2022,2,Audi,SUV,Hybrid,14819,1500,Basic,966.56,250,13,0,696,137093,4,0
3245,54,Male,Married,Master,Student,Rural,31,0,1,2005,19,Volkswagen,Hatchback,Hybrid,7116,1200,Comprehensive,2758.55,1000,8,0,722,142142,0,0
3246,20,Female,Widowed,PhD,Self-Employed,Suburban,0,3,1,2022,2,Volkswagen,Pickup,Hybrid,28183,1000,Standard,862.01,1000,11,0,404,155879,3,1
3247,57,Male,Single,PhD,Unemployed,Rural,38,2,2,2011,13,Chevrolet,Coupe,Electric,13008,3500,Standard,661.22,250,6,1,715,146734,0,1
3248,69,Male,Widowed,PhD,Retired,Suburban,49,2,1,2022,2,Toyota,Hatchback,Diesel,26301,3500,Basic,2457.07,1500,2,0,316,85449,2,0
3249,19,Female,Single,High School,Employed,Urban,0,1,0,2006,18,Audi,Coupe,Hybrid,10557,1500,Standard,687.14,250,7,1,659,49054,3,1
3250,66,Female,Divorced,High School,Retired,Suburban,43,0,1,2013,11,Ford,Hatchback,Hybrid,14275,1200,Standard,1760.24,250,10,1,803,96096,1,0
3251,54,Female,Widowed,Master,Student,Urban,31,0,0,2011,13,Ford,Minivan,Electric,26988,1800,Comprehensive,1605.43,2000,5,0,805,48133,1,1
3252,26,Male,Single,None,Self-Employed,Urban,8,0,5,2006,18,Ford,Hatchback,Diesel,6299,1000,Basic,2393.6,2000,13,0,596,57389,2,0
3253,53,Male,Widowed,None,Self-Employed,Suburban,34,0,0,2005,19,Audi,Coupe,Hybrid,33872,2000,Comprehensive,1188.72,250,13,1,372,115434,0,1
3254,25,Female,Single,PhD,Self-Employed,Suburban,4,3,1,2020,4,Mercedes,SUV,Diesel,33819,1500,Basic,2783.85,2000,15,1,611,96691,1,1
3255,66,Female,Divorced,None,Retired,Rural,45,2,1,2007,17,Chevrolet,Sedan,Electric,25189,3000,Comprehensive,2192.92,250,6,0,695,46887,0,0
3256,61,Male,Single,Bachelor,Self-Employed,Urban,38,0,1,2020,4,Toyota,Hatchback,Petrol,34969,1500,Basic,330.18,250,15,1,430,128204,0,0
3257,50,Female,Single,PhD,Retired,Rural,32,1,0,2006,18,Toyota,Hatchback,Electric,14644,1500,Comprehensive,2466.25,2000,15,0,793,51733,2,0
3258,75,Male,Single,PhD,Student,Suburban,53,0,1,2021,3,BMW,SUV,Electric,31093,1800,Standard,1110.15,2000,6,0,524,69032,3,0
3259,55,Male,Married,Master,Retired,Rural,36,1,0,2022,2,Honda,Coupe,Hybrid,8663,1500,Standard,1334.74,1500,13,1,742,162297,3,0
3260,66,Male,Married,Master,Student,Suburban,44,0,0,2020,4,Audi,Pickup,Electric,32592,2000,Basic,551.03,1000,7,0,733,145726,2,0
3261,24,Male,Widowed,High School,Student,Urban,2,0,1,2013,11,Mercedes,Pickup,Diesel,30822,1800,Standard,1257.31,1500,7,1,620,32651,0,1
3262,33,Male,Married,PhD,Self-Employed,Rural,11,2,0,2005,19,Honda,Hatchback,Electric,21142,1200,Comprehensive,2298.37,2000,11,1,807,187572,3,0
3263,58,Female,Divorced,None,Retired,Rural,36,0,0,2024,0,Chevrolet,Pickup,Electric,7760,3000,Standard,578.4,500,15,1,558,22564,1,0
3264,41,Male,Married,Bachelor,Self-Employed,Suburban,20,1,0,2006,18,Hyundai,Pickup,Diesel,8906,1800,Standard,1210.72,500,3,1,394,120398,2,0
3265,69,Female,Married,None,Retired,Suburban,46,0,0,2023,1,Honda,Coupe,Petrol,16608,1500,Standard,2617.31,250,1,1,841,142051,4,0
3266,18,Male,Widowed,Bachelor,Employed,Suburban,0,0,0,2017,7,Mercedes,Sedan,Hybrid,18373,1200,Comprehensive,2649.22,1500,2,0,480,122521,0,1
3267,66,Female,Married,Master,Retired,Urban,45,0,1,2022,2,Nissan,Minivan,Petrol,33818,2500,Standard,2632.68,500,15,0,585,71600,0,0
3268,26,Female,Widowed,Bachelor,Employed,Suburban,5,0,2,2010,14,Chevrolet,Coupe,Electric,11203,1800,Comprehensive,1807.83,500,5,0,772,106576,2,1
3269,42,Female,Single,Master,Unemployed,Urban,19,3,1,2011,13,Honda,Pickup,Electric,19457,1000,Comprehensive,2722.83,1000,9,1,646,65053,2,1
3270,58,Male,Married,None,Retired,Suburban,37,2,1,2023,1,BMW,SUV,Diesel,32609,3500,Basic,2021.07,1500,2,0,491,52493,4,0
3271,25,Female,Single,Bachelor,Self-Employed,Suburban,3,1,0,2024,0,BMW,SUV,Hybrid,19506,2000,Basic,1264.29,2000,14,1,649,86802,2,0
3272,44,Female,Single,Bachelor,Unemployed,Rural,25,1,1,2008,16,Honda,Coupe,Hybrid,31515,2000,Comprehensive,1373.06,1000,8,1,833,80368,3,1
3273,51,Male,Married,Bachelor,Student,Urban,30,3,2,2023,1,Chevrolet,Pickup,Hybrid,20916,1500,Comprehensive,2497.69,500,10,1,361,133089,3,1
3274,45,Male,Single,Master,Student,Urban,24,1,0,2005,19,Honda,Hatchback,Electric,17308,1000,Basic,991.1,2000,14,0,479,182736,0,0
3275,58,Female,Widowed,Bachelor,Employed,Rural,36,0,0,2023,1,Mercedes,Coupe,Diesel,26121,1500,Comprehensive,2118.32,250,2,1,816,29560,3,1
3276,23,Female,Married,High School,Unemployed,Urban,1,3,0,2014,10,Audi,SUV,Petrol,8676,1800,Standard,2306.89,1000,12,1,529,18150,2,1
3277,48,Male,Widowed,Bachelor,Unemployed,Urban,30,0,0,2014,10,Hyundai,Pickup,Diesel,10974,2000,Standard,1078.09,250,12,1,531,128278,0,0
3278,50,Male,Divorced,Master,Employed,Rural,28,4,0,2010,14,Honda,Pickup,Hybrid,10961,2000,Comprehensive,1478.97,500,10,0,532,192440,0,0
3279,48,Male,Divorced,Master,Student,Urban,25,0,0,2014,10,BMW,Sedan,Hybrid,17922,2000,Comprehensive,2085.05,1500,8,1,305,18376,0,0
3280,63,Female,Widowed,PhD,Student,Rural,41,2,0,2016,8,Audi,Pickup,Petrol,19540,3500,Basic,1038.94,250,9,1,786,115300,1,1
3281,61,Female,Widowed,Bachelor,Self-Employed,Rural,41,1,0,2006,18,BMW,Minivan,Petrol,31414,2000,Standard,2005.76,500,8,0,361,90124,2,1
3282,42,Male,Widowed,High School,Employed,Rural,21,0,0,2023,1,Chevrolet,Hatchback,Diesel,10273,2500,Standard,1667.35,1500,7,1,754,94768,3,1
3283,30,Male,Single,PhD,Self-Employed,Rural,7,4,2,2018,6,Nissan,Hatchback,Diesel,33510,2500,Standard,2674.22,500,15,0,747,36503,2,1
3284,38,Female,Widowed,Master,Student,Urban,17,0,0,2022,2,Honda,Minivan,Electric,27088,1200,Standard,2609.46,1500,3,0,821,24658,0,0
3285,49,Male,Divorced,PhD,Employed,Rural,28,0,0,2018,6,Mercedes,Sedan,Petrol,13610,3000,Basic,990.07,2000,10,0,454,168622,2,0
3286,75,Male,Married,Bachelor,Unemployed,Urban,52,1,1,2024,0,Nissan,Sedan,Petrol,11962,2000,Standard,707.37,250,10,1,801,79085,2,0
3287,42,Female,Divorced,High School,Unemployed,Suburban,22,0,2,2019,5,Toyota,SUV,Diesel,20760,1500,Comprehensive,531.71,500,9,0,753,191713,1,1
3288,18,Male,Married,PhD,Employed,Urban,0,0,2,2020,4,Honda,Hatchback,Petrol,7715,3000,Comprehensive,2126.99,2000,9,0,799,28747,0,0
3289,28,Female,Single,Bachelor,Student,Urban,8,2,0,2016,8,Hyundai,Pickup,Hybrid,19296,2000,Comprehensive,967.67,1000,1,0,433,145230,1,0
3290,72,Female,Married,PhD,Student,Suburban,50,0,2,2024,0,Ford,SUV,Hybrid,26962,2500,Basic,524.34,2000,3,1,684,136454,1,1
3291,58,Female,Married,Bachelor,Student,Urban,35,0,0,2008,16,Chevrolet,Sedan,Hybrid,34801,1200,Standard,442.73,250,8,0,508,193385,4,0
3292,31,Female,Married,Master,Self-Employed,Rural,13,0,2,2015,9,BMW,Minivan,Electric,15310,1500,Basic,2015.91,1500,3,1,578,182656,3,0
3293,30,Female,Married,High School,Employed,Suburban,8,0,2,2010,14,BMW,Pickup,Diesel,17031,2000,Comprehensive,2664.07,2000,7,1,629,17181,1,1
3294,23,Female,Divorced,Master,Unemployed,Suburban,3,0,0,2005,19,BMW,Hatchback,Electric,17123,1800,Comprehensive,2129.26,250,7,1,330,108191,1,0
3295,66,Female,Widowed,Bachelor,Employed,Urban,45,0,1,2013,11,BMW,Coupe,Petrol,5798,3000,Standard,2935.51,2000,10,0,805,153835,0,0
3296,33,Female,Single,High School,Unemployed,Rural,11,1,0,2021,3,Chevrolet,SUV,Petrol,23889,1200,Standard,834.43,250,12,0,742,101631,0,0
3297,19,Female,Widowed,Bachelor,Employed,Suburban,0,0,2,2006,18,Toyota,Coupe,Diesel,15824,1800,Basic,1608.98,250,15,0,310,28791,2,1
3298,60,Female,Single,High School,Unemployed,Suburban,38,1,2,2006,18,Hyundai,SUV,Electric,9735,1500,Standard,1234.66,1000,15,0,501,82549,2,0
3299,31,Male,Single,Bachelor,Retired,Urban,13,0,1,2011,13,BMW,Minivan,Petrol,12144,1500,Basic,944.99,500,8,1,315,81914,3,0
3300,48,Female,Divorced,PhD,Self-Employed,Urban,26,1,1,2008,16,Toyota,Minivan,Hybrid,34799,2000,Comprehensive,336.01,2000,8,1,689,140957,2,1
3301,30,Female,Married,Bachelor,Retired,Rural,9,0,0,2006,18,Honda,Minivan,Petrol,21627,2000,Comprehensive,423.93,500,12,1,385,68636,1,0
3302,38,Male,Widowed,High School,Retired,Urban,19,0,1,2016,8,Honda,Sedan,Hybrid,12743,2000,Comprehensive,2082.75,1500,9,1,662,193372,3,0
3303,33,Female,Married,Master,Self-Employed,Urban,14,0,1,2018,6,Toyota,SUV,Hybrid,32381,1500,Basic,1383.93,2000,10,0,761,50378,2,0
3304,26,Male,Divorced,High School,Employed,Rural,3,0,0,2007,17,Toyota,SUV,Diesel,24837,2000,Comprehensive,1014.13,250,10,1,660,124574,1,0
3305,54,Female,Widowed,Master,Retired,Rural,31,3,1,2019,5,Honda,SUV,Petrol,12281,1200,Comprehensive,691.68,2000,5,1,477,58693,0,1
3306,31,Male,Single,Bachelor,Self-Employed,Urban,13,1,0,2010,14,Audi,Hatchback,Hybrid,5047,1200,Basic,1909.83,250,10,1,815,143547,2,1
3307,46,Female,Married,High School,Employed,Rural,27,0,0,2011,13,Honda,Coupe,Hybrid,5231,1800,Basic,901.59,250,5,0,839,140792,0,0
3308,72,Male,Single,Master,Self-Employed,Suburban,50,0,3,2018,6,BMW,Sedan,Petrol,29107,1800,Standard,1331.27,500,15,0,633,50959,1,1
3309,42,Female,Divorced,None,Unemployed,Urban,23,3,0,2009,15,Toyota,SUV,Hybrid,16876,2000,Comprehensive,2852.64,250,13,1,554,33331,3,1
3310,51,Female,Divorced,Bachelor,Unemployed,Suburban,32,1,0,2019,5,Honda,Coupe,Electric,34088,3500,Basic,1746.35,1000,1,1,721,191454,0,1
3311,67,Female,Married,High School,Self-Employed,Urban,49,2,1,2017,7,Mercedes,Coupe,Electric,28235,1200,Standard,1250.28,1500,5,1,332,64360,3,1
3312,47,Male,Married,None,Retired,Rural,29,1,1,2022,2,Nissan,Coupe,Electric,10395,2000,Comprehensive,2599.52,2000,5,0,438,33114,1,0
3313,20,Female,Single,Bachelor,Retired,Rural,0,0,1,2017,7,Ford,SUV,Electric,27447,1500,Basic,2882.14,1000,6,1,424,110664,2,0
3314,26,Male,Divorced,Master,Employed,Suburban,7,0,3,2022,2,Mercedes,Pickup,Diesel,20308,1000,Standard,1863.48,1000,15,1,686,40854,1,0
3315,43,Male,Widowed,None,Retired,Suburban,22,1,0,2020,4,Mercedes,Sedan,Petrol,27400,1200,Basic,714.42,2000,8,0,323,132306,2,1
3316,36,Male,Married,Bachelor,Self-Employed,Suburban,13,1,0,2024,0,Nissan,Sedan,Petrol,30346,1800,Basic,1068.51,1000,9,1,696,194984,4,0
3317,22,Male,Married,Master,Self-Employed,Urban,0,0,3,2018,6,Audi,Sedan,Diesel,30774,1800,Comprehensive,623.55,500,12,1,447,195238,0,1
3318,72,Male,Married,None,Student,Suburban,52,0,0,2016,8,Audi,Hatchback,Hybrid,12344,1800,Standard,2524.01,2000,6,1,755,43800,3,0
3319,67,Female,Married,Master,Unemployed,Urban,45,1,0,2018,6,BMW,SUV,Hybrid,25628,1800,Standard,1006.63,1500,3,1,753,70495,0,1
3320,32,Female,Single,Master,Unemployed,Urban,11,0,0,2017,7,Ford,Sedan,Diesel,27032,1800,Comprehensive,377.98,1000,11,1,718,62608,2,1
3321,67,Male,Divorced,Master,Unemployed,Rural,49,1,0,2007,17,Mercedes,Minivan,Petrol,13833,1200,Standard,1705.65,1000,14,1,650,194611,3,1
3322,52,Male,Divorced,High School,Employed,Rural,29,0,1,2023,1,Ford,Sedan,Electric,7267,1000,Standard,2171.66,250,6,1,440,157448,0,0
3323,27,Male,Divorced,Bachelor,Student,Urban,6,0,0,2007,17,Mercedes,Coupe,Hybrid,17978,1500,Basic,1368.28,2000,2,1,347,76487,3,1
3324,32,Female,Single,PhD,Student,Rural,9,4,0,2007,17,Honda,Pickup,Petrol,6180,1500,Standard,1148.41,2000,7,0,324,39795,0,1
3325,28,Male,Divorced,High School,Self-Employed,Suburban,10,1,1,2011,13,Honda,Hatchback,Diesel,8838,1200,Comprehensive,2501.81,2000,14,1,425,138789,4,0
3326,64,Male,Divorced,PhD,Employed,Suburban,43,0,1,2017,7,Mercedes,Minivan,Hybrid,25825,2000,Comprehensive,348.1,1000,7,1,305,123703,4,1
3327,42,Female,Divorced,None,Self-Employed,Rural,19,2,1,2020,4,Honda,Sedan,Diesel,34987,2000,Basic,1247,1000,4,0,538,78866,4,1
3328,49,Male,Widowed,Master,Retired,Suburban,28,2,1,2011,13,Audi,Minivan,Petrol,14145,2500,Standard,1939.12,250,1,0,340,69976,0,0
3329,56,Male,Widowed,High School,Unemployed,Suburban,33,0,1,2017,7,Chevrolet,Sedan,Hybrid,13433,1500,Basic,1913.3,250,12,1,792,130372,1,0
3330,23,Female,Single,PhD,Unemployed,Rural,4,0,0,2014,10,Ford,Coupe,Hybrid,12041,1500,Standard,1058.14,2000,9,1,409,131185,1,1
3331,33,Male,Divorced,None,Self-Employed,Rural,14,1,0,2009,15,Volkswagen,SUV,Hybrid,11737,1500,Basic,2973.99,1500,13,0,807,140506,2,0
3332,20,Female,Married,None,Employed,Urban,2,0,0,2015,9,Audi,Minivan,Electric,5915,1800,Standard,635.94,250,11,1,826,127458,2,1
3333,56,Male,Widowed,Bachelor,Self-Employed,Rural,37,1,0,2010,14,Toyota,Sedan,Petrol,8819,1500,Comprehensive,1719.2,500,2,1,657,20950,2,0
3334,50,Female,Widowed,None,Self-Employed,Rural,28,2,0,2017,7,Mercedes,Pickup,Petrol,25604,3500,Comprehensive,605.03,2000,7,0,526,76333,2,1
3335,27,Male,Married,Bachelor,Self-Employed,Suburban,8,0,0,2020,4,Ford,Pickup,Petrol,15918,1800,Comprehensive,1155.85,250,9,1,455,27137,1,0
3336,73,Female,Widowed,PhD,Student,Rural,52,0,2,2020,4,Honda,SUV,Petrol,21789,2000,Comprehensive,869.45,1500,3,0,340,117712,2,1
3337,45,Female,Divorced,PhD,Retired,Rural,23,1,5,2017,7,Chevrolet,Minivan,Petrol,19140,2000,Comprehensive,2192.59,1500,15,1,308,15631,0,1
3338,37,Male,Divorced,Bachelor,Unemployed,Rural,19,0,2,2007,17,Hyundai,Sedan,Petrol,29644,1500,Comprehensive,866.99,500,5,1,600,63221,1,1
3339,22,Female,Divorced,Bachelor,Student,Suburban,4,0,1,2011,13,Ford,Hatchback,Hybrid,27258,1800,Basic,2906.88,1500,10,1,536,184002,3,1
3340,44,Male,Widowed,High School,Retired,Rural,25,0,3,2005,19,Mercedes,Minivan,Petrol,7259,1800,Basic,2787.2,1000,12,0,821,91274,0,1
3341,37,Female,Widowed,Master,Self-Employed,Suburban,14,0,1,2007,17,Ford,SUV,Hybrid,29860,1800,Basic,1877.54,500,14,0,405,27902,1,0
3342,53,Female,Married,High School,Employed,Urban,30,0,0,2006,18,Honda,SUV,Diesel,29009,2500,Standard,2591.57,1500,1,1,593,37170,3,0
3343,27,Female,Married,High School,Self-Employed,Suburban,5,0,1,2016,8,Hyundai,Pickup,Diesel,24464,2500,Comprehensive,1618.44,500,11,1,307,157491,1,1
3344,43,Male,Divorced,None,Unemployed,Urban,23,1,3,2012,12,Hyundai,SUV,Electric,24506,2500,Standard,1925.61,250,8,0,314,138533,0,1
3345,53,Male,Widowed,Bachelor,Student,Urban,35,0,2,2010,14,Chevrolet,Pickup,Diesel,20339,1500,Comprehensive,2439.69,250,2,1,581,158200,1,0
3346,19,Female,Married,None,Employed,Rural,0,0,1,2006,18,Ford,Hatchback,Electric,21905,1800,Basic,1174.89,1500,4,0,516,20825,0,0
3347,19,Male,Widowed,Bachelor,Retired,Suburban,1,2,0,2012,12,BMW,Minivan,Electric,30486,2000,Basic,1427.35,1500,9,1,362,124143,4,1
3348,30,Female,Single,None,Unemployed,Suburban,10,0,0,2005,19,Ford,Minivan,Petrol,31651,2000,Standard,1171,2000,15,0,510,60456,4,1
3349,68,Female,Single,Master,Self-Employed,Rural,48,2,0,2007,17,Chevrolet,Pickup,Hybrid,23484,1500,Standard,1558.41,250,1,1,487,51808,1,0
3350,20,Male,Widowed,PhD,Retired,Rural,2,0,0,2022,2,Audi,Sedan,Diesel,11527,2500,Basic,1403.68,250,12,1,587,142088,0,0
3351,66,Male,Widowed,PhD,Employed,Rural,46,0,0,2015,9,Ford,Pickup,Diesel,23927,2500,Comprehensive,965.11,250,12,0,463,100273,2,0
3352,26,Male,Widowed,High School,Employed,Suburban,7,1,1,2013,11,Hyundai,Sedan,Hybrid,24932,3000,Basic,880.95,250,4,1,330,156876,2,0
3353,51,Female,Married,High School,Retired,Rural,33,2,0,2019,5,Mercedes,SUV,Diesel,24846,2000,Basic,2614.02,250,11,1,660,87721,1,1
3354,44,Male,Single,None,Retired,Urban,21,1,1,2021,3,Volkswagen,Sedan,Hybrid,10144,1500,Comprehensive,813.06,500,13,0,451,28160,3,0
3355,29,Male,Single,Master,Self-Employed,Rural,9,0,0,2008,16,BMW,Hatchback,Hybrid,21858,1500,Standard,2809.25,500,14,0,448,113883,1,0
3356,31,Male,Single,High School,Unemployed,Suburban,12,0,0,2006,18,Ford,Hatchback,Electric,7156,1500,Comprehensive,2340.81,2000,10,1,476,174635,0,0
3357,60,Female,Divorced,None,Student,Suburban,42,0,0,2015,9,Volkswagen,SUV,Petrol,16664,1500,Basic,1609.51,1000,3,0,708,164337,4,0
3358,40,Female,Divorced,None,Retired,Urban,17,1,0,2015,9,Mercedes,Coupe,Petrol,19246,1500,Comprehensive,2632.7,2000,12,0,450,93833,0,0
3359,51,Female,Widowed,PhD,Employed,Rural,33,2,2,2019,5,Toyota,Sedan,Hybrid,13828,1800,Comprehensive,1939.46,250,1,1,393,159285,0,0
3360,30,Male,Divorced,Master,Student,Suburban,9,2,0,2008,16,Volkswagen,SUV,Electric,25296,2500,Basic,1989.75,1000,5,1,329,133118,1,1
3361,75,Male,Divorced,Master,Unemployed,Urban,53,0,0,2016,8,Honda,Hatchback,Diesel,15456,3000,Comprehensive,356.83,1000,3,0,416,57328,0,1
3362,48,Male,Widowed,High School,Employed,Urban,28,0,3,2010,14,BMW,SUV,Petrol,29856,1500,Comprehensive,2744.2,1000,13,0,799,169219,0,0
3363,32,Female,Married,High School,Student,Urban,9,0,0,2005,19,Audi,Sedan,Diesel,28451,1500,Comprehensive,1027.23,250,11,0,523,75985,4,1
3364,42,Male,Divorced,PhD,Self-Employed,Rural,24,1,0,2007,17,Hyundai,Minivan,Hybrid,21043,2500,Standard,2145.86,500,9,1,667,154450,0,1
3365,24,Female,Single,None,Employed,Urban,6,4,1,2021,3,Chevrolet,Coupe,Electric,10165,1500,Comprehensive,2798.4,250,12,1,601,144257,1,1
3366,60,Female,Married,Bachelor,Self-Employed,Rural,38,0,2,2007,17,Ford,Coupe,Petrol,24941,3500,Comprehensive,2998.45,1500,8,0,382,165832,3,0
3367,71,Female,Widowed,High School,Student,Rural,51,0,1,2022,2,Chevrolet,Pickup,Hybrid,9026,1200,Comprehensive,1516.3,1000,12,1,618,43406,1,0
3368,46,Female,Married,PhD,Retired,Rural,24,0,3,2007,17,BMW,SUV,Petrol,21572,3500,Basic,2893.48,2000,11,1,660,146601,0,1
3369,30,Female,Married,PhD,Retired,Urban,9,0,1,2014,10,Audi,Sedan,Diesel,8526,1000,Standard,2790.94,1000,3,1,618,29517,4,0
3370,45,Female,Divorced,Master,Self-Employed,Urban,22,0,0,2021,3,Ford,Pickup,Electric,8250,1200,Comprehensive,989.21,500,10,0,715,73745,0,1
3371,20,Female,Single,High School,Self-Employed,Rural,0,2,3,2007,17,Ford,SUV,Diesel,19420,2000,Standard,566.87,2000,5,0,655,197988,0,0
3372,52,Female,Divorced,Bachelor,Self-Employed,Urban,34,1,1,2007,17,BMW,SUV,Hybrid,16490,1800,Basic,1086.63,250,10,1,420,155362,0,0
3373,41,Female,Married,PhD,Self-Employed,Rural,20,3,0,2008,16,Nissan,Pickup,Diesel,8800,1800,Comprehensive,2661.14,1000,3,1,742,91190,0,0
3374,34,Female,Divorced,High School,Unemployed,Urban,13,0,1,2016,8,Nissan,Pickup,Diesel,19762,2000,Standard,734.01,2000,1,0,529,177515,3,0
3375,20,Male,Single,High School,Employed,Urban,0,0,0,2020,4,Nissan,Minivan,Hybrid,12542,1800,Comprehensive,433.09,500,2,1,303,48660,0,0
3376,54,Female,Single,High School,Student,Rural,35,3,0,2023,1,Hyundai,Coupe,Petrol,6697,2500,Standard,1592.5,2000,7,1,744,143491,3,0
3377,22,Female,Widowed,High School,Student,Suburban,0,0,1,2021,3,Nissan,Minivan,Electric,30766,2000,Standard,1017.62,500,5,1,359,86451,2,0
3378,50,Female,Divorced,Master,Self-Employed,Rural,29,1,5,2014,10,Hyundai,Sedan,Diesel,18660,1500,Basic,1632.35,1500,7,1,543,43464,1,1
3379,23,Female,Married,Bachelor,Employed,Urban,4,0,1,2008,16,Nissan,Pickup,Electric,5782,2500,Standard,879.41,1000,9,1,726,195403,2,0
3380,22,Male,Divorced,Master,Student,Rural,0,2,0,2012,12,Mercedes,SUV,Electric,10989,1500,Comprehensive,798.99,2000,11,1,311,19311,1,1
3381,43,Male,Widowed,Bachelor,Retired,Rural,22,0,0,2007,17,Mercedes,Sedan,Electric,28831,1800,Standard,718.38,250,6,1,778,45619,3,1
3382,26,Female,Divorced,PhD,Self-Employed,Urban,3,0,0,2018,6,Honda,Sedan,Diesel,19245,1800,Standard,2822.52,2000,12,1,590,156457,0,0
3383,30,Male,Divorced,Bachelor,Self-Employed,Suburban,8,1,1,2024,0,Volkswagen,SUV,Diesel,26823,2000,Standard,1356.46,1500,5,0,702,175120,2,1
3384,45,Male,Married,None,Student,Rural,27,1,0,2015,9,Honda,Minivan,Petrol,14512,1200,Basic,1165.14,2000,5,1,683,150759,4,0
3385,30,Male,Divorced,PhD,Employed,Suburban,9,0,1,2011,13,Nissan,Hatchback,Electric,5720,1800,Standard,2301.11,1500,3,1,763,55400,2,0
3386,26,Female,Widowed,High School,Retired,Urban,8,3,1,2017,7,Mercedes,Sedan,Hybrid,24710,1800,Standard,937.05,250,9,1,760,105062,0,0
3387,28,Male,Widowed,Master,Self-Employed,Rural,10,1,3,2008,16,Nissan,Sedan,Diesel,30348,2000,Comprehensive,1931.52,1000,11,1,436,36968,2,0
3388,59,Male,Single,Master,Unemployed,Suburban,38,0,0,2008,16,Chevrolet,Coupe,Electric,9833,1800,Standard,2750.89,250,2,1,778,21814,3,0
3389,21,Female,Married,Bachelor,Student,Urban,0,0,1,2017,7,BMW,Coupe,Hybrid,29071,1500,Basic,2709.7,500,7,1,740,63193,2,0
3390,54,Male,Divorced,Master,Retired,Urban,36,1,2,2010,14,Volkswagen,Pickup,Petrol,11118,3500,Comprehensive,2415.66,1000,1,1,806,123721,3,0
3391,60,Male,Single,PhD,Self-Employed,Suburban,40,0,0,2020,4,Audi,Pickup,Electric,6946,2000,Standard,2429.91,1500,9,1,691,85719,0,0
3392,62,Male,Divorced,Master,Unemployed,Urban,43,0,2,2017,7,Audi,Hatchback,Electric,18321,1800,Basic,638.68,250,11,1,732,86945,1,1
3393,49,Female,Divorced,None,Student,Urban,26,1,0,2009,15,BMW,SUV,Electric,26594,1200,Basic,1773.46,500,5,0,781,21143,0,1
3394,57,Female,Divorced,PhD,Retired,Urban,35,0,1,2008,16,BMW,Coupe,Electric,17445,1800,Comprehensive,922.78,500,8,1,706,38115,1,1
3395,51,Male,Single,PhD,Self-Employed,Urban,31,0,2,2020,4,Mercedes,Coupe,Petrol,33212,1500,Basic,784.9,1500,11,0,686,74475,2,1
3396,51,Female,Divorced,Master,Self-Employed,Urban,30,0,1,2012,12,Audi,Minivan,Hybrid,6743,1000,Standard,1778.83,1000,10,0,646,16720,1,0
3397,47,Male,Married,None,Self-Employed,Urban,26,0,0,2014,10,Nissan,Pickup,Electric,19770,1800,Comprehensive,2918.9,250,1,0,490,30887,0,1
3398,32,Male,Single,Master,Unemployed,Rural,9,2,1,2014,10,BMW,Sedan,Diesel,13516,2000,Standard,975.6,250,14,1,306,93832,0,0
3399,73,Female,Single,High School,Unemployed,Suburban,51,0,3,2012,12,Volkswagen,Sedan,Hybrid,27868,2500,Basic,1013.78,1000,13,0,506,24548,0,1
3400,41,Male,Married,PhD,Unemployed,Urban,19,0,0,2008,16,Volkswagen,Pickup,Petrol,18716,3500,Comprehensive,2672.97,1500,12,0,779,102363,1,0
3401,36,Female,Married,Bachelor,Self-Employed,Suburban,17,1,0,2006,18,Ford,SUV,Diesel,14861,2500,Standard,1127.89,1500,15,1,435,144449,0,0
3402,65,Male,Married,PhD,Employed,Urban,42,0,2,2023,1,Chevrolet,Coupe,Hybrid,33415,2500,Comprehensive,2753.03,2000,8,1,402,135048,2,1
3403,57,Male,Married,PhD,Unemployed,Urban,35,0,1,2024,0,Audi,Minivan,Electric,31545,1800,Basic,654.23,500,15,1,467,46807,0,0
3404,24,Male,Divorced,PhD,Unemployed,Rural,6,0,1,2023,1,BMW,SUV,Petrol,11935,1800,Basic,2150.68,1000,10,0,520,99812,2,0
3405,26,Female,Married,PhD,Employed,Urban,6,0,0,2022,2,Hyundai,Minivan,Petrol,33644,1000,Comprehensive,318.28,250,7,1,342,85074,0,0
3406,62,Female,Widowed,Bachelor,Employed,Urban,40,2,0,2024,0,Toyota,Hatchback,Diesel,32615,3000,Comprehensive,515.78,1000,11,0,371,174519,3,0
3407,28,Male,Widowed,Bachelor,Retired,Suburban,10,0,1,2007,17,Volkswagen,Pickup,Electric,26929,1000,Basic,1934.16,1000,8,1,695,153117,3,1
3408,32,Male,Divorced,Bachelor,Self-Employed,Rural,13,2,0,2012,12,Audi,SUV,Diesel,30524,1200,Standard,2201.09,1500,4,1,789,58824,2,0
3409,64,Female,Widowed,High School,Unemployed,Rural,45,1,0,2010,14,Chevrolet,Minivan,Hybrid,33088,2000,Basic,314.75,1500,12,0,558,17660,0,1
3410,20,Male,Married,Master,Retired,Urban,0,1,2,2017,7,Chevrolet,Pickup,Electric,7116,1800,Standard,2307.41,1000,13,0,460,166548,0,1
3411,38,Female,Widowed,Master,Retired,Urban,18,1,0,2007,17,Hyundai,Coupe,Petrol,12167,3000,Basic,985.73,250,4,0,468,51211,4,0
3412,68,Female,Married,PhD,Retired,Suburban,48,0,0,2023,1,Toyota,Pickup,Hybrid,23706,1500,Basic,2816.33,1000,13,1,319,117587,4,0
3413,37,Female,Widowed,Master,Employed,Suburban,16,0,1,2009,15,BMW,Sedan,Petrol,9492,1800,Basic,2837.9,1000,10,0,849,84947,3,0
3414,66,Male,Widowed,Master,Self-Employed,Rural,43,0,2,2005,19,BMW,Minivan,Hybrid,24022,2000,Standard,381.33,250,1,0,303,101238,1,0
3415,54,Female,Widowed,None,Employed,Urban,31,0,0,2024,0,Volkswagen,Hatchback,Electric,9402,3500,Basic,2554.73,250,14,1,716,194148,2,0
3416,62,Female,Widowed,None,Student,Rural,43,2,1,2015,9,Audi,Pickup,Diesel,32958,1500,Basic,647.12,500,12,0,623,48204,2,0
3417,20,Female,Widowed,None,Retired,Rural,2,0,0,2008,16,Toyota,Sedan,Petrol,29488,1500,Standard,1540.52,250,3,1,680,143512,0,0
3418,62,Female,Single,High School,Self-Employed,Urban,39,0,2,2021,3,Chevrolet,Minivan,Petrol,19477,3000,Comprehensive,2615.31,250,8,0,453,188800,3,1
3419,56,Male,Divorced,Master,Student,Urban,37,0,0,2012,12,Ford,Pickup,Petrol,7952,1800,Standard,1072.61,1500,10,0,471,30823,3,0
3420,70,Male,Married,Master,Self-Employed,Urban,50,1,1,2006,18,Volkswagen,Sedan,Electric,30231,1500,Comprehensive,2198.81,500,8,1,791,66614,0,0
3421,63,Male,Divorced,None,Retired,Suburban,40,0,0,2020,4,BMW,SUV,Petrol,25406,1200,Basic,2318.68,250,2,0,460,142353,0,0
3422,69,Male,Single,PhD,Unemployed,Suburban,46,2,0,2013,11,BMW,Hatchback,Petrol,22635,1800,Standard,2644.74,1500,11,1,680,36765,1,1
3423,43,Female,Divorced,None,Unemployed,Urban,25,1,0,2007,17,Chevrolet,Pickup,Diesel,21765,1500,Comprehensive,2066.23,250,9,1,608,17049,2,1
3424,27,Female,Married,Master,Retired,Suburban,5,1,0,2024,0,Chevrolet,SUV,Petrol,30208,2500,Comprehensive,2326.55,1000,14,1,316,15809,2,0
3425,36,Male,Single,None,Self-Employed,Urban,16,1,2,2024,0,Volkswagen,Pickup,Petrol,19606,2500,Basic,415.28,250,15,0,387,199349,0,0
3426,32,Male,Married,Bachelor,Self-Employed,Urban,12,1,0,2020,4,Mercedes,Hatchback,Diesel,31816,1800,Standard,1377.6,500,7,1,619,41173,3,1
3427,50,Male,Divorced,Master,Unemployed,Suburban,31,0,3,2024,0,Chevrolet,SUV,Electric,27613,3000,Standard,888,1500,12,0,689,197925,0,0
3428,30,Male,Single,Master,Employed,Suburban,7,0,0,2006,18,Nissan,Sedan,Hybrid,29821,2500,Standard,840.18,1000,10,1,364,110740,2,1
3429,21,Male,Married,Master,Self-Employed,Suburban,2,1,1,2015,9,Toyota,Minivan,Petrol,15460,3000,Basic,2234.78,2000,1,0,726,83951,3,0
3430,25,Female,Widowed,PhD,Unemployed,Rural,6,2,1,2013,11,Volkswagen,Minivan,Hybrid,27546,1500,Basic,2863.1,2000,7,0,840,176984,2,0
3431,50,Male,Single,Bachelor,Student,Suburban,28,1,0,2006,18,Toyota,Hatchback,Electric,19616,1500,Basic,2296.45,2000,5,1,445,162423,0,0
3432,75,Male,Married,Master,Retired,Urban,56,0,2,2024,0,Honda,Pickup,Diesel,32587,1800,Comprehensive,1538.16,500,2,0,744,176407,2,0
3433,45,Male,Married,Bachelor,Unemployed,Suburban,26,0,0,2006,18,Honda,Minivan,Diesel,14013,2500,Standard,2944.75,250,12,0,619,40380,3,0
3434,60,Female,Single,Bachelor,Student,Suburban,39,2,0,2017,7,Mercedes,Sedan,Electric,20259,2500,Standard,2525.19,500,1,1,713,92887,1,0
3435,30,Female,Divorced,Bachelor,Employed,Rural,7,0,0,2017,7,Audi,Hatchback,Petrol,15629,1500,Standard,978.79,500,2,1,313,184413,4,0
3436,20,Male,Married,High School,Student,Urban,0,0,1,2012,12,Ford,SUV,Electric,5285,2000,Comprehensive,2566.27,1000,11,0,809,92225,2,0
3437,34,Male,Widowed,Bachelor,Self-Employed,Urban,14,1,0,2020,4,Mercedes,Hatchback,Petrol,9594,1800,Basic,868.99,500,8,1,320,69262,2,1
3438,24,Female,Divorced,None,Employed,Suburban,4,3,2,2021,3,Hyundai,Hatchback,Petrol,9549,1800,Comprehensive,1445.54,500,14,0,829,193952,0,1
3439,72,Male,Widowed,PhD,Unemployed,Urban,49,0,0,2015,9,Toyota,Pickup,Hybrid,12622,3000,Basic,1778.37,2000,6,0,779,135432,1,1
3440,62,Female,Single,None,Retired,Rural,39,0,2,2011,13,Ford,Minivan,Electric,27261,2000,Basic,2960.16,500,14,1,319,118083,2,0
3441,36,Female,Married,Bachelor,Unemployed,Rural,18,0,2,2020,4,Honda,Minivan,Diesel,20510,3500,Basic,2534.02,1500,7,1,616,159676,1,0
3442,44,Female,Widowed,None,Unemployed,Urban,23,1,1,2015,9,Honda,SUV,Hybrid,30120,2500,Comprehensive,557.34,2000,12,0,731,29676,1,0
3443,32,Female,Single,Master,Retired,Suburban,12,0,0,2015,9,Mercedes,Minivan,Petrol,32424,1500,Basic,2185.55,2000,7,0,613,97587,0,0
3444,32,Male,Married,Master,Unemployed,Urban,12,1,0,2005,19,Honda,Minivan,Petrol,23910,1000,Basic,2092.96,1000,12,0,404,125011,1,1
3445,20,Male,Single,PhD,Self-Employed,Suburban,0,0,0,2009,15,Volkswagen,SUV,Electric,28230,1500,Standard,1423.92,2000,3,1,805,124491,2,0
3446,71,Female,Divorced,Master,Unemployed,Suburban,52,0,0,2008,16,Honda,Pickup,Petrol,5734,3500,Standard,1699.66,2000,7,1,769,144541,1,1
3447,26,Female,Widowed,Bachelor,Student,Suburban,6,0,0,2019,5,Audi,Hatchback,Diesel,8397,2000,Comprehensive,811.48,1500,7,1,394,39010,1,0
3448,30,Female,Married,Bachelor,Unemployed,Urban,8,0,2,2023,1,Honda,Coupe,Hybrid,25892,1800,Comprehensive,2303.17,1500,6,0,764,181393,0,1
3449,22,Female,Widowed,Bachelor,Employed,Suburban,4,4,2,2023,1,Mercedes,Pickup,Hybrid,26942,1800,Standard,2018.61,250,8,1,653,79517,2,1
3450,31,Female,Divorced,PhD,Self-Employed,Rural,9,0,0,2017,7,Chevrolet,Minivan,Diesel,28593,2500,Standard,2880.1,1000,8,1,305,104262,1,1
3451,18,Male,Widowed,High School,Retired,Suburban,0,1,0,2020,4,Nissan,Pickup,Petrol,34987,3000,Basic,1594.96,500,9,1,542,109800,1,0
3452,51,Female,Widowed,Master,Self-Employed,Rural,30,0,1,2024,0,Audi,Minivan,Petrol,25312,1500,Standard,520.38,1500,13,1,398,125811,2,0
3453,62,Female,Widowed,High School,Retired,Urban,39,1,0,2022,2,Toyota,Hatchback,Electric,11673,1500,Comprehensive,915.76,1000,12,0,301,27383,1,0
3454,20,Female,Widowed,High School,Self-Employed,Rural,0,0,3,2012,12,Toyota,Sedan,Hybrid,25862,1200,Basic,1271.04,1500,5,0,387,52076,2,1
3455,56,Female,Married,None,Employed,Urban,34,2,1,2020,4,Hyundai,SUV,Hybrid,14741,1200,Basic,2257.76,250,1,0,733,180825,3,0
3456,39,Female,Single,None,Unemployed,Rural,16,4,0,2005,19,Volkswagen,SUV,Electric,22564,1800,Comprehensive,650.63,250,14,0,446,106408,4,0
3457,45,Female,Divorced,Bachelor,Self-Employed,Urban,25,0,1,2021,3,Toyota,SUV,Petrol,10703,3000,Basic,1229.1,250,7,0,647,93036,1,1
3458,66,Female,Divorced,High School,Unemployed,Suburban,43,0,0,2007,17,BMW,Coupe,Diesel,32489,2000,Standard,480.25,1500,4,1,597,135852,1,0
3459,52,Female,Divorced,PhD,Student,Urban,34,0,1,2012,12,Mercedes,Coupe,Hybrid,20872,1500,Basic,2768.35,500,2,1,701,46643,1,1
3460,44,Female,Single,PhD,Self-Employed,Rural,25,0,0,2016,8,Nissan,Coupe,Electric,5730,1200,Basic,1880.24,2000,1,0,310,43598,0,0
3461,73,Male,Single,High School,Unemployed,Rural,55,0,0,2013,11,Nissan,Coupe,Diesel,15002,1000,Basic,1922.05,1500,11,0,763,187077,1,0
3462,22,Female,Married,None,Student,Urban,3,0,0,2016,8,Nissan,Minivan,Diesel,26798,1000,Standard,980.82,1500,11,1,512,175785,2,0
3463,48,Female,Married,Bachelor,Retired,Suburban,27,1,1,2012,12,Toyota,Hatchback,Diesel,8417,1500,Basic,1672.07,500,4,0,392,71648,2,1
3464,31,Female,Married,Bachelor,Student,Suburban,12,0,0,2007,17,Audi,Hatchback,Diesel,18455,1200,Standard,2496.87,1500,3,1,453,79797,1,0
3465,31,Male,Divorced,Master,Retired,Rural,10,1,0,2021,3,BMW,Hatchback,Hybrid,11531,3000,Standard,566.63,1500,9,0,408,138752,1,1
3466,45,Female,Divorced,Master,Employed,Suburban,25,3,0,2011,13,Hyundai,Pickup,Electric,30578,1200,Basic,1572.82,250,14,1,446,36327,2,1
3467,39,Male,Married,PhD,Employed,Rural,20,1,2,2023,1,Chevrolet,Minivan,Diesel,30809,1200,Basic,458.25,2000,14,0,751,131933,2,1
3468,67,Female,Single,None,Self-Employed,Rural,45,1,0,2019,5,Volkswagen,Coupe,Hybrid,31145,1000,Basic,2920.06,500,5,1,837,127838,0,1
3469,64,Female,Single,Master,Employed,Urban,42,0,0,2012,12,Hyundai,Sedan,Petrol,26487,1800,Standard,484.86,250,12,1,322,194620,1,0
3470,32,Female,Widowed,High School,Employed,Rural,13,0,0,2014,10,Volkswagen,Hatchback,Hybrid,9969,1200,Standard,416.76,1500,5,1,745,59000,0,0
3471,54,Male,Married,Master,Unemployed,Urban,36,0,1,2013,11,Audi,Pickup,Petrol,19465,1000,Comprehensive,646.57,1500,6,0,405,135019,0,1
3472,73,Male,Divorced,Bachelor,Unemployed,Suburban,53,2,0,2011,13,Honda,Minivan,Petrol,30090,1000,Standard,1337.28,250,15,0,750,175478,0,1
3473,40,Female,Single,None,Unemployed,Rural,20,0,2,2005,19,BMW,Coupe,Diesel,14773,1800,Basic,459.3,500,5,1,515,165500,0,0
3474,37,Male,Married,High School,Student,Suburban,15,0,0,2020,4,Audi,Sedan,Diesel,17681,2500,Standard,2098.21,2000,11,1,553,131000,2,0
3475,21,Female,Married,None,Student,Rural,0,0,1,2020,4,Ford,Coupe,Hybrid,8403,1500,Basic,2137.68,2000,14,0,635,28075,2,0
3476,35,Male,Single,High School,Self-Employed,Urban,12,0,5,2010,14,Nissan,Coupe,Diesel,24242,1200,Standard,1138.79,1500,1,1,589,80100,0,1
3477,62,Female,Divorced,Bachelor,Self-Employed,Rural,42,0,0,2024,0,Ford,SUV,Petrol,20286,1800,Comprehensive,2030.21,250,6,0,576,28797,2,0
3478,23,Female,Widowed,Bachelor,Self-Employed,Urban,2,1,0,2006,18,Chevrolet,SUV,Electric,7062,1500,Basic,1079.37,500,6,1,788,170299,0,1
3479,18,Female,Widowed,High School,Student,Suburban,0,0,0,2020,4,Nissan,Sedan,Petrol,22049,1800,Basic,2239.89,250,4,0,305,118819,0,1
3480,24,Male,Married,PhD,Self-Employed,Rural,5,1,0,2022,2,Honda,Hatchback,Hybrid,24451,1800,Standard,2844.35,500,4,1,843,146530,1,0
3481,54,Male,Divorced,PhD,Retired,Suburban,35,0,2,2012,12,BMW,Minivan,Electric,25716,2500,Basic,781.23,500,10,0,351,42131,2,0
3482,69,Female,Married,Master,Employed,Rural,49,1,2,2009,15,Ford,Sedan,Diesel,33315,1200,Standard,505.29,250,9,0,651,27923,1,0
3483,56,Male,Divorced,PhD,Employed,Rural,36,2,0,2008,16,Mercedes,Minivan,Electric,9224,2500,Comprehensive,1359.4,1500,9,0,389,141749,2,1
3484,48,Female,Divorced,Bachelor,Self-Employed,Suburban,26,3,0,2024,0,Nissan,Coupe,Hybrid,18074,2500,Comprehensive,626.3,250,1,1,704,164119,0,0
3485,38,Female,Single,High School,Retired,Urban,16,0,1,2018,6,BMW,Hatchback,Electric,8610,2000,Comprehensive,2930.58,1500,9,1,527,21863,0,0
3486,47,Female,Single,None,Student,Urban,28,1,1,2011,13,BMW,Hatchback,Petrol,22577,3000,Standard,542.47,250,3,1,566,149277,4,0
3487,42,Male,Widowed,None,Unemployed,Suburban,23,2,0,2018,6,Volkswagen,Sedan,Electric,27740,1800,Comprehensive,2275.7,500,3,0,773,86389,1,0
3488,31,Male,Divorced,PhD,Unemployed,Urban,12,1,0,2017,7,Honda,Minivan,Hybrid,28420,1500,Comprehensive,552.9,2000,10,0,322,49124,2,0
3489,63,Female,Single,Bachelor,Unemployed,Rural,41,0,0,2005,19,Toyota,Minivan,Diesel,7107,1800,Comprehensive,1153.4,2000,15,0,624,152304,0,1
3490,58,Female,Divorced,Bachelor,Employed,Suburban,37,0,1,2017,7,Toyota,SUV,Electric,29598,1500,Basic,1582.7,2000,2,0,697,169270,0,0
3491,27,Female,Married,Bachelor,Unemployed,Suburban,7,2,0,2019,5,Audi,Pickup,Electric,23217,3000,Comprehensive,2612.03,2000,6,0,484,152366,1,0
3492,51,Male,Widowed,Bachelor,Student,Urban,30,0,0,2010,14,Audi,Coupe,Hybrid,20421,1200,Basic,2512.45,1000,2,1,813,120530,2,1
3493,52,Female,Married,Master,Unemployed,Rural,31,2,1,2014,10,Honda,Coupe,Electric,14458,3000,Comprehensive,1281.66,250,8,1,474,120983,2,1
3494,52,Male,Divorced,PhD,Student,Suburban,32,2,2,2013,11,Volkswagen,Hatchback,Diesel,7135,1500,Basic,1905.69,2000,6,0,462,41944,2,0
3495,33,Male,Divorced,Bachelor,Employed,Suburban,10,0,3,2016,8,Mercedes,Coupe,Diesel,31631,1500,Comprehensive,1816.72,1500,8,0,406,144198,0,1
3496,72,Female,Widowed,Master,Student,Suburban,49,2,0,2019,5,Hyundai,Minivan,Diesel,14837,2500,Comprehensive,423.25,1500,12,1,829,113660,0,0
3497,59,Male,Divorced,PhD,Retired,Rural,36,1,2,2006,18,Toyota,Hatchback,Electric,33284,1000,Standard,2007.13,250,12,1,337,65763,0,0
3498,67,Female,Married,PhD,Self-Employed,Suburban,45,0,0,2018,6,Hyundai,Coupe,Hybrid,24733,3500,Basic,1088.43,250,15,1,702,173513,4,0
3499,63,Female,Single,Bachelor,Student,Urban,42,0,0,2011,13,Toyota,Sedan,Electric,7170,1200,Basic,2759.25,250,7,0,697,153247,0,0
3500,23,Female,Widowed,PhD,Retired,Rural,2,0,1,2015,9,Chevrolet,Hatchback,Diesel,5005,1500,Comprehensive,465.26,250,15,0,337,31425,2,1
3501,62,Female,Married,High School,Employed,Urban,40,1,2,2022,2,Nissan,Pickup,Petrol,29574,2000,Basic,1872.63,1000,3,0,453,122166,2,0
3502,32,Female,Divorced,PhD,Retired,Suburban,14,1,0,2006,18,Chevrolet,Coupe,Electric,31354,1200,Standard,2587.92,500,3,0,470,31409,4,0
3503,71,Female,Married,High School,Student,Suburban,51,3,2,2015,9,Audi,SUV,Diesel,16970,1800,Basic,2793.88,2000,13,0,781,25493,0,1
3504,48,Female,Divorced,High School,Student,Suburban,29,0,1,2023,1,Nissan,Hatchback,Electric,20723,2000,Standard,2029.46,2000,12,0,731,40655,1,0
3505,53,Male,Widowed,None,Employed,Suburban,30,0,0,2005,19,Honda,Minivan,Electric,15987,2500,Basic,332.49,250,14,0,796,64705,2,0
3506,55,Male,Single,Bachelor,Unemployed,Rural,34,1,0,2021,3,Nissan,SUV,Electric,15791,1800,Basic,1433.89,250,7,0,678,165283,0,1
3507,38,Male,Divorced,Bachelor,Student,Urban,16,0,0,2017,7,Hyundai,Coupe,Electric,26344,2000,Standard,309.84,250,12,1,459,186592,2,1
3508,39,Female,Widowed,Bachelor,Employed,Rural,20,1,1,2020,4,Ford,Minivan,Electric,8717,3500,Comprehensive,917.76,2000,11,1,549,94133,3,0
3509,20,Male,Widowed,Bachelor,Unemployed,Rural,0,0,1,2016,8,Mercedes,Hatchback,Hybrid,5398,1800,Standard,1084.04,500,9,0,459,78207,2,1
3510,46,Male,Divorced,PhD,Retired,Urban,24,0,0,2009,15,Nissan,SUV,Hybrid,16558,1800,Comprehensive,2810.63,1500,9,0,776,165767,2,1
3511,25,Male,Single,Master,Student,Rural,6,1,1,2011,13,Nissan,Pickup,Diesel,13684,1500,Standard,758.38,1500,13,0,684,54326,2,0
3512,50,Female,Single,High School,Retired,Suburban,29,0,1,2012,12,Nissan,Pickup,Petrol,17026,1000,Standard,1114.19,250,2,1,482,91893,1,1
3513,46,Male,Single,High School,Employed,Urban,28,2,0,2009,15,Chevrolet,Hatchback,Petrol,20197,2000,Comprehensive,1360.2,500,5,1,804,197789,2,0
3514,33,Female,Single,High School,Self-Employed,Rural,11,0,1,2016,8,Hyundai,Minivan,Diesel,31416,1800,Standard,2331.02,250,8,0,780,23141,0,0
3515,31,Female,Married,High School,Student,Rural,12,1,0,2005,19,Volkswagen,Coupe,Hybrid,18839,2500,Comprehensive,2328.68,1000,13,1,804,168579,0,1
3516,30,Male,Married,High School,Student,Urban,10,4,1,2019,5,Ford,Pickup,Electric,12107,1500,Comprehensive,2132.5,1500,10,0,430,146775,4,0
3517,34,Male,Divorced,Bachelor,Employed,Suburban,16,0,0,2023,1,Toyota,Hatchback,Petrol,23324,2000,Comprehensive,2604.39,1000,6,0,500,133440,3,0
3518,56,Male,Widowed,None,Self-Employed,Suburban,33,2,1,2010,14,Volkswagen,Sedan,Hybrid,17173,1200,Standard,534.53,2000,11,0,482,195156,2,1
3519,73,Male,Widowed,High School,Self-Employed,Rural,51,1,0,2009,15,BMW,Coupe,Hybrid,32230,2000,Comprehensive,2039.86,1000,2,0,449,137455,1,0
3520,18,Female,Widowed,PhD,Employed,Suburban,0,0,0,2009,15,Toyota,Pickup,Petrol,21178,1800,Basic,2833.32,1000,11,0,540,79688,0,0
3521,55,Female,Single,High School,Unemployed,Rural,34,1,5,2005,19,Hyundai,Hatchback,Diesel,11537,3500,Basic,2067.94,1500,15,0,661,132974,0,1
3522,35,Female,Widowed,PhD,Retired,Suburban,12,0,0,2019,5,Hyundai,Minivan,Petrol,23638,1500,Standard,645.41,1000,9,0,626,189449,0,0
3523,65,Male,Single,Master,Retired,Rural,45,0,2,2016,8,Toyota,Minivan,Electric,18863,3000,Standard,882.05,500,6,1,456,54502,2,0
3524,59,Male,Married,PhD,Employed,Urban,37,0,1,2014,10,Nissan,Sedan,Electric,19944,1800,Comprehensive,2524.17,2000,8,0,512,105338,0,1
3525,47,Female,Single,High School,Employed,Rural,25,0,0,2011,13,Toyota,SUV,Hybrid,18914,2500,Comprehensive,2529.86,1000,4,1,378,159204,3,0
3526,53,Female,Widowed,None,Employed,Rural,32,0,0,2017,7,Nissan,Coupe,Diesel,25839,1500,Comprehensive,2435.79,1000,2,1,404,22644,2,0
3527,33,Female,Widowed,PhD,Student,Urban,15,0,1,2005,19,Mercedes,Coupe,Petrol,22325,1200,Comprehensive,1608.02,500,14,1,584,127871,0,1
3528,41,Female,Widowed,Bachelor,Employed,Rural,23,0,2,2021,3,Mercedes,Coupe,Electric,16174,1800,Comprehensive,2046.26,500,14,0,830,41562,3,1
3529,36,Female,Widowed,PhD,Unemployed,Suburban,16,0,0,2015,9,Audi,Sedan,Petrol,8736,1500,Basic,2782.22,1500,11,0,766,188943,0,1
3530,24,Male,Married,None,Student,Suburban,6,2,0,2005,19,Volkswagen,Minivan,Petrol,20789,1500,Comprehensive,1232.05,2000,10,1,425,140406,1,1
3531,42,Female,Single,High School,Student,Urban,22,1,0,2013,11,Hyundai,Hatchback,Hybrid,25052,2000,Basic,1742.07,250,9,0,806,55592,1,1
3532,24,Female,Married,PhD,Retired,Urban,6,0,3,2006,18,Ford,Pickup,Petrol,29577,2000,Standard,2658.9,1500,6,1,707,32725,2,0
3533,41,Male,Widowed,Bachelor,Self-Employed,Rural,20,2,0,2011,13,Hyundai,Hatchback,Hybrid,20800,1800,Comprehensive,451.19,1000,3,1,311,143500,0,1
3534,31,Female,Married,None,Student,Rural,9,1,0,2008,16,Volkswagen,Pickup,Electric,23713,2000,Standard,1113.6,1000,1,0,483,66365,0,1
3535,59,Male,Divorced,Bachelor,Student,Suburban,40,2,0,2023,1,Honda,Hatchback,Hybrid,15498,1500,Comprehensive,1763.56,1500,4,1,488,21143,0,0
3536,69,Male,Divorced,Bachelor,Retired,Urban,47,2,3,2014,10,Nissan,Coupe,Petrol,5374,1500,Standard,1628.98,2000,12,1,708,48090,0,1
3537,31,Male,Single,High School,Unemployed,Urban,10,0,1,2009,15,Nissan,Coupe,Diesel,32725,1500,Basic,2529.94,1500,11,1,461,32537,2,1
3538,22,Female,Widowed,PhD,Self-Employed,Rural,4,3,0,2017,7,BMW,Coupe,Hybrid,22662,2000,Comprehensive,1905.2,500,7,0,839,88677,0,0
3539,52,Male,Married,None,Unemployed,Rural,33,3,0,2007,17,Audi,Hatchback,Hybrid,8537,1800,Basic,327.7,500,1,1,688,95897,0,1
3540,53,Female,Divorced,None,Self-Employed,Rural,31,0,2,2022,2,BMW,Minivan,Diesel,29742,1200,Comprehensive,2694.3,500,11,0,432,37724,1,0
3541,70,Male,Single,None,Self-Employed,Rural,49,2,2,2017,7,Ford,SUV,Hybrid,24320,1500,Basic,2938.37,250,14,0,817,48759,0,1
3542,44,Male,Single,Bachelor,Self-Employed,Suburban,25,1,1,2016,8,Chevrolet,Minivan,Petrol,8379,1500,Comprehensive,2681.38,1500,8,0,725,106319,0,0
3543,33,Male,Married,PhD,Student,Rural,11,0,0,2019,5,BMW,Coupe,Hybrid,19238,1500,Comprehensive,355.62,250,4,1,588,32629,3,0
3544,31,Male,Widowed,Master,Student,Suburban,12,1,0,2022,2,Ford,SUV,Petrol,32601,2000,Standard,2076.65,500,1,0,433,84007,2,1
3545,50,Male,Divorced,High School,Unemployed,Urban,27,2,0,2019,5,Ford,Sedan,Hybrid,27259,2500,Basic,2474.01,2000,1,0,577,141818,0,1
3546,47,Male,Married,High School,Unemployed,Rural,27,0,0,2005,19,Honda,Hatchback,Petrol,20196,2500,Comprehensive,1758.04,2000,9,1,435,48356,0,0
3547,44,Female,Married,PhD,Retired,Urban,21,0,0,2016,8,Ford,SUV,Electric,24286,1800,Basic,2952.64,250,14,0,342,33375,4,0
3548,43,Female,Single,Master,Employed,Suburban,23,0,3,2010,14,BMW,Minivan,Electric,11853,3500,Standard,1361.09,1500,5,1,838,187261,3,1
3549,39,Male,Married,Bachelor,Retired,Urban,19,0,1,2006,18,Honda,Hatchback,Diesel,19685,2000,Standard,1243.17,2000,13,1,334,79594,0,0
3550,41,Female,Widowed,None,Self-Employed,Rural,19,1,2,2009,15,Ford,Coupe,Petrol,24925,1500,Comprehensive,2013.02,1500,15,1,541,185001,4,1
3551,55,Female,Single,Bachelor,Self-Employed,Suburban,36,4,0,2024,0,BMW,Pickup,Hybrid,26148,3500,Standard,622.07,2000,14,1,847,27471,4,0
3552,53,Female,Single,PhD,Student,Rural,31,4,3,2013,11,Honda,Sedan,Electric,32933,3000,Standard,1616.09,500,5,0,761,86769,0,0
3553,59,Female,Divorced,Bachelor,Student,Urban,38,3,0,2019,5,Hyundai,Pickup,Electric,23255,3500,Standard,2314.94,250,5,0,722,87474,4,0
3554,32,Female,Single,PhD,Retired,Rural,14,2,1,2020,4,Toyota,Sedan,Diesel,17080,1200,Comprehensive,1800.75,500,9,0,703,26869,0,1
3555,34,Female,Single,High School,Employed,Urban,15,0,0,2009,15,Honda,Pickup,Petrol,25715,2500,Basic,701.68,2000,14,0,769,15458,2,0
3556,57,Female,Married,PhD,Self-Employed,Urban,38,1,3,2012,12,Toyota,Sedan,Diesel,31547,1500,Comprehensive,2177.12,500,2,0,574,17193,0,0
3557,26,Female,Single,PhD,Retired,Rural,4,0,0,2013,11,Audi,Minivan,Diesel,13213,1800,Standard,1944.66,500,10,0,479,136530,1,0
3558,55,Male,Divorced,Master,Employed,Rural,33,0,2,2010,14,Volkswagen,Minivan,Diesel,19981,1800,Comprehensive,1969.74,500,14,1,518,166176,2,0
3559,49,Female,Divorced,Bachelor,Student,Suburban,31,0,0,2022,2,Mercedes,Coupe,Petrol,34947,3000,Comprehensive,1229.27,1000,4,0,309,122832,3,0
3560,57,Male,Single,Bachelor,Retired,Rural,38,1,1,2010,14,Chevrolet,Coupe,Petrol,17792,2000,Standard,2922.59,1000,6,1,543,84084,2,0
3561,35,Male,Married,Bachelor,Self-Employed,Suburban,14,3,0,2010,14,Hyundai,SUV,Diesel,6052,3000,Comprehensive,1790.61,2000,11,1,522,194580,2,0
3562,58,Female,Divorced,Master,Self-Employed,Urban,38,0,0,2009,15,Toyota,Hatchback,Diesel,18551,2000,Basic,1699.55,2000,10,0,762,114261,2,0
3563,58,Female,Widowed,Bachelor,Unemployed,Suburban,38,1,0,2010,14,Ford,Sedan,Diesel,33761,2000,Standard,2378.98,2000,9,1,668,41889,0,0
3564,73,Male,Divorced,PhD,Employed,Rural,54,0,1,2012,12,Nissan,SUV,Petrol,6779,1000,Basic,888.33,250,14,0,412,31009,2,1
3565,70,Male,Single,High School,Self-Employed,Rural,48,0,0,2008,16,Mercedes,Sedan,Hybrid,21506,1800,Basic,1448.73,1000,1,0,703,61185,2,0
3566,56,Female,Divorced,Master,Self-Employed,Rural,35,0,0,2023,1,Honda,Hatchback,Electric,10207,3500,Basic,2784.36,250,6,0,441,151358,0,1
3567,51,Female,Divorced,Master,Retired,Rural,30,0,0,2009,15,Mercedes,Pickup,Hybrid,6903,1500,Basic,1917.39,2000,5,0,488,21210,3,1
3568,36,Male,Single,High School,Employed,Suburban,13,0,0,2005,19,Volkswagen,Pickup,Petrol,13337,2000,Basic,733.48,250,15,0,656,23207,2,0
3569,41,Female,Married,Bachelor,Self-Employed,Suburban,20,0,0,2022,2,Honda,SUV,Electric,10796,2000,Comprehensive,1688.06,1000,2,1,752,78177,2,0
3570,18,Female,Married,PhD,Unemployed,Rural,0,1,1,2016,8,Hyundai,Pickup,Diesel,23093,2000,Standard,1785.35,250,9,0,733,48400,2,1
3571,63,Male,Widowed,Bachelor,Retired,Urban,40,0,0,2007,17,Chevrolet,Minivan,Diesel,28016,2000,Standard,1825.22,500,10,1,612,84821,2,0
3572,39,Female,Divorced,PhD,Self-Employed,Rural,20,0,0,2005,19,Toyota,Pickup,Diesel,19066,1800,Standard,555.84,250,9,1,604,138717,1,1
3573,49,Female,Married,None,Student,Suburban,29,0,0,2024,0,Nissan,Minivan,Electric,31869,2000,Basic,1164.83,2000,9,0,614,164558,2,0
3574,40,Male,Divorced,Master,Unemployed,Urban,21,1,2,2012,12,Audi,Minivan,Electric,31304,1500,Comprehensive,825.29,500,6,0,368,94340,2,1
3575,39,Male,Widowed,Master,Self-Employed,Urban,17,2,3,2018,6,Ford,Sedan,Hybrid,30359,2000,Basic,582.15,1000,8,0,737,185461,1,1
3576,60,Female,Widowed,High School,Employed,Rural,37,3,3,2013,11,Volkswagen,Minivan,Petrol,8957,1800,Comprehensive,609.38,250,8,1,644,56824,1,1
3577,43,Male,Divorced,High School,Unemployed,Suburban,23,0,0,2022,2,Toyota,SUV,Petrol,18146,2000,Standard,1098.08,250,1,1,774,155819,1,0
3578,33,Female,Single,Bachelor,Employed,Urban,11,0,0,2019,5,Honda,Sedan,Petrol,11481,1500,Standard,2946.62,250,7,0,455,160645,2,0
3579,51,Male,Divorced,None,Retired,Rural,28,0,3,2006,18,Volkswagen,Coupe,Electric,15623,2000,Comprehensive,1898.08,250,6,0,572,62277,1,1
3580,19,Male,Widowed,High School,Retired,Urban,0,1,2,2013,11,Mercedes,SUV,Petrol,17492,1200,Basic,2961.46,500,1,0,615,191764,1,0
3581,73,Male,Married,Bachelor,Retired,Urban,51,0,1,2021,3,Nissan,Minivan,Diesel,7185,1200,Comprehensive,1396.01,2000,7,1,717,157035,0,0
3582,35,Male,Married,High School,Unemployed,Urban,14,1,0,2009,15,Honda,Pickup,Electric,9141,3000,Standard,2281.21,500,3,0,307,70489,2,1
3583,25,Female,Divorced,Bachelor,Retired,Rural,5,1,1,2023,1,Nissan,Sedan,Petrol,9665,1200,Standard,1894.05,250,15,0,490,194363,0,1
3584,75,Male,Widowed,High School,Self-Employed,Suburban,54,0,5,2010,14,Ford,Coupe,Petrol,19796,1200,Basic,2269.04,250,15,1,638,95276,0,1
3585,42,Female,Single,Master,Unemployed,Urban,23,0,2,2016,8,Volkswagen,Minivan,Diesel,5647,2000,Comprehensive,2011.42,250,4,1,627,183070,1,0
3586,46,Female,Single,Bachelor,Retired,Urban,24,0,0,2013,11,Mercedes,SUV,Petrol,27754,1500,Basic,1131.45,1500,3,0,655,36183,2,1
3587,36,Male,Divorced,None,Employed,Suburban,18,1,0,2009,15,Nissan,Hatchback,Diesel,15437,3000,Standard,2032.81,2000,7,0,547,50275,2,0
3588,44,Male,Divorced,High School,Self-Employed,Suburban,23,0,0,2024,0,Toyota,Hatchback,Electric,16712,1800,Comprehensive,1060.97,2000,4,0,315,71751,3,0
3589,56,Female,Married,High School,Student,Suburban,34,3,1,2010,14,Toyota,Coupe,Hybrid,30372,3000,Standard,1656.35,500,8,0,369,183281,0,1
3590,40,Male,Single,PhD,Self-Employed,Rural,20,0,0,2010,14,Toyota,SUV,Petrol,18827,2000,Standard,2701.51,250,13,0,810,107872,2,0
3591,60,Female,Single,None,Employed,Urban,41,4,2,2014,10,Audi,Hatchback,Hybrid,13478,2000,Basic,624.24,500,6,1,849,62598,1,1
3592,19,Female,Divorced,PhD,Student,Rural,0,0,0,2016,8,Nissan,Minivan,Electric,29957,1800,Comprehensive,2941.98,1500,11,0,418,138193,3,0
3593,58,Female,Single,Master,Self-Employed,Urban,38,0,0,2007,17,Audi,Pickup,Electric,32701,1000,Basic,2837.51,2000,6,0,791,15390,3,0
3594,36,Male,Widowed,Bachelor,Self-Employed,Rural,15,0,5,2005,19,Audi,Sedan,Diesel,26776,1500,Basic,1706.12,2000,14,0,836,194650,1,1
3595,42,Male,Widowed,PhD,Student,Urban,20,0,1,2006,18,Toyota,Coupe,Petrol,21407,2000,Standard,932.59,500,13,0,831,169984,4,0
3596,25,Female,Single,None,Student,Rural,6,0,2,2017,7,Toyota,Pickup,Petrol,19899,2000,Standard,1144.55,1000,13,0,796,182054,2,0
3597,63,Female,Widowed,None,Employed,Suburban,42,0,1,2023,1,Toyota,Minivan,Petrol,7838,2500,Comprehensive,813.1,2000,6,1,771,33764,2,0
3598,23,Male,Married,High School,Employed,Suburban,5,1,1,2014,10,Volkswagen,Pickup,Hybrid,8492,3500,Standard,2866.41,1500,10,1,503,148673,2,1
3599,23,Male,Married,Master,Self-Employed,Rural,0,0,2,2013,11,Toyota,Minivan,Petrol,16454,2000,Standard,926.6,1000,3,0,592,78149,3,0
3600,44,Female,Divorced,High School,Unemployed,Rural,22,1,3,2013,11,Toyota,SUV,Hybrid,26682,2500,Comprehensive,1005.17,500,10,0,743,147671,1,0
3601,53,Male,Married,Bachelor,Student,Urban,35,0,0,2022,2,Hyundai,Coupe,Electric,20588,1200,Basic,2560.53,1000,2,1,477,42530,2,0
3602,44,Male,Married,High School,Unemployed,Urban,21,0,1,2005,19,Chevrolet,Pickup,Petrol,9109,1500,Basic,1133.58,250,6,1,439,185022,3,0
3603,27,Female,Divorced,None,Unemployed,Suburban,4,0,3,2008,16,Nissan,Coupe,Diesel,17616,1800,Comprehensive,916.55,1500,8,1,357,147860,2,1
3604,20,Male,Married,Bachelor,Unemployed,Suburban,0,2,0,2012,12,Mercedes,Coupe,Diesel,16358,2000,Basic,1029.12,1500,7,0,791,172045,3,1
3605,56,Male,Widowed,None,Unemployed,Urban,34,0,0,2021,3,Mercedes,Pickup,Diesel,14321,1800,Standard,995.23,1000,14,1,739,66392,2,1
3606,63,Male,Single,High School,Self-Employed,Rural,45,4,1,2014,10,BMW,Coupe,Electric,9769,2000,Standard,998.26,250,2,1,668,172708,1,1
3607,26,Male,Widowed,High School,Unemployed,Urban,3,0,1,2019,5,Hyundai,Sedan,Petrol,23699,3500,Standard,311.47,500,15,0,833,153291,4,0
3608,18,Female,Widowed,Bachelor,Self-Employed,Rural,0,4,0,2024,0,Audi,Minivan,Petrol,27451,3500,Standard,707.38,1000,3,0,664,40107,0,1
3609,50,Female,Single,High School,Employed,Urban,31,2,1,2020,4,Chevrolet,Sedan,Electric,12243,1000,Standard,1258.36,1000,2,1,510,153929,2,0
3610,66,Male,Married,None,Unemployed,Rural,45,1,1,2006,18,Hyundai,Pickup,Electric,13697,2000,Comprehensive,2487.78,250,2,0,392,122344,1,0
3611,18,Male,Single,Bachelor,Unemployed,Urban,0,3,0,2012,12,Nissan,Minivan,Electric,6057,1200,Basic,1215.36,1000,1,0,501,104177,2,1
3612,21,Female,Single,Master,Retired,Urban,3,1,2,2020,4,Chevrolet,Sedan,Hybrid,24170,1800,Comprehensive,2673.02,250,2,1,806,125684,0,1
3613,64,Male,Widowed,Master,Retired,Urban,43,1,1,2017,7,Audi,Pickup,Diesel,17980,2500,Comprehensive,457.38,1500,10,0,319,95453,0,0
3614,41,Male,Single,Bachelor,Self-Employed,Suburban,23,0,0,2017,7,Volkswagen,Sedan,Petrol,10888,2500,Standard,1184.76,500,9,1,749,36087,0,0
3615,59,Female,Married,High School,Student,Urban,38,0,3,2009,15,BMW,Minivan,Petrol,6906,3000,Basic,2222.76,2000,5,1,775,108053,2,1
3616,18,Female,Married,High School,Unemployed,Urban,0,0,0,2008,16,Honda,Sedan,Electric,5667,1200,Standard,2365.63,1000,11,1,767,60208,1,0
3617,38,Female,Married,PhD,Employed,Rural,19,3,0,2016,8,Nissan,Hatchback,Diesel,14505,1200,Comprehensive,2649.91,500,9,0,821,101998,1,0
3618,28,Male,Widowed,Bachelor,Self-Employed,Rural,10,0,0,2012,12,Hyundai,Sedan,Diesel,15173,1800,Comprehensive,2263.91,1000,14,1,480,103247,4,0
3619,46,Male,Single,PhD,Self-Employed,Suburban,25,1,2,2021,3,Audi,Coupe,Diesel,6419,2000,Standard,552.41,1500,15,0,482,176245,0,0
3620,43,Female,Married,High School,Student,Rural,23,3,1,2006,18,Toyota,Pickup,Electric,7440,2000,Basic,2473.29,1500,1,0,355,31515,0,0
3621,66,Male,Divorced,None,Retired,Suburban,47,0,0,2014,10,Nissan,Hatchback,Diesel,29964,2000,Comprehensive,2788.11,250,12,0,470,103087,4,0
3622,31,Female,Widowed,None,Employed,Urban,10,1,0,2008,16,Mercedes,Sedan,Electric,29584,1800,Comprehensive,1932.09,500,14,0,362,84694,1,1
3623,55,Male,Widowed,High School,Employed,Urban,32,0,0,2020,4,Volkswagen,Minivan,Petrol,28032,2500,Comprehensive,2405.83,500,5,0,655,31333,0,0
3624,67,Female,Single,None,Retired,Rural,44,0,2,2013,11,Hyundai,SUV,Diesel,15352,1500,Comprehensive,1925.21,500,10,1,673,15803,1,1
3625,22,Male,Single,None,Student,Rural,4,0,0,2024,0,Audi,SUV,Diesel,25233,3000,Comprehensive,826.87,1500,7,0,761,56834,1,0
3626,53,Male,Divorced,Master,Retired,Rural,31,1,0,2018,6,BMW,Hatchback,Electric,31608,3000,Standard,2083.6,250,3,0,331,174578,2,0
3627,28,Female,Widowed,None,Self-Employed,Rural,7,0,1,2009,15,Nissan,Hatchback,Petrol,13813,1000,Basic,443.69,1000,14,0,589,45182,0,1
3628,66,Male,Single,Bachelor,Employed,Rural,48,1,0,2017,7,BMW,SUV,Hybrid,21871,1500,Standard,1450.4,2000,7,1,505,87307,2,1
3629,33,Male,Married,Bachelor,Employed,Rural,15,0,1,2017,7,Toyota,Hatchback,Hybrid,23715,1000,Basic,1415.13,1000,12,1,563,188522,3,0
3630,34,Female,Married,High School,Employed,Urban,13,0,1,2006,18,Hyundai,SUV,Petrol,12514,1200,Comprehensive,542.02,1000,2,1,405,23656,0,0
3631,37,Female,Widowed,Master,Student,Urban,15,1,1,2009,15,Nissan,Hatchback,Petrol,7150,3000,Comprehensive,993.21,2000,14,1,346,197563,2,0
3632,58,Female,Married,Master,Unemployed,Urban,38,3,3,2008,16,Volkswagen,SUV,Petrol,21755,1800,Basic,2745.24,1500,15,1,339,15435,1,1
3633,28,Male,Divorced,Bachelor,Unemployed,Rural,10,1,0,2015,9,Toyota,Minivan,Hybrid,28256,1800,Comprehensive,2985.16,2000,15,0,756,175964,3,0
3634,54,Male,Married,Bachelor,Employed,Urban,32,0,0,2021,3,Honda,SUV,Petrol,27616,1200,Basic,542.2,250,10,1,590,169334,1,0
3635,52,Male,Married,Master,Employed,Urban,33,2,0,2008,16,Volkswagen,Coupe,Petrol,32151,2000,Standard,874.6,250,1,1,811,22419,1,1
3636,48,Male,Married,Master,Unemployed,Rural,30,2,0,2008,16,Chevrolet,Pickup,Diesel,30648,1200,Comprehensive,2066.57,1500,9,0,361,105269,2,1
3637,44,Female,Married,High School,Unemployed,Suburban,24,0,0,2019,5,Volkswagen,Minivan,Hybrid,22687,1800,Comprehensive,2844.54,1000,15,1,425,36243,1,0
3638,42,Male,Single,Master,Self-Employed,Suburban,24,3,5,2015,9,Ford,Hatchback,Diesel,18909,3500,Comprehensive,2374.99,1500,11,1,756,122783,2,1
3639,18,Male,Widowed,None,Self-Employed,Rural,0,0,5,2013,11,Honda,SUV,Hybrid,24340,2500,Comprehensive,1444.89,250,5,1,343,70262,2,1
3640,22,Male,Single,Master,Retired,Suburban,0,2,0,2022,2,BMW,Sedan,Hybrid,21638,1500,Basic,1660.78,1000,6,1,314,194268,3,0
3641,32,Male,Single,High School,Self-Employed,Urban,13,1,2,2009,15,BMW,Coupe,Diesel,26283,1500,Basic,965.79,1500,2,0,503,161810,0,0
3642,49,Male,Widowed,None,Employed,Urban,31,1,2,2015,9,Chevrolet,SUV,Electric,34954,1200,Comprehensive,2836.2,2000,7,0,694,128619,0,0
3643,45,Female,Divorced,PhD,Employed,Urban,25,0,1,2017,7,Nissan,SUV,Electric,22265,1500,Comprehensive,1530.53,250,11,1,801,171266,2,1
3644,50,Male,Married,PhD,Unemployed,Suburban,27,0,0,2012,12,Toyota,Sedan,Hybrid,32421,2500,Comprehensive,2005.22,250,12,0,644,178535,0,0
3645,33,Male,Married,None,Retired,Rural,10,1,2,2012,12,Mercedes,Hatchback,Petrol,7475,1800,Comprehensive,508.46,250,14,1,654,39003,1,1
3646,66,Male,Married,PhD,Self-Employed,Rural,47,0,0,2022,2,BMW,Hatchback,Hybrid,32724,1000,Basic,2953.99,1000,9,0,624,53137,1,0
3647,61,Male,Married,None,Unemployed,Suburban,43,0,0,2014,10,Toyota,Coupe,Electric,32310,1800,Standard,2686.53,2000,9,0,382,181433,1,1
3648,74,Female,Widowed,High School,Retired,Suburban,54,1,1,2018,6,Honda,Coupe,Hybrid,6724,1000,Basic,2947.05,1500,6,0,450,63410,0,0
3649,41,Female,Widowed,None,Employed,Urban,20,0,0,2015,9,Audi,Coupe,Electric,17514,1800,Basic,2490.31,500,3,1,513,99225,3,0
3650,34,Male,Single,High School,Unemployed,Suburban,15,0,2,2012,12,Volkswagen,SUV,Diesel,15683,2500,Basic,1256.72,250,1,1,529,21030,2,1
3651,20,Male,Married,Master,Unemployed,Urban,0,0,0,2020,4,Volkswagen,Coupe,Petrol,20261,1200,Basic,1231.22,1000,2,1,722,167129,2,0
3652,50,Female,Widowed,High School,Self-Employed,Suburban,32,1,1,2020,4,Ford,Hatchback,Petrol,24821,2500,Comprehensive,1613.94,500,14,0,539,70347,0,0
3653,60,Female,Widowed,High School,Self-Employed,Suburban,40,0,0,2009,15,Ford,Pickup,Hybrid,8253,2000,Standard,2867.14,250,1,0,476,154960,0,0
3654,64,Female,Single,PhD,Self-Employed,Rural,42,0,1,2024,0,Nissan,SUV,Diesel,28081,2000,Basic,1821.2,2000,7,0,671,94251,0,1
3655,43,Female,Single,PhD,Employed,Rural,23,0,2,2009,15,Audi,Sedan,Petrol,21737,1800,Standard,2858.23,2000,2,1,811,194284,0,0
3656,18,Female,Married,PhD,Self-Employed,Urban,0,0,0,2010,14,Hyundai,Sedan,Electric,13005,1800,Standard,2629.51,250,3,0,623,161666,0,0
3657,27,Male,Divorced,High School,Unemployed,Suburban,7,0,0,2010,14,Toyota,Hatchback,Diesel,15083,1500,Comprehensive,1648.72,2000,8,0,758,65378,2,0
3658,75,Male,Single,High School,Unemployed,Urban,53,4,1,2010,14,Audi,SUV,Petrol,20001,1500,Comprehensive,2772.02,1500,14,0,346,76006,4,0
3659,60,Female,Divorced,High School,Retired,Suburban,39,1,3,2012,12,BMW,Pickup,Hybrid,7390,1000,Basic,2436.77,1500,11,1,727,180203,1,0
3660,56,Female,Married,Bachelor,Retired,Suburban,38,0,0,2006,18,Hyundai,Sedan,Diesel,27693,1200,Comprehensive,669.28,250,12,1,823,188457,4,1
3661,73,Male,Divorced,High School,Student,Urban,50,0,3,2016,8,Hyundai,Minivan,Diesel,17298,2500,Standard,1475.26,500,5,1,494,61766,2,0
3662,53,Male,Widowed,Bachelor,Employed,Urban,35,0,0,2010,14,Ford,Sedan,Electric,14926,1800,Basic,2034.65,250,5,1,521,93631,0,0
3663,29,Male,Widowed,None,Self-Employed,Rural,11,0,0,2013,11,BMW,SUV,Electric,20324,1800,Comprehensive,356.97,2000,13,1,593,77821,4,0
3664,42,Male,Married,Master,Retired,Rural,20,0,1,2022,2,Ford,Minivan,Hybrid,16447,1800,Standard,1294.68,2000,8,1,556,42881,4,0
3665,18,Female,Single,High School,Student,Urban,0,0,1,2008,16,Volkswagen,Coupe,Diesel,30058,1200,Basic,2112.96,1000,12,1,695,191603,0,1
3666,74,Female,Divorced,PhD,Student,Urban,55,1,0,2009,15,Mercedes,Minivan,Electric,7605,3500,Basic,2271.7,2000,7,0,444,135676,2,1
3667,39,Female,Divorced,None,Retired,Urban,17,0,0,2018,6,Hyundai,Minivan,Electric,24047,2000,Basic,1487.93,250,6,1,659,86232,2,1
3668,37,Female,Single,Master,Employed,Urban,18,0,1,2007,17,Nissan,Minivan,Electric,26698,3500,Comprehensive,1484.19,1500,9,0,376,114621,2,1
3669,62,Male,Divorced,None,Employed,Rural,41,0,1,2016,8,Chevrolet,Hatchback,Petrol,6962,1500,Comprehensive,2113.81,1500,15,0,837,189023,0,0
3670,42,Female,Married,Bachelor,Retired,Rural,24,1,1,2012,12,Mercedes,SUV,Hybrid,13815,3000,Standard,2940.36,1000,8,1,474,58061,2,1
3671,38,Female,Married,Master,Unemployed,Rural,19,1,0,2024,0,Hyundai,Minivan,Diesel,6131,1500,Basic,556.57,250,5,0,724,75394,2,0
3672,57,Female,Married,None,Unemployed,Suburban,36,1,2,2021,3,Hyundai,Pickup,Hybrid,5988,1500,Comprehensive,2900.42,1000,8,1,782,109481,2,0
3673,28,Male,Single,None,Retired,Urban,8,0,5,2013,11,Volkswagen,Minivan,Electric,10653,1800,Basic,2196.63,2000,10,0,669,151934,0,0
3674,30,Male,Widowed,PhD,Unemployed,Urban,7,2,2,2013,11,Ford,Pickup,Petrol,9633,2000,Standard,640.08,250,2,1,533,146903,0,1
3675,34,Male,Widowed,None,Retired,Rural,14,0,0,2012,12,Mercedes,SUV,Diesel,12464,1500,Standard,2313.43,1000,5,0,680,146031,2,1
3676,71,Female,Married,High School,Unemployed,Rural,53,0,0,2008,16,Toyota,Hatchback,Petrol,9722,3000,Comprehensive,2845.68,2000,15,1,345,91528,2,0
3677,26,Male,Divorced,High School,Unemployed,Urban,3,0,0,2022,2,Nissan,Hatchback,Electric,10359,1500,Standard,677.19,500,8,0,430,113765,4,1
3678,67,Female,Widowed,PhD,Employed,Suburban,49,0,0,2011,13,Toyota,Sedan,Petrol,6626,1800,Standard,2945.12,1000,3,1,567,25196,3,0
3679,31,Female,Single,None,Unemployed,Rural,9,0,1,2020,4,Volkswagen,Hatchback,Electric,19503,1800,Comprehensive,2780.19,2000,3,1,372,36832,1,0
3680,64,Male,Widowed,Master,Student,Suburban,43,1,0,2018,6,Volkswagen,SUV,Petrol,21807,1800,Comprehensive,2905.64,2000,14,1,691,157361,2,1
3681,58,Female,Divorced,High School,Student,Suburban,39,3,0,2015,9,Chevrolet,Hatchback,Electric,27684,1800,Standard,1191.19,1000,1,1,572,44470,1,0
3682,67,Male,Single,Master,Self-Employed,Urban,44,1,0,2010,14,BMW,Coupe,Petrol,33369,1200,Standard,433.63,1000,6,1,585,17234,0,0
3683,23,Male,Divorced,Bachelor,Self-Employed,Urban,0,0,1,2010,14,Toyota,Minivan,Hybrid,24973,2500,Comprehensive,1004.25,500,7,1,398,192870,2,1
3684,30,Female,Divorced,Bachelor,Unemployed,Suburban,7,3,1,2015,9,Nissan,Sedan,Diesel,27821,2000,Basic,369.31,500,12,0,794,173559,1,1
3685,69,Female,Divorced,Bachelor,Employed,Rural,51,0,0,2022,2,Toyota,Sedan,Diesel,21401,1200,Basic,1164.49,2000,4,0,551,29297,1,0
3686,25,Female,Widowed,High School,Self-Employed,Rural,7,0,0,2024,0,Toyota,Pickup,Diesel,14039,1000,Basic,1546.91,500,6,0,433,46991,3,0
3687,39,Male,Single,PhD,Employed,Rural,19,0,1,2024,0,Honda,SUV,Electric,34360,1200,Comprehensive,2408.56,1000,14,0,420,149473,3,0
3688,27,Female,Divorced,Bachelor,Unemployed,Urban,8,1,0,2018,6,Honda,SUV,Hybrid,11491,2500,Basic,1280.48,1500,11,1,669,94695,3,0
3689,65,Female,Single,None,Unemployed,Suburban,45,0,0,2008,16,Volkswagen,SUV,Electric,12298,1200,Standard,1017.98,500,12,0,761,75924,2,0
3690,21,Female,Divorced,PhD,Retired,Urban,0,0,3,2022,2,Volkswagen,Sedan,Diesel,20553,1800,Comprehensive,2341.27,1000,5,0,626,72425,4,1
3691,26,Female,Widowed,PhD,Self-Employed,Urban,3,2,1,2019,5,Nissan,Coupe,Hybrid,28796,1200,Standard,1672.74,500,13,1,648,17385,0,0
3692,23,Male,Married,Master,Retired,Rural,0,3,0,2010,14,Hyundai,SUV,Hybrid,21068,1200,Basic,2895.14,500,10,1,502,16409,0,1
3693,29,Male,Married,None,Self-Employed,Urban,9,1,3,2007,17,Toyota,Hatchback,Petrol,22839,2000,Standard,413.42,1500,13,1,428,57974,2,1
3694,55,Male,Widowed,High School,Unemployed,Rural,33,0,0,2006,18,BMW,Coupe,Petrol,8322,2000,Basic,647.06,250,4,1,322,162505,1,1
3695,54,Female,Single,Bachelor,Student,Rural,36,0,2,2021,3,Toyota,Pickup,Diesel,27761,1500,Standard,2438.98,1500,10,1,302,182427,2,1
3696,54,Male,Widowed,None,Unemployed,Urban,34,0,0,2005,19,Chevrolet,Coupe,Petrol,33848,1800,Standard,1882.96,500,6,0,361,61410,1,1
3697,21,Female,Widowed,None,Employed,Suburban,1,1,0,2013,11,BMW,Sedan,Petrol,8420,2500,Comprehensive,2669.28,1500,1,1,407,50999,2,1
3698,38,Male,Divorced,Master,Self-Employed,Rural,19,0,1,2020,4,Hyundai,Hatchback,Electric,24895,1200,Comprehensive,1784.21,1500,13,1,487,95037,2,1
3699,72,Female,Single,None,Unemployed,Suburban,51,0,2,2015,9,Mercedes,Minivan,Hybrid,12305,2500,Comprehensive,2831.18,500,11,0,385,126649,0,1
3700,56,Male,Divorced,Bachelor,Student,Urban,34,2,0,2015,9,Toyota,Pickup,Petrol,18762,1800,Basic,2890.97,500,13,0,798,44305,0,0
3701,47,Female,Married,High School,Employed,Suburban,26,0,0,2006,18,Honda,Hatchback,Diesel,31982,2000,Basic,694.5,1500,14,1,763,186433,2,0
3702,25,Male,Divorced,Master,Employed,Suburban,6,1,0,2013,11,Ford,Sedan,Petrol,24836,1500,Basic,404.94,2000,13,1,429,171926,1,0
3703,48,Female,Divorced,Bachelor,Student,Urban,25,0,0,2008,16,BMW,SUV,Electric,18616,2500,Basic,2677.89,1500,5,0,618,18557,2,0
3704,45,Male,Widowed,PhD,Self-Employed,Rural,27,0,1,2018,6,Audi,SUV,Electric,23855,2500,Basic,1544.08,1000,7,1,762,179009,2,0
3705,21,Female,Divorced,Bachelor,Employed,Suburban,1,0,0,2017,7,Mercedes,Coupe,Diesel,33942,2500,Comprehensive,2601.48,250,15,1,515,30865,0,1
3706,49,Female,Single,PhD,Student,Suburban,30,0,2,2009,15,Honda,Minivan,Diesel,20062,1200,Comprehensive,2594.93,1500,4,1,809,98168,3,0
3707,48,Female,Single,PhD,Retired,Suburban,25,0,0,2024,0,Honda,Hatchback,Hybrid,28892,2000,Standard,2974.65,1000,8,1,422,188658,0,1
3708,32,Female,Married,None,Self-Employed,Urban,10,0,1,2009,15,Ford,SUV,Electric,32892,1500,Standard,2260.46,500,2,0,459,161036,1,0
3709,62,Female,Married,Bachelor,Retired,Rural,40,1,5,2006,18,Audi,Coupe,Diesel,33467,2000,Standard,1634.48,2000,6,0,609,83221,0,0
3710,20,Male,Divorced,High School,Unemployed,Suburban,0,0,0,2005,19,Honda,Pickup,Petrol,16373,2000,Comprehensive,1880.1,2000,14,1,355,112781,0,0
3711,42,Male,Married,PhD,Employed,Suburban,21,1,2,2012,12,Chevrolet,Hatchback,Petrol,17508,1800,Comprehensive,2617.33,2000,7,1,723,110664,3,0
3712,22,Female,Widowed,Bachelor,Retired,Rural,0,0,1,2015,9,Mercedes,Pickup,Electric,12039,1800,Comprehensive,2752.96,2000,10,1,522,16068,2,0
3713,73,Male,Divorced,PhD,Student,Suburban,55,1,2,2016,8,Ford,SUV,Hybrid,29067,1200,Basic,2484.3,1500,2,0,322,101608,0,1
3714,64,Male,Single,PhD,Employed,Suburban,43,1,0,2021,3,Audi,Sedan,Petrol,33348,1200,Comprehensive,535.69,250,5,0,388,97388,1,0
3715,43,Female,Married,None,Self-Employed,Urban,21,1,2,2005,19,Mercedes,Coupe,Diesel,15467,1500,Basic,797.72,1500,1,0,715,33275,3,0
3716,27,Female,Divorced,Bachelor,Retired,Suburban,6,2,1,2020,4,Hyundai,Minivan,Diesel,18296,1500,Standard,2798.06,1500,15,1,645,51042,1,1
3717,23,Male,Widowed,None,Retired,Rural,1,2,0,2022,2,Ford,Minivan,Hybrid,12139,3000,Standard,2170.78,1000,11,1,343,100402,2,0
3718,41,Female,Single,Master,Unemployed,Rural,21,1,1,2013,11,Honda,Sedan,Petrol,5223,1800,Comprehensive,1742.44,1500,14,0,684,164699,2,1
3719,37,Female,Single,Bachelor,Student,Urban,15,0,0,2017,7,Volkswagen,Coupe,Electric,30129,3000,Comprehensive,1949.57,250,11,0,783,16119,0,1
3720,63,Male,Married,Master,Retired,Rural,42,0,0,2014,10,Audi,Minivan,Hybrid,18743,1800,Basic,454.85,500,9,1,797,80550,2,0
3721,19,Female,Married,High School,Unemployed,Rural,0,0,0,2020,4,Nissan,Coupe,Diesel,32872,1500,Standard,2153.63,250,3,0,604,27887,3,1
3722,46,Male,Widowed,Master,Employed,Suburban,26,0,2,2022,2,Nissan,Pickup,Petrol,13353,3500,Comprehensive,520.49,1500,11,0,793,198972,0,1
3723,62,Female,Widowed,None,Retired,Urban,43,1,0,2005,19,Toyota,Coupe,Electric,26955,1500,Standard,1913.27,250,14,1,645,88112,3,0
3724,34,Male,Married,Bachelor,Self-Employed,Suburban,16,0,1,2023,1,Mercedes,SUV,Electric,19529,1200,Comprehensive,1452.77,500,3,0,637,49044,2,0
3725,54,Female,Single,PhD,Employed,Rural,32,0,0,2008,16,Nissan,Coupe,Diesel,19160,1500,Comprehensive,2276.75,250,15,1,386,199305,0,0
3726,48,Male,Divorced,PhD,Self-Employed,Urban,30,1,0,2022,2,Mercedes,Sedan,Electric,11274,1000,Comprehensive,2812.84,500,11,1,720,125150,2,0
3727,61,Male,Divorced,Master,Student,Urban,39,1,0,2006,18,Volkswagen,Coupe,Electric,20755,2000,Standard,634.11,250,12,0,458,187741,2,0
3728,38,Male,Widowed,Bachelor,Retired,Suburban,20,2,1,2011,13,Hyundai,Minivan,Petrol,21324,1200,Basic,2638.57,2000,9,0,446,35330,4,0
3729,25,Female,Married,Bachelor,Student,Rural,7,0,2,2022,2,Toyota,Sedan,Petrol,30035,1200,Standard,1941.4,1000,15,0,834,182352,2,0
3730,57,Female,Single,Bachelor,Self-Employed,Suburban,36,0,0,2019,5,BMW,Pickup,Electric,8691,3500,Basic,2856.71,500,7,1,734,61046,2,0
3731,50,Female,Widowed,High School,Unemployed,Urban,31,0,0,2011,13,Audi,Coupe,Electric,11334,1800,Basic,2892.12,250,9,0,371,160458,4,0
3732,23,Female,Divorced,Bachelor,Employed,Rural,0,0,3,2005,19,Mercedes,Coupe,Hybrid,30854,2500,Comprehensive,564.84,500,1,1,372,47768,4,1
3733,39,Male,Widowed,None,Unemployed,Rural,20,0,3,2013,11,Mercedes,Hatchback,Hybrid,32953,2500,Comprehensive,1807.55,1500,15,0,384,96149,1,0
3734,49,Male,Divorced,High School,Employed,Suburban,31,0,0,2015,9,Hyundai,SUV,Diesel,30196,1200,Basic,2586.72,250,11,0,594,118036,0,0
3735,60,Male,Widowed,None,Unemployed,Rural,38,0,0,2019,5,Chevrolet,SUV,Petrol,23931,1800,Basic,1970.43,500,3,0,423,181523,4,1
3736,40,Male,Married,Master,Unemployed,Suburban,22,0,1,2008,16,Audi,SUV,Diesel,33877,2500,Standard,1508.64,250,8,1,395,149976,1,0
3737,24,Female,Widowed,Bachelor,Self-Employed,Urban,5,0,2,2008,16,Mercedes,Coupe,Hybrid,6236,2500,Standard,2976.48,2000,12,1,584,112923,1,0
3738,75,Female,Widowed,PhD,Self-Employed,Urban,52,0,1,2008,16,Audi,SUV,Diesel,11103,1200,Basic,1879.84,1500,13,0,342,27949,1,0
3739,45,Female,Single,Master,Student,Rural,24,0,1,2015,9,Volkswagen,Coupe,Petrol,30995,1000,Comprehensive,2003.43,2000,14,1,510,83999,2,1
3740,35,Female,Single,Master,Student,Urban,16,1,1,2011,13,Toyota,Hatchback,Hybrid,9981,2000,Comprehensive,1901.83,500,3,0,788,21367,2,1
3741,28,Female,Divorced,None,Self-Employed,Urban,5,1,0,2024,0,Volkswagen,Minivan,Petrol,25455,1200,Basic,322.63,1500,8,0,700,51094,2,0
3742,40,Male,Divorced,Master,Self-Employed,Rural,17,0,2,2021,3,Ford,Hatchback,Electric,31475,2000,Comprehensive,2782.63,500,12,1,770,121024,2,0
3743,41,Male,Widowed,Bachelor,Retired,Urban,23,0,0,2014,10,Honda,Pickup,Diesel,22901,2000,Comprehensive,1171.16,1000,15,0,846,162971,1,0
3744,56,Female,Divorced,Bachelor,Retired,Suburban,37,0,2,2016,8,Ford,Sedan,Electric,18457,2500,Basic,2778.29,250,1,1,655,170908,2,0
3745,65,Female,Married,Bachelor,Self-Employed,Suburban,47,0,0,2018,6,Ford,Coupe,Diesel,17316,1500,Comprehensive,1242.86,1000,12,1,665,196303,2,0
3746,32,Female,Widowed,PhD,Employed,Rural,11,0,1,2017,7,Mercedes,Sedan,Hybrid,32793,2000,Comprehensive,1990.29,1000,8,0,795,132728,4,0
3747,55,Male,Married,High School,Employed,Urban,36,0,1,2017,7,Volkswagen,SUV,Hybrid,6018,1200,Standard,2376.7,2000,8,0,366,54469,4,0
3748,44,Female,Single,PhD,Self-Employed,Rural,25,0,0,2020,4,Honda,SUV,Petrol,30647,3000,Basic,2009.07,1500,2,1,390,71733,3,0
3749,27,Female,Single,High School,Unemployed,Suburban,4,0,0,2020,4,Volkswagen,SUV,Hybrid,30176,1500,Basic,1757.3,1500,1,0,482,41629,2,0
3750,61,Female,Single,PhD,Retired,Suburban,38,0,3,2021,3,Nissan,SUV,Electric,22867,1800,Basic,831.49,250,8,1,608,193981,2,0
3751,25,Female,Married,High School,Self-Employed,Urban,5,0,5,2021,3,Nissan,Sedan,Hybrid,7793,3500,Standard,1121.82,500,9,0,704,126280,2,0
3752,50,Male,Divorced,Master,Unemployed,Rural,28,0,2,2019,5,Ford,Hatchback,Electric,13071,3500,Comprehensive,1445.64,1000,6,1,305,104337,4,0
3753,30,Male,Married,Master,Employed,Suburban,8,0,0,2005,19,Volkswagen,Coupe,Diesel,8369,2000,Comprehensive,792.48,500,15,1,335,77579,0,1
3754,57,Male,Widowed,High School,Student,Suburban,39,0,0,2016,8,Nissan,Minivan,Hybrid,10958,1200,Standard,2764.6,250,1,1,819,32732,0,0
3755,55,Male,Single,High School,Employed,Rural,32,0,1,2019,5,Audi,Coupe,Electric,7008,1500,Comprehensive,677.79,500,5,1,835,115783,1,0
3756,55,Male,Single,None,Retired,Rural,36,0,3,2015,9,Toyota,SUV,Petrol,19137,2000,Basic,1606.93,500,4,1,631,134054,4,0
3757,22,Male,Married,Master,Self-Employed,Suburban,1,1,2,2014,10,Nissan,SUV,Diesel,27019,1500,Basic,2568.22,1000,14,0,316,187818,1,0
3758,20,Male,Divorced,PhD,Self-Employed,Urban,0,0,1,2020,4,Hyundai,Minivan,Hybrid,17502,2000,Standard,1975.71,500,3,0,492,23639,2,0
3759,37,Male,Married,Bachelor,Unemployed,Rural,18,0,1,2014,10,Audi,Coupe,Petrol,18740,1800,Standard,400.08,500,15,1,441,35286,3,1
3760,63,Male,Divorced,None,Self-Employed,Rural,41,0,0,2018,6,BMW,Coupe,Diesel,17018,2500,Comprehensive,1490.89,1500,10,0,764,98386,1,0
3761,23,Male,Married,High School,Unemployed,Urban,3,1,0,2012,12,Toyota,Sedan,Petrol,6318,3000,Standard,1790.07,2000,12,0,410,81479,3,0
3762,37,Male,Divorced,None,Retired,Urban,17,1,0,2016,8,Mercedes,Pickup,Hybrid,11455,1800,Standard,827.03,2000,8,1,745,97213,2,1
3763,54,Male,Single,Bachelor,Unemployed,Suburban,31,1,1,2014,10,Toyota,Sedan,Diesel,20690,1200,Standard,2150.64,2000,15,1,661,22781,0,0
3764,61,Female,Married,Bachelor,Unemployed,Urban,40,0,0,2022,2,Hyundai,Pickup,Diesel,20346,1500,Standard,2921.8,1500,9,0,472,33939,2,0
3765,65,Female,Widowed,Bachelor,Self-Employed,Rural,44,0,0,2018,6,Nissan,SUV,Hybrid,10562,2500,Basic,1080.12,250,13,1,678,108453,3,0
3766,38,Male,Widowed,None,Self-Employed,Suburban,19,0,2,2015,9,Toyota,SUV,Petrol,15034,1200,Standard,663,2000,10,0,525,197511,3,1
3767,50,Male,Married,Master,Retired,Rural,31,1,0,2019,5,Honda,SUV,Diesel,28928,1500,Basic,2407.26,500,11,0,303,138022,4,1
3768,72,Female,Divorced,Master,Retired,Urban,52,0,1,2019,5,Mercedes,Minivan,Hybrid,6831,1500,Standard,2450.28,2000,1,0,666,137741,2,0
3769,66,Male,Divorced,Master,Unemployed,Urban,48,3,1,2021,3,Ford,SUV,Diesel,32386,3500,Comprehensive,678.95,250,6,0,471,150788,3,1
3770,33,Male,Single,High School,Unemployed,Suburban,10,0,3,2017,7,Ford,Pickup,Electric,16504,3500,Basic,1882.69,250,8,1,429,185705,0,1
3771,67,Female,Widowed,High School,Retired,Urban,48,2,0,2013,11,Audi,SUV,Petrol,27409,2500,Basic,2554.4,500,9,0,677,111503,0,0
3772,23,Female,Widowed,Bachelor,Student,Urban,4,1,1,2019,5,Chevrolet,SUV,Hybrid,5127,2000,Basic,809.42,1500,14,0,733,65819,1,0
3773,55,Male,Widowed,PhD,Employed,Urban,36,1,2,2015,9,Toyota,Coupe,Petrol,5537,1500,Standard,665.38,250,7,0,431,166113,1,1
3774,68,Male,Widowed,Master,Retired,Suburban,50,0,0,2007,17,Nissan,Sedan,Diesel,24650,1200,Comprehensive,1315.41,2000,7,0,687,62439,1,1
3775,64,Male,Married,None,Employed,Rural,44,0,1,2017,7,Chevrolet,Pickup,Hybrid,7413,1000,Comprehensive,2621.4,2000,4,0,465,17782,4,0
3776,43,Male,Divorced,PhD,Self-Employed,Urban,22,1,0,2009,15,Nissan,Hatchback,Petrol,34546,1500,Comprehensive,487.03,2000,11,0,327,177647,0,0
3777,33,Female,Widowed,PhD,Retired,Rural,15,1,0,2020,4,BMW,SUV,Hybrid,19926,1800,Standard,2401.52,2000,13,0,372,199424,1,0
3778,57,Male,Widowed,Master,Student,Suburban,34,0,1,2021,3,Hyundai,Coupe,Hybrid,27946,1500,Basic,1286.43,1000,15,1,535,73313,2,0
3779,73,Male,Married,Master,Employed,Suburban,54,1,5,2023,1,Audi,Minivan,Petrol,7620,1800,Standard,2271.54,2000,12,1,490,44569,0,0
3780,49,Female,Widowed,Master,Unemployed,Rural,28,1,0,2020,4,Audi,Pickup,Diesel,11541,1800,Basic,1683.38,250,9,0,706,194532,2,0
3781,36,Male,Single,High School,Employed,Urban,14,2,0,2008,16,Audi,SUV,Electric,25714,3000,Standard,2320.97,500,1,0,756,74716,3,0
3782,39,Male,Widowed,Master,Employed,Urban,20,1,0,2007,17,BMW,SUV,Diesel,32387,1800,Comprehensive,2701.92,250,7,1,340,29905,2,1
3783,54,Male,Divorced,High School,Self-Employed,Urban,35,1,0,2023,1,Ford,Minivan,Petrol,27951,3500,Basic,2640.36,500,11,0,509,96228,0,0
3784,54,Female,Single,None,Self-Employed,Suburban,35,0,3,2017,7,Hyundai,Sedan,Electric,28022,1800,Standard,2189.85,1000,13,1,669,125453,2,0
3785,31,Male,Widowed,Master,Retired,Suburban,12,0,0,2014,10,BMW,Hatchback,Hybrid,24383,1800,Standard,1094.34,500,3,1,508,66701,0,0
3786,56,Female,Single,Master,Self-Employed,Urban,38,1,0,2007,17,Ford,Sedan,Hybrid,28560,1000,Basic,1579.32,1500,13,1,326,161385,0,1
3787,26,Female,Single,PhD,Retired,Rural,8,1,3,2022,2,Ford,Pickup,Hybrid,24905,1800,Standard,2155.32,250,11,1,594,53017,0,0
3788,69,Female,Divorced,Bachelor,Student,Suburban,46,0,0,2020,4,Chevrolet,Coupe,Electric,9343,1500,Basic,2189.47,250,7,1,815,158279,1,0
3789,22,Female,Widowed,Master,Student,Suburban,2,2,2,2017,7,Ford,Minivan,Hybrid,25098,1800,Standard,2310.59,2000,10,1,659,37020,1,1
3790,27,Male,Widowed,Bachelor,Retired,Suburban,7,0,0,2018,6,Volkswagen,Coupe,Petrol,10333,1800,Comprehensive,1127.93,250,12,1,675,98082,0,0
3791,73,Male,Widowed,Master,Retired,Rural,53,0,5,2021,3,Ford,Sedan,Electric,19425,1000,Standard,2024.37,1000,7,0,663,120624,1,1
3792,38,Female,Divorced,Master,Self-Employed,Rural,17,1,0,2013,11,Audi,SUV,Hybrid,15017,3500,Standard,1862.13,2000,9,1,739,156801,2,1
3793,60,Female,Single,PhD,Unemployed,Suburban,42,1,0,2017,7,Ford,Coupe,Electric,23241,1000,Basic,2236.31,1000,12,0,837,125312,0,0
3794,34,Female,Widowed,None,Unemployed,Urban,12,2,1,2018,6,Chevrolet,Pickup,Hybrid,8411,1800,Basic,463.99,250,3,0,414,176916,0,1
3795,23,Female,Divorced,High School,Employed,Suburban,4,0,0,2014,10,Toyota,Sedan,Petrol,12470,1800,Basic,1118.76,500,5,0,610,73843,0,0
3796,55,Female,Single,Master,Unemployed,Urban,33,0,0,2006,18,Toyota,Pickup,Hybrid,23622,1800,Comprehensive,1657.08,1500,4,1,644,104527,1,0
3797,27,Female,Single,None,Employed,Suburban,7,4,0,2005,19,Honda,Minivan,Petrol,23756,1000,Basic,2565.22,1000,8,1,344,108060,0,1
3798,51,Male,Divorced,None,Employed,Urban,28,0,1,2010,14,Chevrolet,SUV,Electric,31434,2000,Basic,2038.7,1000,2,1,826,163447,1,0
3799,43,Female,Widowed,Bachelor,Employed,Urban,24,0,0,2016,8,Ford,Coupe,Hybrid,13680,2000,Comprehensive,1356.56,1500,8,0,345,60536,0,1
3800,42,Male,Widowed,None,Employed,Rural,19,3,2,2019,5,Toyota,Pickup,Electric,21099,1200,Basic,1226.15,500,10,0,806,136557,1,1
3801,70,Male,Widowed,PhD,Student,Rural,47,1,2,2011,13,Honda,Sedan,Diesel,14405,2000,Comprehensive,2073.43,2000,12,1,305,186022,0,1
3802,54,Female,Widowed,High School,Retired,Urban,36,0,0,2018,6,Mercedes,SUV,Diesel,7369,3500,Standard,2658.97,1000,3,0,746,78605,2,0
3803,65,Male,Single,None,Student,Suburban,42,1,0,2019,5,Nissan,Pickup,Diesel,22782,2500,Basic,1064.7,1000,8,0,694,159491,0,0
3804,60,Female,Married,PhD,Retired,Urban,39,0,1,2014,10,Toyota,Minivan,Diesel,33213,3000,Basic,1885.39,1000,8,0,338,15237,2,1
3805,41,Male,Divorced,None,Self-Employed,Suburban,19,0,1,2007,17,Mercedes,Hatchback,Petrol,18129,1500,Basic,875.16,2000,12,1,717,169197,4,0
3806,18,Male,Married,None,Retired,Rural,0,3,2,2013,11,Volkswagen,Coupe,Electric,22069,2500,Basic,2194.86,1000,15,0,457,157587,4,1
3807,58,Male,Married,Bachelor,Student,Urban,35,1,1,2015,9,Audi,Coupe,Electric,26129,1500,Basic,2874.78,1000,12,0,685,151878,2,0
3808,35,Male,Single,High School,Student,Suburban,13,0,1,2008,16,Audi,Coupe,Petrol,9942,1000,Comprehensive,2954.58,250,13,0,745,194935,3,0
3809,71,Male,Single,Master,Retired,Rural,50,0,2,2023,1,Toyota,Minivan,Diesel,24071,3500,Comprehensive,2127.95,250,12,1,338,93385,2,1
3810,73,Female,Widowed,High School,Self-Employed,Urban,51,1,1,2020,4,Hyundai,SUV,Electric,33429,1500,Comprehensive,464.75,2000,9,0,672,177970,3,0
3811,72,Female,Divorced,PhD,Self-Employed,Rural,52,0,0,2008,16,Ford,Sedan,Hybrid,25567,2000,Comprehensive,2671.37,250,10,0,790,25085,0,1
3812,58,Female,Widowed,High School,Student,Urban,38,0,0,2012,12,Volkswagen,Sedan,Diesel,28652,3500,Basic,846.3,250,2,0,781,184903,3,1
3813,24,Female,Widowed,High School,Self-Employed,Rural,4,0,1,2012,12,Hyundai,Pickup,Hybrid,24360,3000,Standard,1220.58,2000,10,0,333,29909,3,1
3814,22,Female,Widowed,PhD,Employed,Rural,3,0,0,2019,5,Nissan,SUV,Electric,5220,1800,Comprehensive,1099.47,250,2,1,347,96160,1,1
3815,73,Male,Widowed,High School,Student,Urban,54,0,0,2010,14,Mercedes,Hatchback,Diesel,12332,3000,Standard,2575.77,1000,7,1,818,58278,1,1
3816,48,Male,Widowed,Bachelor,Retired,Suburban,29,4,1,2023,1,Chevrolet,Coupe,Hybrid,22272,2000,Basic,2608.72,1000,14,1,331,114177,1,1
3817,18,Male,Divorced,Bachelor,Self-Employed,Urban,0,0,5,2021,3,Volkswagen,SUV,Hybrid,28175,1800,Comprehensive,2731.49,500,9,1,560,158780,2,0
3818,66,Male,Married,Bachelor,Employed,Urban,48,4,2,2019,5,Audi,Coupe,Petrol,9509,1500,Standard,2000.88,1000,14,0,502,107521,0,0
3819,37,Female,Divorced,PhD,Unemployed,Suburban,14,0,0,2024,0,Mercedes,Pickup,Petrol,14956,3000,Basic,2079.65,2000,6,0,727,45403,2,0
3820,35,Male,Divorced,Bachelor,Unemployed,Suburban,14,0,1,2007,17,BMW,SUV,Diesel,17303,1200,Basic,1082.27,1000,7,1,845,115368,1,0
3821,23,Female,Married,None,Retired,Rural,2,3,1,2011,13,BMW,Hatchback,Petrol,17478,1000,Standard,751.16,250,11,1,334,173344,1,1
3822,26,Female,Divorced,Master,Self-Employed,Suburban,7,0,0,2015,9,Chevrolet,Sedan,Petrol,28798,2000,Basic,1409.38,500,5,0,579,198918,4,0
3823,23,Female,Widowed,PhD,Unemployed,Rural,5,2,1,2009,15,Hyundai,Sedan,Electric,18328,1000,Standard,586.26,250,4,0,803,44630,3,0
3824,74,Female,Single,High School,Unemployed,Suburban,53,0,1,2018,6,Audi,Sedan,Hybrid,27094,2500,Comprehensive,1474.14,250,4,0,485,44990,3,0
3825,53,Female,Divorced,PhD,Student,Rural,34,0,1,2007,17,Ford,Minivan,Diesel,14267,2500,Standard,2225.46,250,10,0,702,68610,0,0
3826,20,Male,Widowed,Master,Unemployed,Rural,1,0,0,2005,19,Toyota,Coupe,Electric,17649,1500,Comprehensive,520.4,1500,10,1,625,167495,2,1
3827,75,Female,Single,Master,Unemployed,Urban,52,0,1,2009,15,Honda,SUV,Petrol,11598,2000,Basic,1797.29,500,11,1,522,127629,3,1
3828,39,Female,Widowed,Master,Student,Rural,18,0,0,2006,18,Audi,Hatchback,Diesel,10337,1800,Standard,320.25,1000,5,1,628,114852,1,1
3829,27,Female,Divorced,None,Employed,Suburban,7,0,5,2014,10,Audi,Sedan,Electric,14507,1200,Comprehensive,2575.16,1500,1,1,485,107990,3,1
3830,56,Female,Single,Bachelor,Employed,Rural,37,0,0,2013,11,Audi,Minivan,Petrol,5273,1800,Basic,2818.19,1000,3,0,383,161545,3,1
3831,28,Male,Single,PhD,Retired,Rural,7,0,1,2016,8,BMW,Hatchback,Petrol,9037,1000,Comprehensive,2883.24,1000,10,0,450,183614,1,0
3832,62,Female,Widowed,Bachelor,Unemployed,Urban,42,2,0,2014,10,Volkswagen,Hatchback,Diesel,9403,1500,Standard,1139.78,2000,10,1,563,63223,1,0
3833,75,Male,Widowed,Bachelor,Self-Employed,Rural,53,3,1,2021,3,Chevrolet,Coupe,Petrol,18147,1800,Standard,1162.08,1000,9,1,528,23395,0,1
3834,70,Female,Married,High School,Retired,Urban,47,0,1,2011,13,Volkswagen,Hatchback,Hybrid,20400,1200,Basic,1931.32,500,7,1,694,33812,4,0
3835,67,Female,Divorced,High School,Retired,Urban,47,0,0,2005,19,Ford,Coupe,Hybrid,24740,1000,Comprehensive,1681.53,1500,6,1,844,142938,0,0
3836,72,Female,Divorced,PhD,Self-Employed,Suburban,53,0,0,2012,12,Hyundai,Pickup,Electric,30600,2000,Basic,2835.63,1500,15,1,649,55379,1,0
3837,56,Female,Divorced,Master,Self-Employed,Rural,34,0,1,2007,17,Chevrolet,Minivan,Hybrid,24065,2500,Standard,2855.34,1500,14,1,811,47658,1,0
3838,30,Male,Widowed,Master,Unemployed,Urban,10,1,3,2019,5,Chevrolet,Minivan,Hybrid,17474,2500,Basic,2388.36,250,3,1,512,39888,0,1
3839,39,Male,Married,Master,Retired,Rural,19,0,1,2016,8,Ford,SUV,Electric,25616,1000,Comprehensive,528.3,2000,10,0,710,90024,0,0
3840,57,Female,Widowed,None,Retired,Suburban,36,1,0,2024,0,Ford,Minivan,Petrol,33578,1500,Basic,577.43,500,8,0,686,166725,2,0
3841,75,Male,Single,None,Employed,Rural,54,1,0,2019,5,Honda,Sedan,Hybrid,17927,2500,Standard,1509.72,500,15,0,430,160897,0,1
3842,71,Male,Widowed,None,Unemployed,Suburban,48,0,1,2018,6,Audi,Sedan,Diesel,5998,2000,Standard,1231.55,500,10,1,404,123590,2,0
3843,42,Male,Married,PhD,Employed,Urban,20,1,2,2008,16,Honda,Sedan,Hybrid,11603,2500,Standard,2630.05,1500,9,1,676,46473,0,0
3844,22,Male,Divorced,Bachelor,Unemployed,Rural,0,0,1,2022,2,Chevrolet,Minivan,Hybrid,22878,2000,Comprehensive,2283.92,250,6,1,787,170388,1,0
3845,51,Male,Widowed,None,Retired,Suburban,30,0,1,2023,1,Audi,Pickup,Hybrid,10420,2000,Basic,832.11,1500,14,0,779,149110,2,0
3846,48,Male,Single,Bachelor,Employed,Urban,27,0,0,2008,16,Nissan,Coupe,Electric,19835,1500,Basic,1535.85,2000,4,1,827,80872,2,0
3847,44,Male,Married,Master,Student,Rural,22,0,1,2022,2,Hyundai,Hatchback,Petrol,33453,3000,Basic,741.36,1500,4,0,637,48513,3,0
3848,23,Female,Single,Master,Self-Employed,Suburban,0,0,3,2023,1,Honda,Minivan,Electric,27773,1200,Standard,871.89,1000,6,0,465,158096,1,1
3849,30,Male,Single,PhD,Unemployed,Urban,12,2,1,2024,0,Nissan,Pickup,Diesel,31486,1500,Comprehensive,2302.09,1000,4,0,719,138282,3,1
3850,25,Male,Married,None,Unemployed,Rural,3,0,0,2024,0,Audi,Pickup,Hybrid,22405,1800,Comprehensive,1966.08,1500,13,0,581,66498,3,1
3851,62,Male,Widowed,PhD,Retired,Urban,43,1,0,2018,6,BMW,Pickup,Petrol,5519,2000,Comprehensive,2821.22,2000,15,1,495,68203,3,0
3852,22,Male,Single,None,Retired,Urban,2,0,1,2012,12,Hyundai,SUV,Petrol,29425,3500,Standard,1514.31,500,14,0,826,137312,0,0
3853,36,Female,Widowed,None,Retired,Rural,17,1,2,2020,4,Mercedes,Sedan,Diesel,16917,1500,Comprehensive,651.54,1000,7,0,802,149160,3,1
3854,75,Male,Married,Master,Student,Urban,57,2,2,2006,18,BMW,Coupe,Diesel,26225,2500,Basic,525.65,500,10,1,779,184273,0,1
3855,70,Female,Widowed,PhD,Self-Employed,Rural,50,0,0,2020,4,Volkswagen,Pickup,Diesel,19709,1800,Comprehensive,972.76,500,1,1,731,141866,0,0
3856,62,Female,Widowed,None,Unemployed,Suburban,43,0,0,2018,6,Mercedes,Minivan,Electric,26690,1500,Comprehensive,708.37,500,11,1,564,159030,3,0
3857,44,Female,Single,Master,Unemployed,Rural,23,2,0,2021,3,Ford,Minivan,Hybrid,21550,3000,Basic,1971.7,1000,11,1,361,168979,0,1
3858,72,Female,Widowed,Bachelor,Self-Employed,Rural,52,0,2,2021,3,Nissan,Hatchback,Diesel,34239,1000,Basic,2074.64,250,3,0,813,45073,0,0
3859,69,Female,Single,None,Unemployed,Suburban,50,0,0,2009,15,Hyundai,Pickup,Petrol,24251,1500,Comprehensive,2420.82,2000,10,0,725,104275,2,1
3860,60,Female,Widowed,High School,Employed,Rural,37,0,0,2016,8,BMW,Coupe,Hybrid,13582,2000,Standard,2172.75,1500,4,1,573,46630,0,1
3861,60,Male,Single,None,Employed,Urban,42,1,1,2006,18,Ford,Minivan,Petrol,5911,1800,Standard,2062.98,500,15,1,701,174230,0,1
3862,18,Male,Married,None,Self-Employed,Urban,0,1,0,2016,8,Hyundai,SUV,Petrol,30065,1200,Comprehensive,2838.46,250,13,0,643,49830,2,1
3863,26,Female,Divorced,PhD,Unemployed,Suburban,5,1,1,2006,18,Ford,SUV,Electric,23914,1800,Comprehensive,2131.14,1500,1,0,356,16374,0,0
3864,51,Male,Divorced,Bachelor,Retired,Urban,28,0,0,2016,8,Ford,Minivan,Diesel,29266,1500,Standard,424.89,250,10,0,729,98857,0,1
3865,61,Male,Widowed,Master,Employed,Suburban,42,0,3,2008,16,Ford,Minivan,Hybrid,14045,1000,Basic,691.19,2000,15,1,778,124477,0,1
3866,38,Female,Widowed,PhD,Student,Urban,16,0,2,2014,10,Chevrolet,Coupe,Diesel,10426,1200,Comprehensive,935.32,500,6,0,811,121073,0,1
3867,73,Female,Single,PhD,Retired,Urban,50,0,0,2009,15,Honda,Sedan,Diesel,12083,2500,Comprehensive,712,250,5,0,458,58048,2,0
3868,30,Female,Widowed,Master,Student,Suburban,10,0,0,2014,10,Toyota,Hatchback,Diesel,22423,1500,Comprehensive,2850.6,2000,4,0,657,189536,3,1
3869,67,Male,Widowed,High School,Self-Employed,Suburban,44,2,1,2016,8,Ford,Coupe,Electric,23465,2500,Basic,1080.92,1500,13,0,518,59975,0,1
3870,48,Male,Single,High School,Student,Urban,25,2,2,2017,7,BMW,Minivan,Petrol,28374,2500,Comprehensive,344.96,250,12,0,769,180869,1,1
3871,41,Female,Widowed,PhD,Employed,Urban,22,1,1,2007,17,Volkswagen,Pickup,Electric,30926,3500,Basic,713.86,250,13,0,329,129271,1,1
3872,75,Male,Divorced,None,Unemployed,Suburban,53,0,0,2017,7,Mercedes,Minivan,Hybrid,13870,1200,Standard,1437.98,250,6,1,817,183782,0,0
3873,28,Male,Married,Bachelor,Employed,Suburban,7,0,0,2014,10,Audi,Minivan,Diesel,11888,1500,Standard,1365.72,250,8,1,650,139541,4,0
3874,49,Male,Widowed,PhD,Unemployed,Rural,28,0,0,2017,7,Nissan,Minivan,Electric,34009,2500,Standard,1301.1,1500,4,1,478,74281,0,0
3875,22,Male,Single,PhD,Unemployed,Suburban,0,2,3,2013,11,Audi,Hatchback,Hybrid,26839,1500,Basic,1153.63,500,15,0,325,55365,1,1
3876,53,Male,Widowed,None,Retired,Suburban,34,0,1,2008,16,Mercedes,Minivan,Hybrid,19961,1500,Basic,2060.76,500,8,1,711,192064,4,0
3877,20,Female,Married,Master,Retired,Rural,0,2,0,2014,10,Honda,Pickup,Hybrid,13911,1800,Standard,1731.94,2000,10,1,535,162969,1,0
3878,74,Male,Single,None,Self-Employed,Urban,56,0,0,2021,3,Hyundai,Sedan,Hybrid,8431,2500,Standard,1862.96,1500,4,1,587,21082,1,1
3879,74,Male,Divorced,PhD,Unemployed,Urban,51,0,1,2020,4,Nissan,SUV,Petrol,25522,2000,Comprehensive,1863.3,2000,2,1,479,193260,0,0
3880,75,Male,Single,None,Retired,Suburban,56,0,0,2019,5,Chevrolet,Sedan,Electric,17201,2000,Basic,2770.88,500,15,1,393,155343,0,0
3881,56,Female,Married,Master,Student,Suburban,35,1,1,2005,19,Hyundai,SUV,Electric,29889,1800,Standard,1260.04,1500,5,1,635,35108,0,0
3882,40,Female,Divorced,Master,Retired,Suburban,20,3,0,2011,13,Ford,Sedan,Hybrid,23683,1200,Comprehensive,2929.92,250,2,1,563,64768,2,0
3883,22,Female,Single,PhD,Employed,Urban,0,4,1,2020,4,Ford,Sedan,Diesel,23755,1500,Standard,2140.65,1500,10,1,476,127958,0,1
3884,31,Female,Single,PhD,Retired,Suburban,12,0,1,2017,7,Honda,Minivan,Diesel,26007,1500,Comprehensive,1062.12,1500,6,1,394,136884,2,0
3885,33,Female,Married,Bachelor,Unemployed,Urban,14,0,0,2018,6,Hyundai,Coupe,Electric,19148,1500,Comprehensive,2444.2,500,8,1,812,55373,2,0
3886,59,Male,Divorced,None,Retired,Urban,38,2,1,2023,1,Honda,Coupe,Petrol,16462,3500,Comprehensive,2993.38,2000,13,1,581,143706,1,1
3887,32,Female,Married,Master,Unemployed,Rural,11,0,1,2023,1,Ford,SUV,Petrol,32399,3500,Comprehensive,2966.37,500,4,1,668,189245,4,0
3888,30,Female,Single,Master,Self-Employed,Urban,9,3,1,2016,8,BMW,Pickup,Hybrid,21780,1800,Comprehensive,716.25,250,10,0,572,179379,3,0
3889,73,Male,Divorced,Master,Student,Urban,54,0,1,2024,0,Audi,Minivan,Diesel,30818,2500,Comprehensive,2462.96,1500,12,1,469,160009,2,0
3890,50,Male,Single,PhD,Retired,Suburban,28,0,1,2021,3,Volkswagen,Pickup,Diesel,32859,1800,Comprehensive,562.11,500,2,1,368,151453,1,0
3891,71,Male,Single,High School,Employed,Urban,49,0,0,2009,15,Ford,Minivan,Petrol,24012,2000,Standard,1328.56,1500,6,0,798,111035,0,0
3892,74,Female,Widowed,High School,Self-Employed,Rural,55,0,0,2007,17,Honda,Pickup,Hybrid,11710,2500,Comprehensive,2001.77,1500,12,1,648,26480,1,0
3893,23,Female,Widowed,High School,Employed,Suburban,2,0,1,2017,7,Audi,SUV,Petrol,8682,1000,Comprehensive,2387.19,2000,12,0,764,65169,2,1
3894,44,Female,Divorced,High School,Self-Employed,Urban,21,0,0,2013,11,Chevrolet,Hatchback,Electric,9493,2500,Standard,812.93,500,14,1,544,168098,0,0
3895,18,Female,Single,Bachelor,Student,Rural,0,1,1,2008,16,Toyota,Pickup,Petrol,22219,1500,Standard,1000.76,1500,14,1,586,137760,4,1
3896,56,Male,Married,Master,Unemployed,Suburban,36,0,0,2015,9,Mercedes,Minivan,Electric,19899,2500,Basic,1631.91,2000,10,0,448,44611,1,0
3897,28,Male,Divorced,Bachelor,Unemployed,Urban,9,2,1,2006,18,Nissan,Hatchback,Hybrid,8907,1800,Comprehensive,2796.57,1500,15,1,522,149658,2,0
3898,46,Female,Married,None,Employed,Rural,24,1,0,2009,15,Chevrolet,Sedan,Electric,31560,1000,Comprehensive,2202.8,1000,7,0,655,156409,0,0
3899,41,Female,Single,PhD,Self-Employed,Urban,18,1,0,2022,2,Ford,Coupe,Petrol,7428,1800,Basic,1023.06,500,9,0,397,39362,2,1
3900,30,Female,Divorced,High School,Self-Employed,Urban,9,1,3,2017,7,Hyundai,Minivan,Electric,31200,1800,Basic,1796.39,1000,12,0,505,152816,2,0
3901,37,Male,Single,PhD,Student,Suburban,18,3,1,2009,15,Hyundai,Coupe,Petrol,33301,1800,Basic,2850.69,500,14,1,804,167577,2,1
3902,41,Female,Divorced,Bachelor,Self-Employed,Urban,21,1,1,2023,1,Nissan,Minivan,Hybrid,20167,3000,Comprehensive,1139.77,500,1,1,817,105356,4,0
3903,68,Female,Widowed,Master,Employed,Urban,50,1,1,2020,4,BMW,SUV,Hybrid,30980,3000,Comprehensive,2481.69,1000,1,0,453,129489,3,1
3904,69,Female,Married,Master,Retired,Urban,48,1,0,2018,6,Hyundai,Hatchback,Petrol,31601,2500,Comprehensive,611.79,1500,15,0,642,138185,2,1
3905,32,Male,Widowed,Bachelor,Self-Employed,Suburban,11,2,0,2015,9,Chevrolet,Coupe,Diesel,11076,2000,Comprehensive,1324.93,1000,5,1,701,100419,1,1
3906,30,Male,Single,Master,Student,Rural,11,4,0,2023,1,Mercedes,Sedan,Diesel,29515,1000,Standard,601.52,1500,14,1,808,45211,2,1
3907,59,Female,Single,None,Self-Employed,Rural,36,0,3,2008,16,Audi,SUV,Hybrid,9574,3000,Standard,2083.09,1500,6,1,477,174883,0,0
3908,29,Female,Widowed,PhD,Self-Employed,Urban,6,0,3,2023,1,BMW,Sedan,Electric,22721,2500,Basic,2144.39,250,2,1,329,150252,2,1
3909,67,Male,Widowed,Master,Unemployed,Suburban,48,0,2,2019,5,Nissan,Sedan,Diesel,11139,1500,Standard,1122.01,1000,4,0,811,62097,1,1
3910,23,Female,Divorced,PhD,Student,Rural,5,1,0,2005,19,Honda,SUV,Electric,21393,2500,Standard,607.62,250,15,1,593,94176,3,0
3911,30,Female,Single,None,Unemployed,Urban,9,1,0,2015,9,Ford,SUV,Electric,23487,1800,Basic,2149.36,1500,12,0,722,169572,2,1
3912,60,Male,Married,Bachelor,Employed,Suburban,38,0,1,2020,4,Mercedes,Coupe,Electric,21884,1000,Comprehensive,783.27,1500,7,1,450,66238,2,0
3913,31,Male,Single,Master,Student,Urban,13,0,2,2024,0,Honda,SUV,Electric,19932,1500,Comprehensive,1744.56,250,1,1,715,135436,2,0
3914,32,Male,Single,PhD,Student,Suburban,13,0,1,2005,19,Hyundai,Minivan,Electric,11652,1500,Standard,958.76,1500,6,0,442,126156,1,0
3915,65,Female,Divorced,Master,Student,Rural,45,0,2,2023,1,Audi,SUV,Hybrid,7727,1000,Comprehensive,1683.89,500,8,0,842,133748,4,0
3916,71,Male,Divorced,High School,Unemployed,Suburban,51,0,0,2016,8,Volkswagen,Minivan,Electric,26823,3500,Comprehensive,452.81,250,2,0,632,78470,2,0
3917,39,Male,Married,High School,Retired,Rural,17,1,0,2018,6,Toyota,Hatchback,Petrol,27704,2000,Standard,2870.14,250,14,1,386,170308,4,0
3918,69,Female,Married,None,Self-Employed,Rural,51,0,2,2021,3,Audi,Pickup,Petrol,8424,3500,Basic,1311.96,2000,3,0,750,189383,1,1
3919,66,Female,Widowed,Master,Student,Suburban,46,1,2,2014,10,BMW,Pickup,Diesel,10150,3000,Basic,2476.92,250,4,0,596,118937,1,0
3920,63,Male,Widowed,Bachelor,Self-Employed,Urban,42,0,0,2007,17,Mercedes,Sedan,Hybrid,11820,2500,Comprehensive,2593.55,1500,8,1,827,95452,0,0
3921,47,Female,Married,PhD,Self-Employed,Urban,29,0,2,2008,16,Honda,Hatchback,Diesel,13096,1000,Comprehensive,487.33,500,12,1,448,114598,0,0
3922,32,Female,Widowed,Bachelor,Employed,Suburban,10,1,0,2017,7,Chevrolet,SUV,Hybrid,31277,1500,Comprehensive,1864.59,2000,2,1,760,24488,0,0
3923,64,Female,Divorced,Bachelor,Unemployed,Rural,42,0,0,2007,17,Audi,Pickup,Electric,5005,1200,Basic,958.85,1500,5,0,328,72850,1,0
3924,21,Male,Single,None,Employed,Urban,2,3,1,2016,8,Toyota,SUV,Electric,34194,1500,Basic,745.79,250,14,1,592,124257,2,1
3925,40,Female,Married,PhD,Student,Suburban,20,2,0,2010,14,Honda,Coupe,Petrol,22920,2000,Standard,2698.63,1000,5,1,834,128770,0,0
3926,22,Male,Married,None,Retired,Urban,1,1,3,2008,16,Toyota,Coupe,Electric,31815,3000,Standard,775.21,1500,7,0,849,17556,0,0
3927,27,Female,Divorced,Bachelor,Retired,Urban,4,0,0,2013,11,BMW,Hatchback,Petrol,30985,1500,Basic,2675.54,1000,9,1,537,172176,2,0
3928,30,Male,Divorced,None,Self-Employed,Suburban,8,1,0,2012,12,Chevrolet,SUV,Electric,30559,3000,Standard,830.65,1500,4,1,671,181896,2,1
3929,20,Male,Widowed,Bachelor,Retired,Urban,0,0,0,2024,0,Chevrolet,Pickup,Diesel,17342,1200,Comprehensive,2367.44,1500,3,0,811,146491,0,1
3930,23,Male,Divorced,Master,Retired,Urban,0,2,1,2010,14,Mercedes,SUV,Petrol,6819,1800,Comprehensive,2223.93,2000,15,1,653,55857,2,1
3931,64,Female,Single,None,Unemployed,Urban,44,0,1,2010,14,Ford,Pickup,Diesel,16850,1500,Standard,1266.6,250,7,1,616,65197,0,0
3932,44,Female,Single,None,Student,Urban,22,1,1,2008,16,Honda,SUV,Petrol,8402,1000,Comprehensive,2428.37,250,4,0,670,183361,0,0
3933,39,Female,Married,Master,Self-Employed,Suburban,19,0,2,2022,2,Audi,Sedan,Diesel,34278,1200,Standard,775.91,1500,5,1,794,49202,3,0
3934,26,Female,Widowed,Master,Self-Employed,Rural,8,0,0,2022,2,BMW,Minivan,Hybrid,15685,1200,Comprehensive,2186.61,500,14,1,308,81794,2,0
3935,56,Male,Widowed,None,Student,Urban,35,0,2,2018,6,Audi,Pickup,Petrol,28602,1500,Standard,2197.4,1000,5,0,387,150198,0,0
3936,43,Male,Widowed,Master,Unemployed,Suburban,21,0,1,2017,7,Honda,Pickup,Petrol,30280,2500,Basic,2189.66,1500,7,0,315,169688,3,1
3937,58,Female,Widowed,Bachelor,Employed,Suburban,38,0,2,2023,1,Honda,SUV,Electric,26707,1500,Standard,1146.61,1500,5,1,801,113347,1,0
3938,37,Male,Single,None,Unemployed,Suburban,16,0,0,2006,18,Chevrolet,Sedan,Hybrid,11440,1200,Comprehensive,2950.85,1000,5,0,373,21820,0,1
3939,58,Male,Widowed,PhD,Retired,Suburban,39,0,0,2012,12,Hyundai,SUV,Electric,21797,2000,Standard,334.83,2000,6,0,832,38447,2,0
3940,67,Male,Divorced,PhD,Self-Employed,Rural,47,0,2,2010,14,Honda,Minivan,Hybrid,31856,2000,Basic,646.89,500,9,0,737,167220,1,0
3941,24,Male,Married,Bachelor,Employed,Rural,2,0,0,2010,14,Hyundai,Sedan,Hybrid,28066,1500,Basic,1017.81,1000,10,0,665,65131,2,1
3942,64,Male,Single,None,Retired,Urban,45,1,0,2020,4,Chevrolet,Hatchback,Diesel,14771,1200,Standard,2551.51,250,3,1,555,114492,2,0
3943,45,Female,Married,Bachelor,Employed,Urban,25,2,2,2024,0,BMW,Coupe,Diesel,28130,2000,Comprehensive,2639.57,1500,1,0,673,186998,0,1
3944,42,Male,Divorced,High School,Retired,Suburban,19,0,1,2006,18,BMW,Coupe,Hybrid,7022,2000,Standard,2196.05,250,3,0,434,33146,4,0
3945,21,Female,Widowed,PhD,Student,Urban,0,2,0,2023,1,Toyota,Pickup,Diesel,15003,1500,Standard,2912.34,250,15,1,301,126477,3,0
3946,21,Male,Divorced,None,Self-Employed,Suburban,0,1,0,2022,2,Ford,Minivan,Electric,6849,1500,Basic,2294.43,500,14,1,744,126127,0,0
3947,57,Female,Married,None,Student,Suburban,36,1,3,2024,0,Chevrolet,Minivan,Hybrid,14923,1500,Basic,538.24,500,6,1,800,191832,1,1
3948,47,Male,Widowed,PhD,Self-Employed,Urban,27,0,3,2007,17,Audi,Coupe,Petrol,28968,1000,Basic,1148.96,1500,13,1,492,130154,0,0
3949,58,Male,Divorced,High School,Self-Employed,Urban,37,0,1,2009,15,BMW,Minivan,Diesel,19862,1800,Standard,1423.11,1500,13,1,686,138046,0,0
3950,33,Female,Divorced,None,Unemployed,Suburban,11,1,1,2021,3,Chevrolet,Minivan,Diesel,21594,1000,Basic,1830.55,1500,6,1,726,188176,0,0
3951,35,Male,Married,Master,Student,Rural,17,0,1,2017,7,Nissan,Sedan,Hybrid,18948,1500,Basic,517.97,1000,9,0,342,45220,2,1
3952,53,Female,Married,Bachelor,Self-Employed,Rural,35,1,2,2019,5,Honda,Hatchback,Hybrid,33573,2000,Standard,1991.7,250,4,0,435,148965,1,0
3953,23,Male,Married,High School,Retired,Suburban,0,0,0,2016,8,Ford,Minivan,Electric,33475,1500,Comprehensive,1452.82,500,14,0,471,33605,4,0
3954,60,Female,Single,PhD,Retired,Suburban,37,1,0,2023,1,Audi,Hatchback,Petrol,10202,2000,Standard,644.96,2000,8,1,352,111299,2,1
3955,50,Female,Widowed,PhD,Unemployed,Urban,32,0,3,2017,7,Honda,Coupe,Petrol,28133,1500,Standard,2574.91,500,3,0,566,133912,2,1
3956,40,Male,Widowed,PhD,Retired,Urban,21,0,2,2019,5,BMW,Coupe,Electric,34590,1500,Standard,2310.44,1000,7,0,635,83047,0,0
3957,49,Male,Divorced,Master,Employed,Suburban,27,1,5,2006,18,Toyota,Sedan,Electric,22873,1500,Standard,1092.44,2000,12,0,529,111836,1,0
3958,25,Male,Divorced,PhD,Retired,Urban,5,0,0,2010,14,Ford,Minivan,Diesel,16774,3000,Comprehensive,1356.43,250,11,0,755,79597,0,0
3959,21,Male,Married,High School,Student,Rural,3,1,0,2008,16,Ford,Hatchback,Hybrid,30992,1200,Basic,2360.72,500,9,1,457,80610,2,0
3960,68,Male,Married,Master,Self-Employed,Urban,48,0,0,2013,11,Audi,Sedan,Petrol,13172,2000,Basic,2324.36,2000,2,0,537,138921,4,0
3961,61,Male,Divorced,High School,Student,Suburban,42,3,1,2018,6,Hyundai,Hatchback,Electric,8704,2500,Basic,302.88,500,2,0,525,190216,0,0
3962,46,Male,Divorced,Bachelor,Student,Rural,25,0,3,2015,9,Audi,SUV,Electric,21810,1800,Standard,2139.13,1000,11,1,807,156414,2,0
3963,64,Female,Married,Bachelor,Self-Employed,Rural,43,0,0,2023,1,Chevrolet,Minivan,Electric,25643,1200,Basic,1057.76,250,14,1,658,69287,3,0
3964,73,Female,Widowed,PhD,Retired,Urban,52,3,0,2008,16,Toyota,SUV,Hybrid,12468,2000,Comprehensive,2286.89,250,8,0,453,91905,1,1
3965,72,Male,Widowed,PhD,Employed,Urban,54,0,2,2013,11,Hyundai,Hatchback,Petrol,34679,1200,Standard,2302.4,500,4,1,757,174037,2,1
3966,39,Female,Divorced,Master,Self-Employed,Urban,18,0,0,2022,2,BMW,Pickup,Hybrid,32853,3000,Basic,2137.88,2000,7,1,428,150462,1,0
3967,52,Male,Divorced,Bachelor,Unemployed,Urban,34,0,0,2017,7,Chevrolet,Minivan,Petrol,13828,1000,Comprehensive,685.99,500,5,0,746,128987,2,1
3968,69,Female,Divorced,High School,Student,Suburban,48,0,1,2018,6,Volkswagen,SUV,Petrol,5145,1500,Basic,821.05,1500,6,1,816,27486,1,0
3969,46,Female,Married,High School,Self-Employed,Rural,23,1,0,2020,4,Nissan,Hatchback,Electric,9992,1800,Standard,1717.88,2000,11,0,817,195234,2,0
3970,25,Male,Married,None,Retired,Suburban,5,0,0,2013,11,Honda,Pickup,Diesel,15629,3000,Standard,2216.9,250,13,0,807,198381,2,0
3971,48,Male,Widowed,Bachelor,Student,Urban,28,0,0,2011,13,Hyundai,SUV,Electric,23421,3000,Comprehensive,2989.17,1000,3,1,813,31023,0,0
3972,73,Female,Married,High School,Unemployed,Urban,55,1,1,2017,7,BMW,SUV,Petrol,18268,1500,Standard,1972.74,1500,4,1,351,38941,0,1
3973,43,Male,Divorced,None,Student,Urban,25,0,0,2014,10,Mercedes,Sedan,Diesel,12818,1500,Basic,710.46,1000,8,0,656,186524,4,0
3974,38,Male,Divorced,Bachelor,Unemployed,Suburban,18,1,1,2016,8,Audi,Coupe,Hybrid,28808,1200,Comprehensive,2923.13,1500,11,0,429,45734,4,0
3975,52,Female,Single,High School,Unemployed,Urban,30,0,1,2015,9,Ford,Minivan,Hybrid,27156,1200,Comprehensive,2123.08,250,5,0,593,19420,2,1
3976,24,Male,Widowed,Master,Retired,Urban,5,1,0,2024,0,Toyota,Sedan,Petrol,18099,1200,Comprehensive,2872.01,250,14,0,348,82983,0,0
3977,35,Male,Widowed,Bachelor,Self-Employed,Urban,15,0,0,2011,13,Toyota,Sedan,Petrol,18303,1500,Standard,501.35,2000,12,0,620,162210,2,1
3978,57,Female,Widowed,Master,Student,Urban,39,2,1,2014,10,Hyundai,SUV,Diesel,28802,1800,Basic,1940.53,500,7,0,697,102801,0,0
3979,34,Male,Married,PhD,Self-Employed,Urban,11,1,0,2012,12,Chevrolet,Minivan,Hybrid,11715,1500,Comprehensive,1351.96,500,14,1,509,112134,3,0
3980,74,Male,Divorced,Bachelor,Self-Employed,Suburban,51,0,2,2006,18,Chevrolet,Pickup,Hybrid,18528,3000,Basic,2803.4,2000,13,1,626,95291,1,0
3981,58,Male,Divorced,Master,Retired,Rural,38,1,0,2018,6,Mercedes,SUV,Electric,29623,1800,Basic,1596.88,2000,5,1,729,34458,0,1
3982,57,Female,Married,PhD,Employed,Suburban,35,3,2,2019,5,Honda,SUV,Petrol,29326,1800,Basic,2749.33,2000,6,0,455,15231,2,1
3983,60,Female,Divorced,PhD,Employed,Urban,38,2,1,2011,13,Volkswagen,Coupe,Electric,20879,1800,Basic,2256.88,1000,14,0,562,79036,2,0
3984,67,Male,Widowed,None,Student,Suburban,47,2,0,2018,6,Mercedes,Minivan,Diesel,28243,1000,Standard,791.49,250,8,0,491,157896,4,0
3985,65,Male,Single,None,Unemployed,Rural,42,0,1,2023,1,Hyundai,SUV,Hybrid,20007,1500,Comprehensive,2772.54,2000,4,0,595,103986,3,1
3986,74,Male,Widowed,None,Retired,Rural,52,0,0,2016,8,Mercedes,SUV,Electric,7335,1800,Standard,2051.43,2000,1,1,659,19607,1,0
3987,34,Male,Divorced,High School,Unemployed,Urban,12,0,1,2021,3,BMW,Hatchback,Petrol,32486,2000,Standard,2376.01,500,15,1,336,99103,4,0
3988,18,Female,Widowed,PhD,Unemployed,Urban,0,0,1,2012,12,Toyota,Hatchback,Hybrid,16157,3500,Standard,571.44,250,4,0,722,168385,2,1
3989,64,Male,Married,Bachelor,Unemployed,Urban,43,0,0,2009,15,Mercedes,SUV,Diesel,24830,1500,Basic,2020.66,500,9,1,309,126578,0,1
3990,41,Male,Divorced,PhD,Unemployed,Rural,18,1,0,2019,5,BMW,Hatchback,Hybrid,8531,1800,Basic,2755.95,1000,4,0,442,67982,2,0
3991,24,Female,Single,Bachelor,Employed,Rural,4,0,2,2021,3,Chevrolet,Coupe,Hybrid,6381,1800,Standard,2402.03,1500,8,1,360,177504,0,1
3992,31,Female,Widowed,Bachelor,Employed,Urban,9,0,0,2007,17,Honda,Sedan,Electric,5502,1800,Basic,2377.54,1000,11,1,391,181609,0,1
3993,39,Female,Widowed,None,Unemployed,Suburban,21,0,2,2019,5,Mercedes,Pickup,Diesel,16271,1500,Standard,1728.02,1000,8,1,790,35450,1,0
3994,71,Male,Divorced,Master,Student,Suburban,49,1,0,2007,17,Honda,Coupe,Hybrid,33920,1500,Standard,2671.43,1000,4,0,600,100309,0,0
3995,71,Female,Divorced,PhD,Employed,Urban,53,0,2,2011,13,Audi,Pickup,Diesel,32626,1500,Comprehensive,2084.5,2000,15,0,776,181217,2,0
3996,32,Male,Widowed,Master,Employed,Suburban,11,0,1,2023,1,Chevrolet,Hatchback,Petrol,13607,2500,Standard,1131.49,1000,1,0,400,195133,4,0
3997,66,Male,Single,None,Retired,Suburban,43,0,1,2015,9,Honda,Pickup,Electric,13267,2000,Standard,1734.78,2000,10,1,560,66479,2,0
3998,42,Male,Single,High School,Unemployed,Rural,19,1,1,2013,11,Nissan,Hatchback,Electric,33877,3500,Basic,1650.71,1000,12,0,539,165028,2,0
3999,64,Female,Single,None,Employed,Suburban,43,0,1,2020,4,BMW,Sedan,Electric,29402,3500,Standard,773.88,500,4,0,573,37659,4,1
4000,60,Male,Single,PhD,Retired,Rural,37,1,0,2018,6,Mercedes,Sedan,Diesel,15516,3500,Standard,619,2000,15,1,318,151973,3,0
4001,43,Female,Widowed,PhD,Self-Employed,Rural,22,1,2,2015,9,Honda,Pickup,Diesel,23335,2000,Comprehensive,2994.09,1000,3,1,600,194791,1,0
4002,35,Female,Divorced,PhD,Employed,Rural,14,0,2,2019,5,Chevrolet,Minivan,Petrol,16805,2500,Comprehensive,2034.13,500,10,0,302,117512,0,0
4003,68,Male,Married,High School,Unemployed,Urban,46,0,0,2016,8,Hyundai,Minivan,Diesel,10591,2000,Standard,1657.57,2000,15,1,315,51061,0,1
4004,34,Female,Widowed,Master,Employed,Rural,13,1,1,2017,7,Audi,Minivan,Electric,16074,1800,Comprehensive,861.66,250,8,1,390,71479,2,0
4005,62,Female,Divorced,Master,Self-Employed,Urban,40,1,0,2013,11,Chevrolet,Pickup,Diesel,24390,1800,Basic,2731.96,1500,2,0,700,26431,3,1
4006,26,Male,Widowed,PhD,Self-Employed,Rural,3,3,1,2013,11,Honda,Pickup,Electric,18288,3000,Basic,2873.02,1500,9,0,634,129315,0,0
4007,28,Male,Widowed,Master,Student,Urban,7,1,0,2012,12,Nissan,SUV,Diesel,7144,1200,Standard,2267.1,1500,14,1,809,65816,3,0
4008,52,Male,Single,None,Retired,Rural,29,0,2,2022,2,Hyundai,Sedan,Electric,27572,1800,Comprehensive,2513.14,2000,15,0,515,49444,0,1
4009,41,Female,Married,Bachelor,Unemployed,Rural,23,0,0,2018,6,Honda,Hatchback,Electric,12289,2500,Comprehensive,323.67,250,15,1,816,170351,1,0
4010,29,Female,Widowed,None,Self-Employed,Suburban,11,2,2,2018,6,Volkswagen,Hatchback,Petrol,14382,2500,Comprehensive,2291.42,500,9,0,842,61603,0,1
4011,53,Female,Widowed,Bachelor,Employed,Suburban,34,1,0,2019,5,Chevrolet,Pickup,Hybrid,14438,1800,Standard,755.94,250,15,0,644,122603,2,1
4012,74,Female,Widowed,None,Unemployed,Suburban,54,0,0,2020,4,Audi,Pickup,Diesel,18393,1200,Standard,1725.87,2000,8,1,423,182733,1,0
4013,54,Female,Single,None,Self-Employed,Rural,36,0,0,2008,16,Chevrolet,Minivan,Hybrid,26561,1800,Basic,2897.99,1500,14,1,823,158540,1,1
4014,45,Male,Divorced,PhD,Employed,Suburban,22,0,0,2012,12,Volkswagen,SUV,Petrol,27125,1800,Standard,787.56,1500,1,0,833,75375,1,0
4015,69,Female,Single,PhD,Employed,Rural,47,0,0,2016,8,Toyota,Pickup,Electric,23284,3000,Standard,1366.01,2000,6,1,636,111339,1,1
4016,45,Female,Divorced,High School,Retired,Suburban,24,0,1,2024,0,Honda,Coupe,Petrol,32358,3500,Comprehensive,1814.17,1000,6,0,773,84651,4,0
4017,51,Male,Single,Master,Employed,Urban,29,0,2,2023,1,Mercedes,Hatchback,Electric,12266,1200,Basic,2490.52,1500,14,1,391,104338,0,0
4018,44,Male,Widowed,Master,Unemployed,Suburban,25,3,0,2011,13,Volkswagen,Minivan,Electric,11578,2000,Comprehensive,2716.19,500,2,1,688,83883,0,0
4019,72,Male,Married,PhD,Self-Employed,Suburban,49,1,2,2014,10,Ford,Sedan,Electric,15779,1500,Comprehensive,472.78,2000,10,1,664,106673,0,0
4020,29,Male,Widowed,PhD,Student,Rural,9,0,0,2005,19,Toyota,Minivan,Petrol,8078,2000,Comprehensive,2616.05,1000,8,1,761,162066,1,1
4021,59,Male,Single,PhD,Self-Employed,Suburban,41,0,1,2018,6,Ford,Coupe,Hybrid,23148,2000,Standard,435.09,1000,14,1,303,172794,2,0
4022,71,Female,Divorced,PhD,Employed,Suburban,53,4,1,2008,16,Volkswagen,Coupe,Hybrid,10751,1000,Basic,2961.84,1500,9,0,624,154010,0,1
4023,62,Male,Widowed,Master,Self-Employed,Rural,42,0,1,2018,6,Audi,Sedan,Hybrid,23024,2000,Basic,1839.42,1000,5,0,562,154107,1,0
4024,38,Female,Single,PhD,Unemployed,Rural,16,2,0,2011,13,Audi,Hatchback,Hybrid,11551,1500,Basic,1296.1,250,14,0,672,148512,0,0
4025,74,Male,Divorced,High School,Student,Rural,55,0,2,2019,5,Ford,Minivan,Hybrid,25302,3000,Standard,2403.26,1000,2,0,350,33915,0,1
4026,57,Male,Single,PhD,Self-Employed,Urban,39,0,1,2005,19,Nissan,Coupe,Petrol,16096,3000,Standard,1631.88,2000,12,1,366,174976,3,0
4027,27,Female,Divorced,Master,Retired,Urban,6,0,2,2024,0,Chevrolet,Pickup,Hybrid,22730,1800,Comprehensive,2633.98,2000,15,0,517,53672,2,0
4028,51,Female,Single,None,Retired,Urban,33,0,1,2023,1,Volkswagen,Coupe,Diesel,27176,1500,Basic,1884.33,2000,4,0,342,172186,2,0
4029,33,Female,Divorced,None,Retired,Suburban,14,0,0,2018,6,Mercedes,SUV,Hybrid,33169,2000,Basic,2986.83,1500,12,0,808,197543,0,0
4030,48,Male,Widowed,Bachelor,Employed,Suburban,26,0,0,2011,13,Honda,Hatchback,Electric,23335,3000,Comprehensive,2176.66,2000,5,1,699,172302,2,0
4031,27,Female,Widowed,Bachelor,Student,Urban,7,2,1,2005,19,Audi,SUV,Electric,27087,1200,Comprehensive,642.01,250,4,0,301,55741,1,1
4032,33,Female,Divorced,PhD,Employed,Urban,13,0,3,2020,4,Nissan,Pickup,Diesel,19176,1800,Standard,1153.87,1000,14,0,667,195483,0,1
4033,37,Female,Married,Master,Self-Employed,Suburban,16,0,0,2010,14,Toyota,SUV,Electric,23372,1000,Standard,2748,500,13,0,404,185699,3,0
4034,36,Male,Widowed,None,Self-Employed,Rural,15,1,0,2023,1,Mercedes,Hatchback,Diesel,22641,2000,Comprehensive,2043.13,1000,14,0,390,92542,2,0
4035,61,Female,Widowed,PhD,Student,Suburban,43,3,1,2014,10,Mercedes,Sedan,Petrol,8512,3000,Standard,823.76,250,6,1,838,149683,0,1
4036,24,Female,Widowed,None,Retired,Suburban,6,1,2,2006,18,Hyundai,Pickup,Diesel,23243,3500,Standard,2841.28,250,8,1,846,102012,3,0
4037,42,Female,Divorced,Master,Retired,Urban,23,1,0,2023,1,Ford,Hatchback,Hybrid,29537,1200,Comprehensive,2006.39,250,12,0,778,56533,1,0
4038,40,Male,Divorced,None,Unemployed,Urban,18,3,0,2023,1,Volkswagen,SUV,Diesel,19646,1500,Comprehensive,528.91,250,14,0,411,79836,2,0
4039,25,Male,Widowed,PhD,Self-Employed,Suburban,5,2,2,2020,4,Volkswagen,SUV,Diesel,6464,1200,Standard,1025.65,1000,3,0,844,175272,2,0
4040,35,Female,Divorced,None,Retired,Urban,14,0,0,2020,4,Nissan,Sedan,Hybrid,25850,1200,Comprehensive,357.51,500,3,1,644,41414,1,0
4041,64,Female,Married,Bachelor,Employed,Suburban,44,1,5,2008,16,Mercedes,SUV,Electric,18270,1800,Basic,1595,250,10,1,578,38557,0,0
4042,41,Female,Single,None,Employed,Urban,23,1,1,2023,1,Chevrolet,Hatchback,Diesel,19032,1800,Basic,2676.56,250,8,0,512,81557,2,0
4043,32,Male,Single,High School,Self-Employed,Urban,11,0,5,2007,17,Nissan,Sedan,Diesel,18630,2500,Basic,906.74,1000,8,0,408,165002,0,0
4044,65,Female,Single,PhD,Employed,Rural,45,0,0,2020,4,Honda,Hatchback,Petrol,16953,3000,Comprehensive,928.42,250,12,0,330,198446,1,1
4045,41,Female,Married,High School,Employed,Suburban,22,2,0,2021,3,Audi,Minivan,Petrol,18524,2000,Standard,397.76,2000,7,0,723,102231,3,1
4046,50,Male,Single,Bachelor,Employed,Urban,28,0,2,2024,0,Toyota,Coupe,Petrol,18244,1500,Standard,1470.53,250,14,1,714,52328,0,0
4047,39,Male,Single,High School,Unemployed,Urban,19,0,5,2016,8,Volkswagen,Hatchback,Electric,8095,2500,Standard,2937.71,2000,8,0,801,99960,3,0
4048,51,Male,Divorced,Bachelor,Employed,Urban,32,1,3,2014,10,Hyundai,Coupe,Diesel,20899,1500,Standard,2096,1500,3,0,719,197279,1,1
4049,66,Female,Widowed,High School,Retired,Rural,45,1,1,2019,5,Volkswagen,SUV,Petrol,10007,1800,Standard,390.84,2000,3,0,821,88326,4,0
4050,68,Male,Widowed,Master,Retired,Rural,46,0,0,2022,2,Nissan,Pickup,Petrol,25513,1800,Standard,1909.11,2000,9,0,495,106130,0,0
4051,64,Male,Divorced,None,Student,Urban,44,2,0,2016,8,Nissan,Sedan,Electric,26703,1800,Comprehensive,2137.35,500,3,1,417,102701,1,1
4052,55,Male,Divorced,None,Unemployed,Suburban,33,0,0,2023,1,Honda,Minivan,Petrol,13416,1200,Basic,2906.04,250,10,1,474,169031,0,0
4053,28,Female,Divorced,High School,Retired,Urban,5,1,0,2012,12,Chevrolet,SUV,Diesel,17553,1000,Comprehensive,327.84,500,9,1,485,67942,2,1
4054,62,Female,Widowed,PhD,Retired,Suburban,39,0,1,2006,18,Ford,Minivan,Hybrid,12122,2500,Standard,2331.86,1000,9,0,312,18145,2,1
4055,71,Male,Widowed,None,Retired,Rural,48,1,0,2018,6,Hyundai,Minivan,Petrol,7699,1800,Comprehensive,829.62,2000,4,0,775,79321,4,1
4056,63,Female,Married,None,Student,Suburban,42,1,0,2010,14,Hyundai,Minivan,Petrol,23616,1800,Basic,1877.13,500,1,1,673,125382,2,0
4057,56,Female,Divorced,High School,Retired,Suburban,38,0,0,2016,8,Honda,Hatchback,Electric,31224,1500,Basic,1087.8,2000,3,0,457,42796,0,0
4058,27,Male,Married,Master,Student,Urban,8,0,0,2021,3,Toyota,SUV,Hybrid,27346,1500,Basic,2071.59,1000,2,0,752,76692,2,0
4059,47,Female,Divorced,None,Student,Suburban,25,0,0,2022,2,Hyundai,Pickup,Electric,11387,1500,Basic,1420.1,1500,9,1,369,29875,1,0
4060,73,Male,Widowed,Master,Self-Employed,Urban,51,0,1,2022,2,Toyota,Coupe,Petrol,20306,1500,Standard,2393.14,500,2,1,812,139571,0,0
4061,75,Male,Divorced,None,Self-Employed,Urban,54,0,1,2012,12,Toyota,Sedan,Petrol,28681,2000,Standard,2303.91,1500,5,0,693,116402,2,1
4062,39,Female,Widowed,Bachelor,Employed,Urban,17,1,2,2010,14,Honda,Coupe,Diesel,32412,1200,Standard,401.36,2000,8,1,668,78281,1,0
4063,64,Female,Widowed,Bachelor,Unemployed,Suburban,42,0,0,2009,15,Volkswagen,Pickup,Electric,32873,1000,Standard,2815.63,2000,9,0,645,72252,0,0
4064,49,Female,Widowed,Master,Unemployed,Rural,27,0,0,2019,5,Toyota,Hatchback,Diesel,10860,2500,Basic,1118.99,1000,11,0,475,72833,2,0
4065,20,Male,Divorced,High School,Self-Employed,Suburban,0,4,2,2020,4,Audi,Coupe,Hybrid,21549,1500,Basic,2739.94,2000,12,1,744,144352,2,1
4066,23,Female,Widowed,None,Employed,Urban,3,1,1,2022,2,Hyundai,Sedan,Petrol,7308,2000,Comprehensive,2982.2,1000,11,0,668,179907,0,1
4067,22,Female,Divorced,None,Unemployed,Urban,4,1,1,2016,8,Audi,Hatchback,Diesel,8533,1500,Standard,707.91,250,10,1,651,180627,2,1
4068,46,Female,Widowed,PhD,Retired,Rural,28,0,0,2011,13,Ford,Minivan,Diesel,16219,2000,Comprehensive,2606.13,1000,13,1,457,154443,0,0
4069,57,Female,Single,Bachelor,Employed,Suburban,36,0,0,2014,10,Nissan,Pickup,Petrol,14521,2000,Comprehensive,1526.45,1000,1,1,434,197557,0,0
4070,29,Male,Widowed,PhD,Student,Suburban,7,0,0,2020,4,Hyundai,Coupe,Diesel,6071,2500,Basic,1331.78,1500,8,1,613,81903,1,0
4071,60,Female,Single,Bachelor,Employed,Urban,39,1,1,2012,12,BMW,Coupe,Petrol,8500,1500,Standard,849.04,250,2,0,364,78967,0,0
4072,74,Female,Married,Bachelor,Student,Suburban,52,2,2,2015,9,Ford,Hatchback,Petrol,14510,1500,Comprehensive,2651.32,250,2,0,612,192015,2,1
4073,51,Male,Single,None,Self-Employed,Suburban,30,0,5,2021,3,Volkswagen,SUV,Diesel,29833,1500,Comprehensive,1949.33,2000,15,1,440,86110,2,0
4074,37,Female,Married,None,Unemployed,Rural,14,2,3,2007,17,Mercedes,SUV,Petrol,30528,1000,Comprehensive,383.44,500,14,1,817,95806,1,1
4075,43,Female,Widowed,High School,Retired,Urban,24,1,0,2013,11,Toyota,Pickup,Petrol,5674,1500,Basic,795.95,2000,13,1,603,155626,3,0
4076,49,Male,Married,High School,Employed,Suburban,27,2,1,2011,13,Hyundai,Pickup,Hybrid,13016,1800,Standard,2723.07,500,11,1,386,63646,3,1
4077,33,Female,Divorced,PhD,Self-Employed,Urban,12,0,0,2010,14,Hyundai,Minivan,Diesel,27044,1800,Standard,1514.36,500,9,1,538,191708,0,0
4078,68,Female,Married,High School,Retired,Urban,48,1,2,2016,8,Chevrolet,Coupe,Electric,17658,1500,Comprehensive,2800.54,500,13,1,405,68634,0,0
4079,21,Male,Married,Bachelor,Student,Suburban,2,0,5,2012,12,Audi,Pickup,Electric,6664,1500,Standard,2706.29,500,4,0,657,112396,3,0
4080,34,Male,Single,None,Student,Suburban,11,0,0,2012,12,BMW,Minivan,Electric,14962,1500,Standard,1299.72,2000,2,1,525,56050,1,0
4081,68,Male,Divorced,PhD,Unemployed,Suburban,50,0,0,2011,13,Chevrolet,Sedan,Electric,29359,1800,Standard,572.49,250,14,0,841,82083,4,0
4082,63,Female,Widowed,High School,Employed,Urban,43,1,2,2022,2,Nissan,Hatchback,Electric,21165,3000,Comprehensive,2115.09,250,3,1,659,190222,2,0
4083,52,Male,Single,High School,Employed,Urban,30,0,0,2005,19,Hyundai,SUV,Electric,23315,3000,Basic,2249.02,250,9,0,403,18056,1,1
4084,48,Female,Single,None,Student,Suburban,28,0,0,2012,12,Chevrolet,SUV,Diesel,6992,1000,Basic,2336.21,1500,4,0,684,179698,0,1
4085,46,Female,Married,High School,Student,Rural,23,0,0,2007,17,Toyota,Hatchback,Petrol,32505,2000,Comprehensive,2093.79,500,3,1,623,38751,0,1
4086,31,Male,Married,Bachelor,Unemployed,Urban,12,3,0,2010,14,Volkswagen,Hatchback,Diesel,13288,1000,Basic,2344.18,250,14,1,585,59358,1,1
4087,48,Male,Married,Bachelor,Self-Employed,Suburban,27,2,0,2010,14,Nissan,Sedan,Electric,31035,1500,Standard,669.2,1000,11,1,310,162183,2,0
4088,66,Female,Single,High School,Employed,Urban,45,0,0,2024,0,Nissan,Pickup,Hybrid,27142,1800,Basic,2986.64,250,7,1,350,47899,4,1
4089,30,Female,Widowed,Master,Self-Employed,Rural,9,2,0,2017,7,BMW,Sedan,Hybrid,10385,2000,Standard,649.06,1000,14,1,521,42913,3,0
4090,29,Male,Married,High School,Self-Employed,Urban,7,0,0,2023,1,Ford,Pickup,Electric,18241,3500,Basic,729.49,500,3,1,576,93982,1,0
4091,70,Male,Widowed,Bachelor,Unemployed,Rural,51,0,1,2024,0,Chevrolet,Pickup,Hybrid,11455,3500,Basic,791.35,1000,2,1,564,85821,2,0
4092,55,Female,Divorced,PhD,Employed,Rural,34,0,1,2023,1,Mercedes,Coupe,Electric,25912,1800,Comprehensive,2944.32,500,13,0,818,147007,2,1
4093,38,Male,Widowed,Master,Employed,Urban,19,1,2,2017,7,Ford,Pickup,Electric,27236,2000,Comprehensive,1252.25,2000,6,1,392,93388,2,0
4094,47,Male,Married,None,Employed,Suburban,29,1,0,2018,6,Toyota,Hatchback,Diesel,17590,1800,Standard,1896.61,1500,9,0,808,117245,1,0
4095,66,Male,Single,Master,Unemployed,Urban,47,0,0,2023,1,Hyundai,Pickup,Petrol,15626,2000,Basic,2166.37,250,7,1,364,97627,1,1
4096,34,Male,Single,Master,Self-Employed,Suburban,15,0,1,2017,7,BMW,Coupe,Electric,28963,1800,Basic,1278.66,500,7,0,653,123369,2,0
4097,51,Male,Single,High School,Employed,Suburban,33,1,0,2009,15,Honda,Sedan,Hybrid,18775,1500,Comprehensive,2322.99,2000,10,1,333,118824,1,1
4098,62,Female,Single,PhD,Employed,Urban,40,0,2,2016,8,Nissan,Minivan,Hybrid,8511,1500,Comprehensive,2467.87,2000,8,1,556,54489,2,0
4099,19,Male,Divorced,PhD,Student,Suburban,1,2,3,2023,1,Mercedes,Minivan,Diesel,6283,1500,Standard,1032.69,500,10,0,782,64819,3,0
4100,19,Female,Divorced,PhD,Unemployed,Suburban,0,0,0,2008,16,Hyundai,Pickup,Electric,9346,2000,Standard,2927.66,500,2,1,731,124877,3,0
4101,54,Male,Widowed,Bachelor,Employed,Rural,33,0,2,2012,12,Chevrolet,Sedan,Hybrid,11893,1500,Standard,2420.74,1500,8,1,848,95608,4,0
4102,56,Male,Single,None,Student,Suburban,34,1,0,2019,5,Audi,SUV,Hybrid,33929,1000,Comprehensive,1309.53,500,12,0,689,118301,3,0
4103,36,Male,Divorced,Master,Unemployed,Suburban,15,0,2,2008,16,Honda,Pickup,Hybrid,7920,1500,Basic,450.47,1000,9,0,814,39348,0,0
4104,20,Male,Widowed,Bachelor,Retired,Suburban,0,0,0,2010,14,Hyundai,Hatchback,Electric,22405,1500,Standard,2691.24,500,12,0,520,24809,3,1
4105,42,Female,Single,Master,Retired,Urban,19,2,0,2024,0,Honda,SUV,Electric,29318,1800,Standard,1812.85,250,12,0,411,104013,3,1
4106,47,Female,Single,High School,Retired,Urban,25,4,0,2005,19,Mercedes,Hatchback,Hybrid,11649,1500,Standard,645.15,250,15,0,425,144566,3,1
4107,28,Male,Widowed,PhD,Employed,Suburban,7,0,1,2009,15,Audi,Pickup,Electric,11273,1500,Comprehensive,1194.43,1000,8,0,456,169131,1,1
4108,64,Female,Divorced,Bachelor,Unemployed,Suburban,41,1,3,2012,12,BMW,Coupe,Electric,21339,2000,Standard,1882.33,1500,1,1,486,135212,2,0
4109,33,Male,Married,None,Employed,Rural,12,1,1,2006,18,Chevrolet,Coupe,Diesel,27689,1800,Standard,2607.84,1000,15,1,417,179879,0,1
4110,43,Female,Married,Bachelor,Unemployed,Rural,22,3,2,2012,12,Audi,Minivan,Hybrid,23388,1800,Basic,480.1,500,15,1,707,191763,2,0
4111,28,Female,Widowed,None,Unemployed,Suburban,10,0,1,2023,1,Nissan,Coupe,Hybrid,33123,2500,Comprehensive,830.75,500,8,1,645,86063,4,0
4112,41,Female,Single,None,Self-Employed,Suburban,19,0,0,2009,15,Nissan,Coupe,Electric,15600,1500,Standard,1602.91,500,9,1,306,166380,0,0
4113,43,Male,Married,High School,Employed,Rural,21,0,2,2015,9,BMW,SUV,Diesel,32637,1800,Standard,2156.16,1500,14,1,318,172386,1,0
4114,38,Female,Married,High School,Unemployed,Urban,20,2,0,2022,2,Honda,Sedan,Hybrid,13941,3000,Basic,1470.51,250,1,0,354,73575,0,0
4115,46,Male,Divorced,Master,Student,Suburban,25,3,0,2010,14,Volkswagen,Coupe,Hybrid,14322,1000,Standard,954.43,2000,7,0,389,148890,1,1
4116,41,Female,Divorced,PhD,Employed,Suburban,23,1,1,2016,8,Mercedes,Sedan,Hybrid,8693,3000,Comprehensive,2789.91,2000,10,1,308,43661,0,0
4117,27,Male,Divorced,None,Unemployed,Suburban,8,0,0,2006,18,BMW,Minivan,Diesel,8580,1500,Basic,2941.33,500,11,1,501,62603,0,0
4118,61,Male,Married,PhD,Retired,Rural,39,0,0,2024,0,Toyota,Sedan,Petrol,8044,1200,Standard,2332.03,250,14,1,443,73289,0,0
4119,43,Female,Widowed,None,Retired,Urban,22,0,1,2023,1,Toyota,Coupe,Diesel,34063,1500,Comprehensive,530.5,1000,5,0,543,157270,0,1
4120,50,Male,Divorced,None,Employed,Rural,28,1,0,2005,19,Toyota,Sedan,Electric,24827,1200,Comprehensive,2249.39,1500,1,1,605,86066,0,0
4121,34,Female,Married,High School,Student,Rural,11,0,2,2008,16,Mercedes,Hatchback,Electric,5316,1500,Comprehensive,2213.17,500,1,0,586,85373,1,0
4122,27,Female,Divorced,Bachelor,Retired,Urban,4,1,3,2014,10,Ford,Minivan,Petrol,30735,2000,Comprehensive,330.83,500,11,1,844,91486,0,0
4123,54,Male,Married,PhD,Unemployed,Urban,33,0,0,2013,11,Honda,Hatchback,Hybrid,34276,1500,Basic,2969.6,2000,9,1,628,178698,0,0
4124,45,Female,Divorced,None,Retired,Urban,25,0,0,2024,0,Ford,Hatchback,Hybrid,18685,1500,Basic,2352.27,250,13,1,735,82179,1,1
4125,44,Female,Divorced,Bachelor,Self-Employed,Rural,23,0,1,2014,10,Honda,Hatchback,Electric,7158,2000,Standard,2408.97,250,8,1,636,138169,4,0
4126,42,Male,Married,Bachelor,Retired,Rural,19,0,2,2017,7,Volkswagen,SUV,Hybrid,25073,1000,Comprehensive,530.18,2000,15,1,546,58068,0,0
4127,28,Female,Married,PhD,Unemployed,Suburban,9,0,0,2008,16,BMW,Minivan,Petrol,27096,2000,Standard,2320.92,2000,10,1,839,28306,3,1
4128,26,Male,Single,PhD,Retired,Rural,6,0,0,2023,1,Honda,Pickup,Petrol,15547,1800,Basic,880.81,250,8,0,597,124569,0,1
4129,50,Female,Married,Master,Retired,Urban,32,1,1,2023,1,Chevrolet,Minivan,Diesel,5365,3000,Basic,2501.84,250,13,0,678,40451,3,0
4130,52,Male,Divorced,PhD,Unemployed,Rural,34,0,3,2017,7,Mercedes,SUV,Diesel,18169,2500,Basic,1065.54,1000,4,0,452,82567,2,0
4131,54,Female,Single,Master,Self-Employed,Rural,34,0,1,2010,14,Mercedes,Sedan,Hybrid,15265,1200,Comprehensive,1366.5,1500,7,1,575,71607,0,1
4132,67,Male,Widowed,Bachelor,Student,Suburban,47,0,1,2007,17,Audi,Hatchback,Diesel,10265,1800,Basic,769.53,1000,13,0,539,17178,2,0
4133,29,Male,Single,Master,Employed,Suburban,8,0,3,2020,4,BMW,Hatchback,Electric,20178,2000,Basic,2281.13,1000,7,1,449,128438,1,0
4134,37,Male,Divorced,High School,Unemployed,Rural,19,0,3,2019,5,Volkswagen,Pickup,Petrol,19041,1200,Comprehensive,853.25,1500,8,0,593,98522,1,1
4135,71,Female,Married,None,Student,Suburban,53,0,0,2014,10,Nissan,Coupe,Electric,5169,2000,Comprehensive,1289.85,1000,13,1,770,65995,4,0
4136,65,Female,Divorced,PhD,Employed,Rural,43,1,2,2012,12,Mercedes,Coupe,Diesel,28335,1200,Standard,2660.05,1000,6,0,513,187657,4,0
4137,57,Male,Married,None,Retired,Suburban,38,0,3,2012,12,Volkswagen,Pickup,Petrol,8164,1800,Standard,2761.45,500,4,0,569,49022,4,1
4138,71,Male,Divorced,Bachelor,Retired,Urban,51,2,0,2014,10,Toyota,Pickup,Diesel,29819,1200,Basic,2595.39,250,3,1,687,119161,3,0
4139,73,Female,Widowed,High School,Employed,Urban,51,0,0,2006,18,Honda,Coupe,Diesel,30803,1500,Basic,878.14,1000,10,1,672,139832,1,0
4140,48,Female,Widowed,High School,Self-Employed,Suburban,27,0,3,2013,11,Audi,SUV,Electric,28894,2500,Basic,319.77,2000,7,0,319,86323,0,0
4141,69,Male,Widowed,PhD,Self-Employed,Urban,48,0,0,2005,19,Ford,Sedan,Petrol,8012,2000,Standard,1288.32,2000,11,0,570,132093,1,1
4142,64,Male,Widowed,High School,Employed,Urban,46,1,1,2023,1,Chevrolet,SUV,Hybrid,6437,1500,Basic,2564.7,1000,6,1,418,166886,1,1
4143,65,Male,Married,Bachelor,Student,Suburban,45,0,2,2005,19,Honda,Pickup,Petrol,31697,2000,Standard,1427.21,1000,10,0,587,100421,1,0
4144,53,Female,Widowed,High School,Retired,Rural,34,0,0,2006,18,Mercedes,Minivan,Electric,28313,2500,Standard,1673.11,2000,5,0,701,101485,1,0
4145,41,Female,Widowed,Master,Retired,Urban,23,0,1,2008,16,Honda,Pickup,Electric,15893,2500,Basic,1991.19,1000,2,0,323,112893,0,1
4146,37,Female,Widowed,PhD,Unemployed,Urban,17,0,0,2010,14,Honda,Hatchback,Hybrid,6152,3000,Standard,1818.38,250,15,1,508,173068,2,0
4147,41,Female,Divorced,PhD,Student,Suburban,23,0,0,2020,4,Mercedes,Hatchback,Electric,12005,1200,Comprehensive,2411.57,1500,9,0,504,126962,0,0
4148,65,Female,Married,Bachelor,Student,Rural,45,0,1,2020,4,Honda,Pickup,Electric,20766,3500,Basic,722.29,2000,4,1,412,66759,2,0
4149,19,Male,Married,None,Student,Rural,0,1,1,2011,13,Volkswagen,SUV,Hybrid,25555,1500,Basic,1863.03,500,3,1,429,171618,0,1
4150,39,Male,Single,None,Self-Employed,Suburban,16,2,0,2024,0,Nissan,Minivan,Petrol,19612,2000,Basic,503.35,250,7,0,381,48464,0,0
4151,18,Male,Widowed,High School,Self-Employed,Suburban,0,0,0,2008,16,Hyundai,Minivan,Hybrid,28405,1500,Comprehensive,1047.87,2000,8,1,663,180827,0,0
4152,69,Male,Married,High School,Unemployed,Rural,46,0,1,2012,12,Hyundai,Hatchback,Diesel,12552,1200,Basic,2640.59,1000,9,1,480,120400,2,1
4153,52,Female,Single,Master,Retired,Rural,31,1,0,2007,17,Volkswagen,Minivan,Diesel,9843,2000,Basic,429.46,500,2,0,696,197152,2,0
4154,30,Male,Married,Master,Student,Rural,7,0,3,2009,15,Toyota,Pickup,Diesel,8687,1500,Basic,716.92,2000,10,0,599,195188,0,0
4155,70,Male,Single,Master,Self-Employed,Urban,51,0,1,2014,10,Honda,Hatchback,Diesel,20062,1800,Standard,1263.36,1000,13,0,668,80139,2,0
4156,35,Male,Divorced,Master,Student,Suburban,13,0,0,2014,10,Audi,SUV,Hybrid,26579,1200,Standard,1185.37,2000,9,0,829,47332,1,1
4157,35,Female,Divorced,Bachelor,Self-Employed,Suburban,12,0,0,2019,5,Ford,Sedan,Diesel,28682,1800,Comprehensive,1107.77,1500,2,0,833,121958,0,1
4158,71,Female,Single,None,Retired,Urban,48,0,0,2013,11,Ford,Hatchback,Petrol,32846,1500,Standard,2076.2,2000,8,1,680,169159,0,1
4159,55,Female,Married,High School,Unemployed,Rural,35,1,1,2008,16,Hyundai,Hatchback,Diesel,23186,3000,Standard,2364.42,2000,11,1,657,189701,0,1
4160,42,Female,Married,PhD,Student,Suburban,24,0,1,2008,16,Chevrolet,Pickup,Petrol,32454,1500,Comprehensive,2173,1500,6,0,578,147341,3,1
4161,53,Female,Married,None,Retired,Urban,35,0,0,2017,7,Mercedes,Minivan,Electric,26607,1500,Standard,1449.12,500,14,0,364,152221,1,1
4162,39,Female,Divorced,None,Employed,Rural,16,1,0,2012,12,Nissan,Sedan,Electric,27030,1500,Standard,1195.28,500,3,1,324,69166,0,0
4163,62,Male,Single,None,Unemployed,Rural,42,1,1,2010,14,BMW,Minivan,Electric,29938,1800,Comprehensive,880.54,1500,15,1,542,146468,2,0
4164,21,Female,Married,PhD,Retired,Suburban,0,0,0,2006,18,Honda,Minivan,Petrol,26015,1000,Standard,2664.6,2000,14,0,386,125779,2,0
4165,33,Female,Widowed,Master,Employed,Suburban,12,0,0,2009,15,Hyundai,SUV,Petrol,5412,2000,Standard,2572.52,2000,11,1,340,78225,2,0
4166,57,Male,Divorced,Master,Employed,Urban,36,0,3,2016,8,Toyota,SUV,Electric,13952,1500,Comprehensive,638.21,500,12,0,624,151284,2,0
4167,63,Male,Married,Master,Retired,Urban,44,2,0,2013,11,Toyota,Sedan,Diesel,23214,2000,Standard,1247.82,2000,13,1,362,117926,2,1
4168,19,Female,Widowed,Bachelor,Unemployed,Suburban,0,0,0,2022,2,Chevrolet,Minivan,Diesel,33283,1500,Basic,1784.42,2000,2,1,769,82407,1,0
4169,36,Male,Single,PhD,Student,Urban,15,0,0,2020,4,Mercedes,SUV,Diesel,31414,1000,Comprehensive,489.79,500,2,1,301,191699,2,1
4170,24,Male,Married,High School,Self-Employed,Rural,5,0,0,2006,18,Audi,Minivan,Hybrid,7708,1800,Basic,2541.41,500,14,1,477,158826,2,1
4171,57,Male,Married,None,Retired,Urban,39,2,1,2009,15,Volkswagen,Minivan,Diesel,7446,2000,Basic,2448.23,1000,13,0,399,30580,2,0
4172,29,Male,Divorced,None,Employed,Suburban,10,0,1,2013,11,Hyundai,SUV,Electric,11000,2000,Basic,1309.66,2000,12,0,372,175253,2,1
4173,74,Male,Single,Master,Self-Employed,Suburban,56,0,0,2007,17,Nissan,Minivan,Electric,15034,2000,Comprehensive,1111.32,2000,12,0,808,108005,1,1
4174,20,Female,Divorced,Master,Unemployed,Suburban,0,0,0,2014,10,Volkswagen,Hatchback,Petrol,20561,1200,Comprehensive,858.48,500,15,1,410,175533,0,1
4175,50,Female,Divorced,None,Self-Employed,Suburban,29,1,0,2007,17,Mercedes,Coupe,Petrol,22216,1200,Basic,2431.06,500,4,0,512,52162,2,0
4176,23,Male,Single,High School,Self-Employed,Urban,2,1,0,2014,10,Chevrolet,SUV,Electric,28377,1800,Basic,2291.2,250,12,1,570,94995,0,1
4177,47,Male,Married,High School,Unemployed,Rural,27,0,0,2024,0,Nissan,Sedan,Hybrid,21757,1800,Standard,1676.92,1000,4,1,395,138085,1,0
4178,33,Female,Single,Bachelor,Unemployed,Urban,11,0,0,2008,16,Ford,Pickup,Petrol,24715,1800,Basic,2810.6,2000,13,1,570,121741,1,1
4179,51,Male,Widowed,Master,Self-Employed,Urban,31,0,0,2017,7,BMW,SUV,Electric,29041,2000,Comprehensive,1300.65,2000,15,0,314,66346,1,1
4180,71,Male,Divorced,Master,Retired,Suburban,49,1,1,2021,3,Honda,Minivan,Electric,27778,2500,Basic,741.77,250,9,0,826,166151,4,1
4181,75,Male,Divorced,PhD,Employed,Urban,54,1,2,2013,11,Honda,Coupe,Diesel,27033,2000,Comprehensive,1035.74,2000,11,0,728,70845,4,1
4182,64,Male,Widowed,Bachelor,Employed,Urban,44,1,0,2006,18,Audi,Hatchback,Petrol,26855,1500,Standard,1928.21,2000,6,1,565,194984,2,0
4183,42,Male,Divorced,High School,Retired,Urban,19,0,0,2011,13,BMW,Hatchback,Petrol,9016,1800,Basic,883.38,250,4,0,525,139420,0,1
4184,52,Female,Divorced,None,Unemployed,Rural,30,2,0,2020,4,Mercedes,Minivan,Electric,22254,1500,Basic,2617.57,1000,13,0,809,113098,2,0
4185,69,Female,Divorced,None,Unemployed,Suburban,46,0,0,2014,10,Toyota,Sedan,Petrol,30177,2000,Comprehensive,512.12,500,8,0,574,137132,4,0
4186,43,Male,Single,PhD,Self-Employed,Urban,23,0,1,2007,17,Hyundai,Pickup,Electric,33380,2500,Standard,1183.88,250,4,1,563,171972,0,1
4187,71,Female,Divorced,Master,Self-Employed,Rural,48,2,0,2010,14,Mercedes,Minivan,Diesel,14491,2000,Basic,519.94,2000,3,1,401,28187,3,1
4188,72,Female,Divorced,Bachelor,Unemployed,Rural,54,0,5,2006,18,Mercedes,Pickup,Diesel,32269,2000,Standard,860.31,1000,5,1,740,185971,2,0
4189,47,Male,Divorced,PhD,Student,Urban,26,0,1,2005,19,Honda,SUV,Petrol,5715,1200,Basic,486.58,2000,14,0,337,18986,2,0
4190,64,Female,Married,Bachelor,Retired,Urban,43,0,2,2024,0,Mercedes,Pickup,Petrol,10850,1800,Comprehensive,1397.2,500,7,1,641,126487,1,0
4191,72,Female,Single,Master,Student,Rural,49,0,0,2023,1,Mercedes,Hatchback,Diesel,21985,1800,Comprehensive,728.27,250,15,0,508,179102,2,0
4192,20,Male,Married,PhD,Self-Employed,Suburban,0,0,1,2019,5,Ford,Coupe,Hybrid,9935,1500,Comprehensive,2612.23,500,13,1,610,123441,2,1
4193,70,Female,Single,Master,Retired,Urban,49,0,0,2011,13,Audi,SUV,Petrol,34927,1500,Basic,962.74,1500,1,1,504,183755,1,1
4194,42,Male,Married,None,Employed,Suburban,22,1,0,2010,14,Nissan,Coupe,Petrol,21153,1200,Comprehensive,916,250,5,0,597,144193,2,0
4195,23,Female,Single,Bachelor,Self-Employed,Suburban,3,0,1,2024,0,BMW,SUV,Electric,21135,1500,Standard,2759.24,1000,6,0,660,185962,2,0
4196,28,Male,Widowed,PhD,Self-Employed,Urban,8,3,1,2013,11,Hyundai,SUV,Petrol,12374,1800,Standard,574.76,1000,7,1,836,136386,2,0
4197,57,Female,Single,Bachelor,Unemployed,Suburban,37,0,0,2016,8,Nissan,Minivan,Petrol,24986,2000,Basic,2307.53,250,10,1,742,133999,3,0
4198,24,Female,Married,Master,Student,Rural,4,0,1,2011,13,Mercedes,Pickup,Electric,23346,1500,Comprehensive,2741.15,2000,11,1,365,25134,1,0
4199,44,Female,Married,None,Retired,Suburban,21,0,1,2015,9,Mercedes,SUV,Petrol,29234,1000,Basic,306.62,1000,7,1,749,79292,2,0
4200,68,Male,Married,PhD,Retired,Suburban,45,1,1,2024,0,Audi,SUV,Diesel,31988,1200,Basic,1954.22,2000,14,0,423,108223,0,0
4201,73,Male,Single,Master,Employed,Suburban,52,1,0,2011,13,Mercedes,SUV,Petrol,23678,1500,Standard,2305.3,1500,5,0,729,91326,2,1
4202,43,Male,Divorced,Bachelor,Employed,Suburban,24,0,0,2013,11,Honda,Sedan,Electric,19079,1200,Comprehensive,2468.66,1000,13,1,404,53993,3,1
4203,35,Male,Single,Master,Retired,Urban,15,4,1,2023,1,Mercedes,Pickup,Hybrid,14355,1800,Standard,587.19,1000,6,1,677,70707,0,1
4204,59,Female,Divorced,PhD,Employed,Suburban,38,2,0,2022,2,BMW,Sedan,Diesel,13408,1800,Comprehensive,1265.23,250,8,0,478,168745,2,0
4205,39,Male,Single,Master,Student,Urban,16,0,0,2022,2,Audi,Pickup,Electric,16963,3000,Standard,1837.31,2000,5,0,493,160242,2,1
4206,53,Female,Divorced,PhD,Unemployed,Rural,31,1,2,2015,9,Volkswagen,Coupe,Diesel,6659,3000,Comprehensive,2862.08,500,6,0,819,133092,1,0
4207,67,Female,Widowed,PhD,Student,Urban,44,0,1,2022,2,Mercedes,Sedan,Hybrid,8266,2500,Standard,1958.3,1500,9,1,382,171721,3,0
4208,18,Female,Widowed,Master,Employed,Suburban,0,0,1,2015,9,Toyota,Coupe,Diesel,29768,1500,Standard,377.5,1500,15,1,617,169089,2,1
4209,33,Female,Married,PhD,Employed,Urban,10,0,1,2009,15,Honda,Coupe,Diesel,24893,1000,Standard,1156.53,1500,7,0,598,154335,1,1
4210,55,Male,Divorced,None,Retired,Urban,32,2,0,2012,12,Mercedes,Sedan,Diesel,7600,1800,Basic,2675.99,250,7,0,574,150537,4,1
4211,50,Female,Married,Master,Employed,Suburban,31,0,1,2018,6,Chevrolet,Minivan,Electric,8106,2000,Basic,985.21,2000,6,0,776,32413,0,0
4212,39,Female,Divorced,Master,Unemployed,Suburban,21,0,2,2013,11,Nissan,Hatchback,Diesel,30993,2000,Comprehensive,1676.45,2000,13,0,537,196899,0,0
4213,69,Female,Divorced,None,Unemployed,Urban,46,0,1,2015,9,Nissan,Sedan,Diesel,11995,2000,Comprehensive,2132.11,1500,8,0,773,172127,1,1
4214,18,Female,Single,Master,Unemployed,Rural,0,0,0,2017,7,BMW,Sedan,Diesel,31086,2500,Standard,2870.01,250,13,1,748,126392,2,1
4215,48,Male,Married,None,Employed,Rural,26,0,1,2021,3,Hyundai,Hatchback,Diesel,14048,1000,Basic,2392.25,500,8,0,388,111447,0,1
4216,50,Female,Single,PhD,Retired,Suburban,32,0,3,2013,11,Mercedes,Minivan,Electric,9912,1000,Comprehensive,1724.62,1000,9,0,681,92516,2,0
4217,61,Male,Single,None,Unemployed,Suburban,43,3,1,2005,19,Hyundai,SUV,Diesel,15894,3500,Basic,360.33,500,8,0,354,153507,3,1
4218,34,Female,Divorced,Master,Retired,Rural,16,0,2,2013,11,Mercedes,Minivan,Hybrid,21800,1000,Basic,1085.34,1500,1,0,720,184568,1,0
4219,26,Female,Single,High School,Unemployed,Rural,8,2,1,2008,16,Mercedes,Hatchback,Petrol,33595,1800,Standard,334.92,2000,3,1,383,92581,2,1
4220,43,Female,Widowed,Master,Unemployed,Suburban,20,0,1,2020,4,Toyota,Coupe,Hybrid,28541,1500,Standard,1170.36,1000,10,0,356,20532,2,0
4221,19,Female,Married,Master,Employed,Urban,0,1,0,2021,3,Mercedes,SUV,Petrol,15003,1800,Standard,1718.1,2000,1,0,328,136283,0,1
4222,29,Male,Single,Bachelor,Self-Employed,Urban,8,0,1,2007,17,Audi,Sedan,Electric,21760,1800,Standard,1618.43,500,13,1,734,198117,1,0
4223,36,Female,Divorced,PhD,Unemployed,Urban,18,1,0,2024,0,Toyota,Coupe,Electric,34017,2500,Basic,1769.19,1000,4,1,687,113876,0,0
4224,37,Female,Widowed,None,Retired,Urban,15,0,0,2009,15,Audi,Hatchback,Hybrid,14423,1000,Standard,1509.23,500,15,1,694,16346,3,0
4225,41,Female,Married,None,Unemployed,Urban,23,0,2,2013,11,Volkswagen,Sedan,Electric,7476,1200,Standard,2865.58,250,5,1,668,44762,0,0
4226,55,Female,Widowed,Bachelor,Unemployed,Suburban,33,0,2,2016,8,Volkswagen,Pickup,Hybrid,28704,1500,Comprehensive,589.33,500,4,0,730,107735,2,0
4227,29,Female,Divorced,Master,Self-Employed,Rural,11,0,2,2013,11,Ford,Sedan,Electric,24575,1500,Basic,2941.38,1500,10,1,777,190687,3,1
4228,40,Male,Widowed,None,Retired,Rural,20,0,0,2017,7,Ford,Hatchback,Diesel,31027,2500,Comprehensive,1569.76,250,7,1,564,82163,0,0
4229,56,Female,Widowed,Bachelor,Retired,Suburban,34,0,0,2011,13,Nissan,Hatchback,Electric,33554,1200,Basic,2697.47,250,15,0,328,76530,0,0
4230,62,Female,Married,High School,Unemployed,Suburban,41,2,0,2005,19,Hyundai,Pickup,Electric,25794,1200,Standard,1834.48,1000,14,0,364,27401,1,0
4231,35,Female,Widowed,PhD,Self-Employed,Suburban,14,0,3,2017,7,Toyota,Pickup,Electric,9378,1000,Basic,711.07,500,11,1,838,111653,4,0
4232,53,Female,Single,PhD,Retired,Rural,32,1,1,2020,4,Mercedes,Sedan,Petrol,23281,1000,Standard,1705.72,250,4,0,370,16111,0,0
4233,23,Female,Divorced,None,Self-Employed,Urban,2,0,2,2018,6,Chevrolet,Pickup,Electric,19683,3000,Standard,862.97,500,11,0,574,39578,0,0
4234,20,Male,Widowed,Bachelor,Unemployed,Rural,0,0,1,2023,1,Chevrolet,SUV,Diesel,30444,2000,Standard,1782.25,1500,2,1,810,97114,2,1
4235,50,Male,Single,Bachelor,Employed,Suburban,27,0,0,2024,0,Nissan,Coupe,Diesel,22213,1500,Comprehensive,2432.05,1000,3,0,497,106267,1,0
4236,40,Male,Divorced,High School,Unemployed,Urban,19,1,2,2013,11,Honda,Sedan,Hybrid,20879,1500,Standard,1698.05,2000,13,0,581,114704,0,1
4237,36,Male,Single,High School,Employed,Suburban,14,2,0,2021,3,Honda,SUV,Electric,24168,1500,Basic,1271.44,1000,11,0,607,92206,0,0
4238,19,Female,Widowed,High School,Retired,Rural,0,3,1,2013,11,Audi,Hatchback,Hybrid,24248,1500,Standard,932.63,500,1,1,702,125753,1,1
4239,27,Male,Widowed,None,Self-Employed,Urban,5,0,0,2016,8,Toyota,SUV,Electric,32629,2000,Basic,706.08,2000,13,1,738,158989,4,0
4240,68,Female,Married,PhD,Unemployed,Rural,48,2,1,2018,6,Volkswagen,Coupe,Petrol,24814,1800,Standard,1048.51,2000,13,1,585,188966,1,1
4241,41,Male,Married,None,Retired,Suburban,18,0,0,2009,15,Ford,Minivan,Hybrid,33857,1000,Basic,1840.56,500,13,1,755,77367,1,0
4242,69,Male,Married,Bachelor,Retired,Rural,51,0,2,2010,14,Ford,Pickup,Petrol,23832,1800,Comprehensive,1573.48,250,4,0,312,100620,3,0
4243,25,Male,Married,High School,Retired,Urban,2,0,0,2020,4,Hyundai,SUV,Petrol,10090,1800,Standard,2286.37,1000,4,0,384,110711,2,1
4244,34,Female,Divorced,Master,Employed,Rural,13,1,0,2007,17,Chevrolet,Coupe,Hybrid,21999,2000,Basic,433.84,1500,6,0,643,145103,1,0
4245,30,Female,Divorced,None,Self-Employed,Rural,7,1,0,2017,7,Nissan,Sedan,Petrol,32929,1800,Basic,322.13,1500,13,0,399,161517,3,0
4246,62,Female,Married,Master,Self-Employed,Rural,43,0,1,2005,19,Nissan,Coupe,Hybrid,29872,2500,Basic,1967.3,1000,11,0,478,35733,3,0
4247,55,Male,Divorced,Master,Unemployed,Suburban,37,0,0,2016,8,Nissan,Pickup,Hybrid,26805,2500,Comprehensive,2164.36,2000,9,1,705,20471,2,0
4248,57,Male,Divorced,Master,Self-Employed,Suburban,36,2,1,2007,17,Chevrolet,Minivan,Hybrid,6174,1800,Basic,2428.9,500,11,0,739,127822,2,1
4249,20,Male,Single,Master,Unemployed,Urban,0,2,0,2014,10,BMW,Sedan,Electric,24879,1500,Standard,351.04,1000,1,1,327,79752,1,0
4250,70,Male,Widowed,High School,Retired,Rural,52,0,0,2022,2,Ford,SUV,Diesel,22889,2000,Basic,2524.6,2000,11,0,311,121033,1,0
4251,28,Female,Divorced,None,Employed,Rural,7,0,0,2017,7,Honda,SUV,Electric,10463,2000,Basic,2043.32,500,7,0,709,129828,0,0
4252,44,Male,Divorced,Bachelor,Unemployed,Rural,24,0,0,2014,10,Audi,Minivan,Petrol,25950,1500,Standard,2243.04,250,4,0,508,132882,0,0
4253,72,Female,Divorced,Bachelor,Unemployed,Rural,52,1,0,2016,8,Audi,SUV,Petrol,28558,1500,Comprehensive,2856.19,250,13,1,618,138716,3,1
4254,30,Male,Married,Bachelor,Student,Suburban,10,0,0,2015,9,Mercedes,Pickup,Petrol,9646,1800,Standard,1998.61,500,10,0,510,50302,0,0
4255,45,Male,Single,High School,Employed,Urban,25,1,0,2022,2,BMW,Pickup,Electric,33236,1500,Standard,1672.94,500,11,1,436,71738,0,0
4256,53,Female,Single,None,Unemployed,Rural,35,0,1,2017,7,BMW,Hatchback,Petrol,9670,2500,Standard,315.53,500,2,0,563,23436,0,1
4257,55,Male,Divorced,None,Self-Employed,Urban,35,0,0,2005,19,Honda,Coupe,Petrol,30863,3500,Standard,1067.39,500,15,0,578,157617,2,0
4258,29,Male,Divorced,None,Unemployed,Rural,8,0,1,2005,19,Toyota,Minivan,Diesel,19239,1800,Comprehensive,1547.33,250,1,1,494,85468,2,1
4259,18,Male,Married,PhD,Employed,Urban,0,0,0,2017,7,Mercedes,Pickup,Electric,17459,2000,Standard,554.67,2000,7,0,381,29061,1,1
4260,67,Female,Widowed,Bachelor,Retired,Urban,44,0,0,2021,3,Mercedes,Sedan,Hybrid,8099,1500,Comprehensive,2180.13,1000,15,1,745,23520,3,0
4261,22,Female,Widowed,Master,Employed,Urban,3,3,2,2019,5,Chevrolet,Minivan,Diesel,18306,2000,Basic,1186.33,2000,5,0,549,44070,2,0
4262,43,Female,Widowed,Bachelor,Unemployed,Rural,24,0,2,2018,6,BMW,Minivan,Petrol,7355,1800,Comprehensive,1099.86,1000,14,0,465,110899,3,0
4263,32,Male,Married,None,Retired,Suburban,13,0,2,2006,18,BMW,Hatchback,Diesel,30356,1800,Standard,1516.31,500,10,0,310,113354,4,1
4264,28,Female,Married,Master,Retired,Urban,9,0,5,2007,17,Honda,SUV,Diesel,19837,2500,Basic,1048.4,250,8,1,766,163048,3,1
4265,73,Female,Divorced,Bachelor,Self-Employed,Urban,53,1,0,2024,0,Nissan,Minivan,Electric,26957,2000,Standard,1144.25,500,12,1,524,16001,1,1
4266,64,Male,Single,None,Self-Employed,Urban,42,0,1,2019,5,Ford,Pickup,Hybrid,31228,1800,Comprehensive,1596.19,2000,9,1,712,24304,1,1
4267,46,Female,Married,None,Unemployed,Urban,26,1,2,2018,6,BMW,Hatchback,Electric,28021,2000,Basic,690.92,250,10,1,659,116539,1,0
4268,52,Male,Single,PhD,Unemployed,Urban,30,1,0,2021,3,Nissan,Minivan,Electric,7689,1500,Comprehensive,572.84,1500,6,1,378,122327,2,1
4269,27,Male,Single,Master,Employed,Suburban,9,0,0,2021,3,Honda,SUV,Hybrid,6426,1200,Comprehensive,2930.36,2000,12,0,357,19480,4,0
4270,28,Male,Married,Master,Student,Suburban,8,2,1,2014,10,Volkswagen,Coupe,Electric,27287,2000,Standard,2296.89,1000,2,1,814,29281,3,1
4271,26,Male,Single,None,Student,Urban,4,1,1,2011,13,Hyundai,Coupe,Hybrid,25293,2000,Comprehensive,2640.36,500,6,1,653,43691,0,0
4272,56,Female,Single,PhD,Student,Rural,34,2,0,2005,19,BMW,Sedan,Petrol,17255,2000,Comprehensive,1202.42,500,3,1,312,147918,2,0
4273,34,Male,Widowed,PhD,Self-Employed,Suburban,12,0,1,2014,10,Audi,Hatchback,Hybrid,13819,1500,Basic,1181.95,1500,7,0,556,123213,2,0
4274,35,Male,Married,Master,Self-Employed,Suburban,16,0,0,2014,10,Toyota,Pickup,Electric,13738,1500,Basic,426.94,500,2,1,533,175590,0,1
4275,34,Male,Single,PhD,Self-Employed,Suburban,13,0,0,2018,6,Audi,Sedan,Electric,33827,1500,Basic,733.04,500,2,0,550,134180,0,0
4276,36,Male,Single,None,Student,Rural,17,0,2,2008,16,Ford,Pickup,Hybrid,28811,2000,Basic,1489.65,1000,2,1,431,151726,0,0
4277,33,Male,Divorced,Master,Student,Rural,14,4,2,2006,18,Mercedes,Sedan,Petrol,33808,2500,Basic,2078.46,2000,5,0,314,182064,1,1
4278,34,Female,Divorced,PhD,Student,Suburban,16,2,1,2006,18,Honda,SUV,Petrol,12384,1200,Basic,1612.5,250,12,0,474,88999,1,0
4279,62,Male,Married,Bachelor,Retired,Suburban,43,2,1,2014,10,Nissan,Hatchback,Petrol,23342,1500,Comprehensive,1477.86,2000,14,0,622,16320,0,0
4280,61,Female,Single,High School,Retired,Suburban,39,1,0,2011,13,Hyundai,SUV,Hybrid,33455,3000,Comprehensive,2453.27,1500,11,1,741,172597,1,0
4281,20,Male,Widowed,PhD,Retired,Rural,0,0,0,2019,5,Ford,Hatchback,Diesel,15340,1200,Comprehensive,2619.49,1500,8,0,407,21857,0,0
4282,39,Female,Divorced,None,Student,Rural,17,1,1,2013,11,Volkswagen,Pickup,Diesel,23208,2500,Comprehensive,2241.38,1000,3,0,408,166884,1,1
4283,41,Male,Widowed,High School,Unemployed,Urban,20,0,0,2006,18,Toyota,SUV,Electric,17998,1200,Comprehensive,1289.93,1500,7,0,668,33952,0,0
4284,55,Female,Widowed,Bachelor,Retired,Rural,33,1,3,2019,5,Chevrolet,Minivan,Hybrid,8897,3000,Standard,2112.05,2000,6,0,374,89158,2,0
4285,74,Male,Single,Bachelor,Self-Employed,Suburban,53,0,0,2016,8,Honda,Pickup,Petrol,12672,2500,Standard,1047.1,2000,15,0,549,126344,0,0
4286,49,Female,Single,Bachelor,Retired,Suburban,31,1,0,2015,9,Hyundai,Coupe,Electric,27999,1500,Comprehensive,801.63,500,2,0,415,85388,3,0
4287,42,Male,Married,Master,Employed,Rural,20,0,2,2011,13,BMW,Coupe,Petrol,21442,3500,Comprehensive,2672.15,2000,7,0,741,32859,2,0
4288,35,Female,Divorced,None,Student,Suburban,16,1,5,2005,19,Ford,Minivan,Petrol,21556,2500,Comprehensive,587.54,250,12,1,585,120649,1,1
4289,22,Male,Widowed,Master,Retired,Rural,3,3,3,2008,16,Mercedes,Minivan,Petrol,19669,1500,Comprehensive,586.15,1000,8,1,708,84430,1,0
4290,73,Female,Widowed,High School,Employed,Suburban,52,0,0,2010,14,Chevrolet,Coupe,Electric,26036,3500,Basic,987.76,2000,11,1,373,40767,0,1
4291,61,Male,Divorced,PhD,Retired,Urban,38,0,0,2024,0,Ford,Hatchback,Petrol,5082,1200,Basic,433.24,2000,9,1,666,95772,3,0
4292,25,Female,Married,PhD,Student,Rural,6,0,0,2023,1,BMW,Hatchback,Petrol,13298,1800,Basic,495.9,1000,6,1,361,52985,2,0
4293,72,Male,Divorced,High School,Student,Urban,54,1,1,2011,13,Honda,Pickup,Hybrid,13306,1800,Standard,561,1000,4,1,722,180000,2,1
4294,54,Female,Widowed,None,Employed,Rural,36,0,0,2012,12,BMW,Sedan,Diesel,14504,2000,Basic,780.99,1500,6,0,360,161610,2,1
4295,31,Male,Single,Master,Retired,Urban,11,3,2,2010,14,Volkswagen,Coupe,Electric,24357,1500,Comprehensive,1619.97,500,10,1,600,132957,1,0
4296,18,Female,Single,Master,Unemployed,Suburban,0,0,0,2023,1,Toyota,SUV,Electric,21280,2000,Comprehensive,460.03,500,11,0,573,158430,2,1
4297,74,Male,Divorced,Bachelor,Unemployed,Suburban,55,2,0,2007,17,Honda,Minivan,Electric,6139,1200,Basic,2455.51,1500,11,0,420,180455,0,0
4298,28,Female,Widowed,PhD,Student,Suburban,7,4,1,2008,16,Chevrolet,Sedan,Petrol,14478,2000,Standard,2221.97,250,1,1,434,147395,1,1
4299,29,Male,Single,PhD,Student,Urban,6,2,0,2019,5,Nissan,Coupe,Diesel,14998,2500,Comprehensive,572.2,1000,13,1,585,49676,1,0
4300,57,Female,Divorced,Master,Unemployed,Urban,37,0,0,2007,17,BMW,Sedan,Electric,28542,1800,Comprehensive,1487.65,250,15,1,641,44285,0,1
4301,64,Male,Married,PhD,Employed,Rural,42,2,0,2019,5,Volkswagen,Pickup,Electric,34736,1200,Standard,1659.02,500,1,1,602,95787,0,0
4302,63,Male,Widowed,PhD,Retired,Suburban,40,2,1,2010,14,Mercedes,Minivan,Hybrid,18114,1500,Comprehensive,1053.52,1000,1,0,769,34823,2,0
4303,33,Male,Divorced,PhD,Self-Employed,Urban,13,0,1,2021,3,Nissan,Minivan,Petrol,20656,2000,Comprehensive,2127.07,1500,4,0,611,52562,2,0
4304,22,Female,Widowed,Bachelor,Employed,Urban,2,0,0,2021,3,Honda,Hatchback,Hybrid,26174,1200,Standard,2788.61,500,11,0,385,99181,2,0
4305,29,Female,Divorced,Master,Student,Urban,7,1,1,2010,14,Volkswagen,Sedan,Hybrid,8545,1800,Comprehensive,356.56,2000,13,1,651,50483,2,0
4306,22,Male,Married,None,Employed,Rural,0,1,2,2008,16,BMW,Pickup,Diesel,23081,1800,Comprehensive,2876.96,2000,4,1,544,99206,4,1
4307,60,Male,Widowed,PhD,Unemployed,Urban,41,0,2,2023,1,Mercedes,Coupe,Diesel,9713,1500,Standard,1590.39,1000,6,1,847,140589,2,0
4308,37,Female,Divorced,PhD,Student,Suburban,14,0,0,2012,12,Mercedes,Sedan,Electric,22417,1200,Comprehensive,1953.03,250,10,1,350,94085,2,0
4309,31,Male,Married,PhD,Self-Employed,Rural,11,1,0,2007,17,Mercedes,Minivan,Electric,29393,1500,Basic,2018,1000,11,0,412,27426,2,0
4310,43,Female,Divorced,PhD,Unemployed,Rural,20,1,3,2019,5,BMW,Pickup,Petrol,27751,2000,Comprehensive,2147.64,500,5,1,654,195088,3,1
4311,54,Male,Widowed,Master,Retired,Rural,36,0,1,2017,7,Nissan,Hatchback,Petrol,34001,2000,Basic,1242.32,1500,3,0,835,167079,1,0
4312,59,Male,Widowed,High School,Student,Suburban,39,1,1,2012,12,Audi,Coupe,Diesel,7334,1500,Basic,2782.07,2000,10,1,832,150624,2,0
4313,35,Male,Widowed,None,Employed,Rural,17,0,0,2005,19,Chevrolet,Hatchback,Diesel,34519,1800,Basic,2890.27,1000,3,0,783,120056,2,1
4314,28,Female,Divorced,Master,Self-Employed,Urban,9,4,0,2021,3,Hyundai,Hatchback,Hybrid,13363,2000,Comprehensive,647.57,1500,13,0,797,135079,2,1
4315,30,Female,Single,Bachelor,Employed,Suburban,10,0,1,2016,8,Hyundai,Sedan,Hybrid,12199,2500,Comprehensive,2216.64,250,13,1,373,191336,1,0
4316,23,Female,Divorced,None,Retired,Suburban,0,0,0,2021,3,Honda,Sedan,Electric,6847,2000,Comprehensive,1607.58,500,2,0,752,106790,2,0
4317,65,Male,Married,PhD,Student,Urban,45,3,1,2018,6,Audi,Coupe,Hybrid,33568,1800,Standard,1697.31,1500,6,1,773,49555,0,0
4318,30,Male,Divorced,None,Self-Employed,Rural,8,0,0,2018,6,Chevrolet,Pickup,Petrol,10122,2500,Basic,995.73,500,13,0,550,38213,0,0
4319,53,Male,Single,High School,Unemployed,Rural,31,4,0,2006,18,BMW,Hatchback,Electric,15190,1800,Basic,2709.45,1500,15,1,499,146342,4,1
4320,30,Female,Divorced,Bachelor,Retired,Rural,9,1,0,2017,7,Nissan,Minivan,Diesel,22802,2500,Basic,1239.68,1000,3,1,820,122945,1,0
4321,41,Female,Divorced,High School,Student,Urban,23,3,2,2011,13,Toyota,SUV,Hybrid,15139,2500,Basic,2288.87,250,11,1,528,175850,0,1
4322,53,Female,Single,Bachelor,Employed,Urban,30,0,0,2019,5,Mercedes,SUV,Electric,10606,2000,Standard,535.15,1500,15,1,738,101148,1,0
4323,51,Female,Widowed,None,Employed,Rural,33,0,3,2018,6,BMW,Pickup,Petrol,16690,1200,Standard,1516.11,2000,15,1,393,129976,0,0
4324,54,Female,Married,PhD,Student,Urban,33,0,0,2010,14,Volkswagen,Pickup,Electric,10728,1800,Standard,490.28,2000,11,1,741,51362,0,0
4325,63,Male,Widowed,PhD,Self-Employed,Suburban,45,0,2,2020,4,Toyota,Hatchback,Petrol,29529,2000,Standard,1660.1,1500,7,1,518,93443,0,0
4326,30,Male,Married,None,Self-Employed,Suburban,9,0,1,2011,13,Chevrolet,Sedan,Petrol,23640,1200,Comprehensive,2136.29,250,12,1,302,92787,1,0
4327,56,Female,Married,Bachelor,Employed,Urban,38,0,1,2010,14,Volkswagen,Hatchback,Electric,7767,1200,Comprehensive,2937.88,2000,13,0,584,148283,2,0
4328,39,Female,Single,Master,Student,Urban,17,0,1,2011,13,Hyundai,Minivan,Electric,31204,2000,Comprehensive,1835.34,250,10,1,638,22589,0,0
4329,49,Male,Married,None,Self-Employed,Urban,27,1,1,2024,0,Honda,Sedan,Diesel,8075,1800,Comprehensive,965.59,1500,6,1,457,132917,2,1
4330,44,Female,Divorced,Bachelor,Student,Suburban,23,0,0,2006,18,Honda,SUV,Hybrid,14915,3500,Standard,2829.01,1500,2,0,722,145187,0,0
4331,28,Female,Divorced,Master,Employed,Urban,6,0,1,2015,9,Volkswagen,Coupe,Electric,28410,1500,Basic,1404.94,1500,15,0,485,85321,2,1
4332,68,Female,Divorced,Bachelor,Employed,Rural,45,1,1,2018,6,Toyota,Coupe,Hybrid,21530,1500,Comprehensive,1672.33,2000,10,0,489,195947,1,0
4333,68,Male,Single,Bachelor,Self-Employed,Rural,47,0,2,2011,13,Nissan,SUV,Hybrid,19646,1800,Comprehensive,2526.38,1500,4,0,530,97640,3,1
4334,34,Male,Married,None,Retired,Urban,11,3,0,2023,1,Chevrolet,Coupe,Hybrid,12421,1000,Standard,2664.15,1500,5,0,815,146239,2,0
4335,43,Female,Married,High School,Unemployed,Urban,22,0,0,2011,13,BMW,Minivan,Petrol,13076,1500,Comprehensive,1031.22,1500,13,0,435,187578,1,0
4336,58,Female,Widowed,High School,Retired,Rural,40,0,0,2011,13,Toyota,Pickup,Petrol,30664,1500,Comprehensive,2855.31,1500,5,0,695,133004,3,1
4337,54,Male,Married,Bachelor,Employed,Rural,32,0,0,2009,15,Volkswagen,SUV,Petrol,5476,1200,Basic,2964.86,2000,9,0,718,57164,2,0
4338,42,Female,Married,None,Self-Employed,Urban,24,1,1,2010,14,Volkswagen,Pickup,Hybrid,16578,1500,Basic,2815.57,500,8,0,629,139949,2,0
4339,57,Female,Married,Master,Student,Rural,34,1,2,2012,12,Audi,Sedan,Electric,34248,2000,Basic,2987.66,1000,14,1,621,174026,2,0
4340,55,Male,Married,High School,Self-Employed,Rural,35,1,0,2009,15,Nissan,Coupe,Electric,25150,2000,Standard,2413.34,250,2,1,651,149755,1,1
4341,50,Male,Divorced,None,Employed,Rural,28,1,2,2005,19,Ford,Coupe,Petrol,8168,1800,Basic,1739.08,1000,1,1,439,163825,0,0
4342,74,Male,Single,None,Employed,Urban,56,2,0,2005,19,Hyundai,Minivan,Hybrid,13112,1800,Basic,2523.32,2000,13,1,401,88354,3,0
4343,43,Male,Divorced,Bachelor,Self-Employed,Urban,25,0,2,2014,10,Mercedes,Sedan,Petrol,13188,1800,Basic,2215.56,1500,7,0,401,40157,2,1
4344,33,Female,Widowed,Master,Employed,Rural,10,0,0,2024,0,Honda,SUV,Diesel,23270,1500,Basic,2211.91,1500,4,0,834,89913,1,1
4345,20,Female,Married,None,Self-Employed,Suburban,0,3,0,2014,10,Toyota,Hatchback,Hybrid,26572,2500,Standard,1883.42,500,15,0,817,49565,2,1
4346,53,Female,Widowed,None,Retired,Rural,30,0,0,2017,7,Nissan,Pickup,Electric,31687,2000,Standard,1812.83,500,9,0,383,141668,0,1
4347,28,Male,Divorced,PhD,Self-Employed,Suburban,6,1,0,2009,15,BMW,Hatchback,Diesel,25127,2000,Comprehensive,1943.07,1500,5,1,693,185029,2,1
4348,33,Male,Single,None,Retired,Urban,12,1,0,2024,0,Hyundai,Hatchback,Hybrid,19706,2000,Standard,875.34,1500,10,0,755,32577,1,0
4349,69,Male,Single,Master,Student,Suburban,49,0,0,2013,11,Honda,SUV,Hybrid,33745,1500,Standard,1957.73,500,5,1,607,171215,0,0
4350,47,Female,Married,High School,Student,Urban,27,1,5,2011,13,Honda,Minivan,Petrol,12820,1500,Basic,2564.33,2000,2,0,456,17914,2,1
4351,27,Female,Divorced,High School,Student,Suburban,4,0,2,2022,2,Mercedes,Sedan,Hybrid,31119,1800,Basic,725.44,1500,3,0,369,48051,0,0
4352,66,Female,Divorced,Bachelor,Student,Urban,46,0,0,2024,0,Volkswagen,Hatchback,Hybrid,21004,3000,Standard,2806.21,500,6,1,545,80871,1,0
4353,56,Female,Single,Master,Student,Urban,34,0,1,2021,3,Honda,Pickup,Hybrid,6149,1800,Standard,819.85,2000,12,0,513,131690,0,0
4354,31,Female,Single,Master,Self-Employed,Rural,12,1,1,2014,10,Mercedes,Minivan,Diesel,11012,1500,Comprehensive,2159.72,500,3,0,401,128896,2,1
4355,53,Male,Widowed,High School,Unemployed,Suburban,30,2,0,2006,18,Ford,Sedan,Diesel,18824,1000,Basic,2852.26,250,9,0,380,199811,1,0
4356,26,Female,Divorced,Master,Unemployed,Rural,4,1,0,2022,2,Nissan,SUV,Electric,21415,2500,Standard,756.04,1500,3,1,320,91689,0,0
4357,38,Female,Widowed,Master,Student,Suburban,20,3,1,2010,14,Nissan,Coupe,Diesel,13490,1800,Basic,1933.04,1500,15,1,634,80802,1,0
4358,65,Male,Married,Master,Self-Employed,Suburban,46,0,0,2022,2,Ford,Pickup,Petrol,27626,1000,Standard,2034.21,1500,3,1,345,127319,1,1
4359,21,Male,Widowed,Master,Employed,Rural,0,0,1,2020,4,BMW,Minivan,Diesel,11896,2500,Basic,2544.66,250,1,0,560,144278,1,1
4360,34,Female,Married,PhD,Unemployed,Urban,12,1,0,2012,12,Toyota,Minivan,Petrol,23786,2000,Basic,881.88,500,7,0,418,81801,1,0
4361,23,Female,Married,Bachelor,Retired,Suburban,3,0,1,2017,7,Chevrolet,Hatchback,Hybrid,21171,1800,Standard,1020.44,2000,1,1,466,182419,3,0
4362,19,Male,Widowed,Bachelor,Employed,Rural,0,0,1,2021,3,Volkswagen,SUV,Hybrid,12831,2000,Comprehensive,1500.26,2000,4,0,574,199854,2,0
4363,21,Female,Divorced,None,Retired,Urban,0,0,0,2013,11,Hyundai,Pickup,Petrol,26674,3000,Basic,2700.21,1500,15,0,618,148612,2,1
4364,24,Male,Widowed,Bachelor,Self-Employed,Suburban,4,0,1,2016,8,Volkswagen,Minivan,Diesel,16817,1500,Comprehensive,1731.09,1500,15,1,476,70848,1,1
4365,61,Female,Single,PhD,Employed,Urban,41,2,1,2017,7,Volkswagen,Coupe,Electric,13062,1500,Comprehensive,2409.54,250,13,0,605,137104,4,0
4366,32,Female,Widowed,PhD,Student,Rural,11,1,0,2016,8,Ford,Minivan,Hybrid,11456,1500,Basic,2059.66,250,13,1,441,140274,4,1
4367,23,Male,Married,Master,Student,Rural,3,2,0,2007,17,Ford,Pickup,Hybrid,12333,1800,Basic,1569.83,500,15,0,421,192442,0,1
4368,67,Male,Single,PhD,Unemployed,Urban,44,0,0,2010,14,Honda,Minivan,Diesel,12243,1000,Basic,2664.59,1500,2,0,316,147071,2,0
4369,21,Female,Divorced,PhD,Self-Employed,Urban,0,2,0,2017,7,Nissan,Hatchback,Diesel,6380,2000,Basic,2095.38,250,12,1,622,143945,0,1
4370,18,Male,Single,PhD,Student,Suburban,0,1,3,2024,0,Honda,Coupe,Hybrid,15877,3000,Standard,1157.3,1000,12,0,599,143164,1,0
4371,32,Male,Divorced,PhD,Retired,Urban,10,0,3,2017,7,BMW,Hatchback,Petrol,14105,1500,Standard,657.82,250,8,1,755,138594,3,0
4372,33,Male,Married,High School,Student,Rural,15,0,0,2019,5,Chevrolet,SUV,Petrol,31039,1800,Standard,688.24,500,5,1,850,172176,0,0
4373,61,Male,Single,Master,Retired,Suburban,38,0,0,2022,2,Hyundai,Minivan,Diesel,24418,1500,Comprehensive,401.53,250,3,1,398,59462,1,0
4374,20,Male,Divorced,Master,Self-Employed,Suburban,0,4,2,2022,2,Hyundai,Minivan,Electric,21760,3500,Basic,2527.83,250,4,0,699,86496,0,1
4375,53,Female,Widowed,High School,Unemployed,Suburban,30,0,1,2018,6,Hyundai,SUV,Petrol,10711,2000,Comprehensive,2049.95,1000,15,0,760,172241,4,0
4376,66,Male,Widowed,PhD,Self-Employed,Suburban,46,0,1,2005,19,Honda,Minivan,Petrol,12452,2000,Standard,2149.85,2000,15,1,329,89543,0,0
4377,47,Female,Widowed,Bachelor,Employed,Suburban,25,0,0,2015,9,Audi,Pickup,Diesel,12148,2000,Basic,1113.41,500,6,1,505,197641,2,0
4378,64,Male,Single,Master,Retired,Urban,44,0,1,2019,5,Audi,SUV,Electric,22764,2000,Standard,883.48,250,15,0,466,129319,4,0
4379,59,Male,Married,None,Employed,Suburban,39,4,1,2011,13,Ford,Coupe,Electric,16116,1800,Basic,1693.3,250,6,0,509,138781,2,0
4380,66,Female,Single,Bachelor,Self-Employed,Urban,43,1,1,2011,13,Hyundai,Minivan,Hybrid,13903,1500,Basic,2546.28,1500,14,0,599,38277,3,0
4381,66,Male,Divorced,None,Unemployed,Suburban,44,1,0,2007,17,Mercedes,Pickup,Electric,28565,2000,Basic,1660.54,1500,4,0,427,48699,2,0
4382,55,Female,Widowed,Bachelor,Unemployed,Suburban,37,4,0,2017,7,BMW,Pickup,Hybrid,11028,1800,Basic,2492.92,250,5,0,833,110425,0,1
4383,68,Male,Widowed,PhD,Student,Suburban,45,0,1,2017,7,Honda,Sedan,Diesel,20875,2000,Standard,1863.11,2000,14,1,547,72617,2,0
4384,57,Male,Single,High School,Student,Rural,34,0,1,2018,6,Chevrolet,Coupe,Hybrid,27945,2000,Basic,2272.9,1500,10,1,803,19311,2,1
4385,25,Male,Divorced,Bachelor,Unemployed,Suburban,2,1,0,2014,10,Toyota,SUV,Hybrid,11032,3500,Comprehensive,802.25,1000,3,0,626,93962,0,1
4386,26,Male,Married,PhD,Retired,Rural,5,1,1,2008,16,Mercedes,Pickup,Electric,19190,2000,Comprehensive,2888.24,500,7,0,557,60657,0,1
4387,65,Male,Single,Master,Unemployed,Suburban,47,3,0,2012,12,Audi,Sedan,Electric,11363,1500,Standard,490.73,1500,13,0,537,100800,0,0
4388,55,Male,Widowed,None,Retired,Rural,35,1,0,2017,7,Ford,Coupe,Diesel,33578,1500,Standard,1808.5,250,15,1,546,125666,3,0
4389,43,Male,Single,None,Student,Rural,23,0,0,2013,11,Audi,Coupe,Petrol,29928,2500,Standard,2541.73,500,10,0,427,108001,2,0
4390,46,Male,Widowed,Master,Self-Employed,Suburban,23,3,1,2006,18,Honda,Minivan,Diesel,29711,3000,Standard,307.58,1000,14,0,831,125433,4,1
4391,56,Male,Widowed,Master,Employed,Suburban,33,1,1,2023,1,Nissan,Sedan,Electric,5214,1500,Standard,750.36,2000,6,0,428,29296,0,0
4392,71,Male,Widowed,Master,Self-Employed,Urban,50,0,0,2018,6,Audi,Hatchback,Diesel,5093,3500,Standard,2888.87,500,14,1,655,58488,0,0
4393,54,Male,Married,Master,Employed,Suburban,31,0,1,2006,18,Chevrolet,SUV,Electric,19197,1000,Standard,891.58,2000,10,1,317,184598,2,0
4394,74,Male,Divorced,High School,Employed,Suburban,56,1,1,2023,1,BMW,Sedan,Electric,15374,1000,Basic,550.27,1000,9,0,440,153154,0,0
4395,47,Female,Single,Bachelor,Unemployed,Rural,24,0,0,2008,16,Audi,Minivan,Electric,18794,1000,Basic,1677.23,1000,15,1,450,104287,1,0
4396,62,Male,Widowed,PhD,Student,Urban,40,3,0,2024,0,Chevrolet,SUV,Electric,17094,2500,Comprehensive,1305.89,1000,3,0,440,50506,0,1
4397,30,Male,Divorced,Master,Employed,Suburban,10,1,1,2013,11,Chevrolet,Pickup,Electric,32266,1800,Standard,1976.96,1000,3,0,448,134668,0,1
4398,48,Female,Widowed,Master,Retired,Rural,26,0,0,2006,18,Nissan,Sedan,Diesel,11300,1500,Comprehensive,1925.9,500,4,1,598,182271,1,0
4399,25,Female,Divorced,None,Unemployed,Rural,7,0,2,2018,6,Toyota,Coupe,Petrol,20522,1800,Standard,1408.94,250,4,0,506,21148,2,0
4400,42,Male,Married,High School,Self-Employed,Suburban,24,3,0,2009,15,Toyota,Minivan,Electric,22465,1800,Basic,2128.63,500,12,0,542,195466,0,0
4401,47,Male,Divorced,High School,Unemployed,Suburban,25,0,0,2009,15,Hyundai,Sedan,Diesel,32389,1500,Standard,2935.92,500,10,1,656,90757,1,1
4402,39,Female,Married,High School,Self-Employed,Suburban,18,0,2,2006,18,Hyundai,SUV,Diesel,23463,2000,Comprehensive,322.31,500,7,1,454,128985,4,1
4403,33,Female,Married,High School,Employed,Urban,12,0,1,2007,17,Chevrolet,Pickup,Diesel,27001,3500,Basic,2478.19,250,1,0,477,150137,3,1
4404,18,Male,Widowed,Master,Student,Urban,0,1,1,2016,8,Volkswagen,Minivan,Electric,18876,2000,Comprehensive,1100.01,250,4,0,767,52623,3,1
4405,50,Male,Divorced,None,Student,Rural,32,1,1,2008,16,Volkswagen,Minivan,Electric,27913,1800,Basic,802.57,250,7,0,477,98659,2,0
4406,51,Male,Single,High School,Self-Employed,Suburban,32,0,2,2008,16,Ford,SUV,Hybrid,32324,1000,Standard,2169.77,1000,12,0,556,96926,2,1
4407,65,Male,Married,High School,Self-Employed,Rural,43,1,0,2019,5,BMW,SUV,Diesel,5704,1800,Basic,1559.19,1000,4,1,811,86149,1,0
4408,37,Male,Married,Bachelor,Employed,Suburban,17,1,1,2009,15,Honda,SUV,Electric,9760,1800,Basic,1199.5,2000,11,1,703,32643,0,0
4409,75,Male,Divorced,High School,Self-Employed,Urban,54,0,1,2008,16,Ford,SUV,Electric,27142,2500,Comprehensive,584.18,250,1,0,500,40531,1,0
4410,67,Female,Single,PhD,Self-Employed,Urban,46,4,0,2023,1,Nissan,Pickup,Hybrid,31323,2000,Standard,531.78,500,12,0,711,112896,2,1
4411,66,Female,Widowed,Master,Retired,Suburban,44,0,1,2017,7,Toyota,Minivan,Hybrid,7852,3500,Basic,2315.98,1000,7,1,497,169262,4,1
4412,41,Female,Married,High School,Retired,Urban,18,0,2,2022,2,Chevrolet,Sedan,Petrol,9684,1800,Basic,1026.52,500,11,1,579,41697,0,0
4413,34,Female,Divorced,High School,Employed,Urban,13,0,2,2019,5,Hyundai,Coupe,Petrol,8283,2000,Basic,2523.89,250,2,0,519,185179,1,1
4414,29,Male,Married,None,Self-Employed,Suburban,8,0,1,2014,10,BMW,Minivan,Electric,6732,1000,Standard,485.14,250,7,1,838,136660,3,1
4415,25,Male,Married,Bachelor,Self-Employed,Suburban,7,1,0,2024,0,Toyota,Hatchback,Hybrid,17620,2000,Basic,674.86,1500,14,0,376,33765,4,0
4416,48,Male,Widowed,High School,Student,Urban,27,0,1,2007,17,Mercedes,Hatchback,Hybrid,20286,2000,Comprehensive,1518.75,1000,1,0,715,47126,4,0
4417,44,Male,Widowed,High School,Self-Employed,Suburban,23,0,0,2007,17,BMW,Pickup,Hybrid,33492,2000,Standard,2693.42,2000,13,1,790,72045,1,0
4418,28,Female,Divorced,None,Employed,Urban,7,1,0,2023,1,Honda,Sedan,Hybrid,24564,1200,Basic,2210.95,2000,9,0,580,19669,2,0
4419,41,Female,Married,PhD,Self-Employed,Rural,23,0,0,2010,14,Chevrolet,SUV,Diesel,8734,1000,Comprehensive,1531.22,1500,8,1,477,183300,0,0
4420,69,Female,Widowed,Master,Unemployed,Urban,48,0,0,2017,7,Ford,Pickup,Diesel,6471,2500,Standard,1911.53,1500,5,0,759,65287,0,0
4421,28,Male,Divorced,PhD,Retired,Suburban,9,0,1,2010,14,Ford,SUV,Petrol,28930,2500,Basic,2715.45,1000,15,0,306,182350,1,1
4422,34,Female,Married,Master,Employed,Suburban,12,0,0,2014,10,Toyota,SUV,Electric,10221,1800,Basic,2117.49,500,1,0,729,180282,4,0
4423,22,Male,Widowed,Bachelor,Student,Urban,0,0,1,2021,3,Mercedes,Minivan,Diesel,14651,1800,Basic,462.45,2000,10,1,576,38077,0,0
4424,44,Male,Married,None,Unemployed,Rural,22,0,1,2006,18,Toyota,Sedan,Petrol,28853,1800,Standard,1355.56,1500,10,1,420,28507,3,1
4425,49,Male,Single,High School,Student,Rural,31,0,0,2022,2,Ford,SUV,Diesel,21836,1500,Standard,2556.76,1500,7,1,775,114553,1,0
4426,20,Female,Married,Master,Retired,Suburban,2,1,5,2014,10,Ford,Pickup,Electric,6707,1800,Standard,1057.39,1000,2,0,686,46926,2,1
4427,58,Female,Single,Bachelor,Self-Employed,Urban,40,2,0,2022,2,Chevrolet,Minivan,Hybrid,19794,1500,Comprehensive,2269.24,500,10,0,821,95560,3,0
4428,27,Male,Married,None,Employed,Rural,8,0,0,2008,16,Mercedes,Minivan,Petrol,29286,2500,Standard,2851.1,1000,4,1,342,58384,2,1
4429,49,Male,Single,PhD,Student,Rural,26,0,0,2020,4,Mercedes,Hatchback,Diesel,7248,2000,Standard,2169.15,1000,3,0,764,55833,2,0
4430,63,Female,Single,Master,Self-Employed,Rural,43,0,1,2008,16,Hyundai,Coupe,Hybrid,6398,1800,Basic,2088.47,1000,9,0,493,172981,2,1
4431,22,Male,Widowed,High School,Retired,Suburban,0,2,0,2023,1,BMW,Coupe,Electric,6741,2500,Comprehensive,490.87,250,5,1,725,85987,2,1
4432,24,Female,Widowed,Master,Self-Employed,Urban,5,0,2,2007,17,Honda,Minivan,Diesel,25870,2000,Standard,2540.8,250,15,1,846,119711,2,1
4433,28,Female,Married,High School,Self-Employed,Rural,9,0,0,2019,5,Ford,Coupe,Hybrid,15098,2000,Comprehensive,1962.13,1000,4,1,699,50364,0,0
4434,52,Female,Single,None,Employed,Rural,31,0,0,2022,2,Toyota,Coupe,Hybrid,32349,1500,Comprehensive,1250.94,1000,2,1,511,61600,4,0
4435,28,Female,Single,Bachelor,Unemployed,Suburban,10,0,1,2018,6,Hyundai,Sedan,Hybrid,11690,2000,Comprehensive,1982.34,1000,15,0,710,54748,2,0
4436,58,Female,Single,None,Retired,Rural,39,0,5,2010,14,Toyota,Hatchback,Electric,19924,2000,Comprehensive,2545.87,2000,6,1,374,194870,4,1
4437,51,Female,Married,High School,Employed,Rural,28,2,1,2019,5,BMW,Hatchback,Diesel,15746,1200,Standard,1133.85,1000,10,0,648,188217,1,0
4438,47,Female,Single,Bachelor,Unemployed,Suburban,29,0,0,2010,14,Ford,Hatchback,Hybrid,9260,2500,Standard,2227.28,1500,8,1,379,118730,1,0
4439,44,Male,Single,Bachelor,Employed,Suburban,21,0,2,2018,6,Ford,Minivan,Electric,29009,2000,Standard,759.45,1500,12,1,368,192564,3,0
4440,18,Male,Divorced,High School,Unemployed,Rural,0,1,2,2011,13,Volkswagen,Minivan,Hybrid,27264,1500,Standard,2359.88,1500,15,0,819,176011,4,0
4441,53,Male,Widowed,High School,Employed,Urban,33,1,1,2016,8,BMW,Pickup,Hybrid,25628,1800,Basic,1071.84,1500,5,0,558,145171,0,1
4442,54,Male,Married,High School,Self-Employed,Rural,34,2,1,2020,4,Toyota,Hatchback,Diesel,9640,2500,Basic,2716.01,250,12,1,730,150655,3,0
4443,21,Male,Widowed,Master,Student,Suburban,2,0,0,2016,8,Audi,Coupe,Electric,6397,2000,Standard,590.66,1500,6,0,602,132043,2,0
4444,32,Female,Single,Bachelor,Employed,Urban,12,0,0,2013,11,Ford,Pickup,Diesel,14679,2000,Standard,1774.63,250,4,1,769,114774,0,0
4445,18,Male,Single,Bachelor,Unemployed,Rural,0,0,0,2008,16,Nissan,Minivan,Diesel,14255,1500,Comprehensive,1700.08,1500,8,1,456,56420,0,1
4446,54,Female,Divorced,Bachelor,Self-Employed,Urban,36,0,0,2015,9,Honda,SUV,Diesel,12211,1800,Basic,2199.75,2000,13,0,335,69947,0,1
4447,74,Female,Married,High School,Student,Suburban,55,1,2,2013,11,Honda,Coupe,Petrol,21844,1200,Standard,2832.79,2000,14,1,365,108382,0,1
4448,64,Male,Married,High School,Self-Employed,Rural,44,2,0,2020,4,Toyota,Sedan,Hybrid,18005,1800,Basic,1069.99,500,8,1,382,173978,0,1
4449,67,Female,Divorced,Master,Unemployed,Urban,47,0,1,2018,6,Ford,Coupe,Electric,9351,2500,Basic,1022.28,1500,7,0,539,17089,3,1
4450,19,Female,Single,Master,Retired,Rural,0,1,1,2013,11,Ford,Pickup,Hybrid,23020,1800,Standard,493.07,250,3,1,521,164740,1,0
4451,34,Female,Single,PhD,Student,Rural,12,0,0,2008,16,Nissan,Sedan,Hybrid,6582,1200,Comprehensive,515.23,250,11,0,735,57477,2,0
4452,54,Female,Divorced,High School,Self-Employed,Suburban,31,0,2,2010,14,BMW,Hatchback,Diesel,12522,1200,Comprehensive,854.5,2000,11,1,357,198408,0,1
4453,69,Male,Single,Bachelor,Self-Employed,Suburban,50,2,0,2012,12,Volkswagen,Minivan,Diesel,32086,2000,Basic,2742.24,2000,15,0,794,29721,0,1
4454,30,Female,Married,Master,Self-Employed,Urban,9,1,2,2018,6,Ford,Minivan,Petrol,20553,1500,Basic,752.87,1500,6,1,424,89165,0,1
4455,55,Male,Divorced,PhD,Unemployed,Suburban,37,0,1,2014,10,Toyota,Hatchback,Electric,19080,2500,Standard,1221.69,1000,9,0,699,140462,2,0
4456,21,Female,Divorced,PhD,Employed,Rural,2,1,2,2020,4,Hyundai,Pickup,Petrol,25715,1800,Basic,1444.99,250,8,0,391,181936,0,1
4457,32,Male,Single,Master,Student,Suburban,9,0,5,2024,0,Chevrolet,Coupe,Diesel,23280,1000,Standard,923.56,2000,5,0,811,34340,2,0
4458,42,Male,Single,Bachelor,Self-Employed,Rural,22,0,0,2011,13,Honda,Coupe,Electric,23941,1800,Standard,629.09,1000,6,1,351,162395,4,0
4459,48,Female,Married,Master,Self-Employed,Urban,27,0,0,2024,0,Audi,Minivan,Electric,29577,2500,Standard,1279.43,500,1,1,446,180455,1,1
4460,18,Male,Divorced,PhD,Self-Employed,Suburban,0,0,1,2012,12,Nissan,SUV,Diesel,15917,1800,Standard,1755.09,1000,6,1,624,19714,4,0
4461,24,Female,Widowed,None,Employed,Suburban,2,2,2,2006,18,Volkswagen,Pickup,Diesel,34012,1500,Standard,1931.81,500,10,0,497,37787,2,1
4462,56,Male,Divorced,PhD,Unemployed,Rural,36,2,2,2021,3,Audi,Hatchback,Petrol,25286,1500,Basic,2994.67,1000,8,1,800,178221,2,1
4463,27,Female,Widowed,Bachelor,Retired,Suburban,5,0,1,2006,18,Audi,Sedan,Hybrid,8609,1500,Basic,1488.88,500,13,0,668,84632,4,0
4464,53,Male,Divorced,Bachelor,Self-Employed,Suburban,34,0,0,2019,5,Hyundai,Sedan,Hybrid,11473,2000,Standard,2069.39,2000,4,0,651,111562,0,0
4465,34,Male,Divorced,Master,Unemployed,Rural,11,0,0,2007,17,BMW,Coupe,Hybrid,21174,1800,Basic,992.11,250,14,1,685,130549,0,0
4466,22,Female,Divorced,Master,Self-Employed,Rural,1,0,0,2024,0,Toyota,Sedan,Diesel,11784,1500,Comprehensive,912.82,1500,10,1,693,90710,1,1
4467,18,Female,Single,High School,Student,Suburban,0,3,2,2016,8,Ford,Sedan,Petrol,12654,1500,Comprehensive,2279.8,250,13,0,622,48495,2,1
4468,21,Female,Single,High School,Unemployed,Suburban,0,0,0,2011,13,Toyota,Hatchback,Electric,19001,1500,Comprehensive,2089.09,2000,8,1,752,128189,2,0
4469,54,Male,Married,None,Unemployed,Suburban,35,0,0,2007,17,Honda,Minivan,Diesel,24746,1800,Comprehensive,1848.43,2000,9,0,821,16461,2,0
4470,44,Male,Widowed,PhD,Unemployed,Suburban,26,0,0,2023,1,Hyundai,Pickup,Hybrid,15801,1800,Comprehensive,890.81,2000,8,1,553,115548,0,0
4471,24,Female,Single,PhD,Self-Employed,Urban,5,4,0,2014,10,Nissan,Pickup,Hybrid,30286,1800,Comprehensive,1655.98,500,8,0,841,181218,2,0
4472,37,Female,Married,Bachelor,Retired,Rural,19,1,1,2007,17,Volkswagen,Hatchback,Hybrid,30677,1800,Comprehensive,1517.24,2000,4,1,453,173403,4,1
4473,26,Male,Married,None,Retired,Urban,7,0,2,2008,16,Honda,Hatchback,Diesel,11799,2500,Standard,2261.38,2000,2,1,415,158744,0,0
4474,41,Female,Single,Master,Unemployed,Urban,20,1,1,2013,11,Toyota,Hatchback,Petrol,29017,1800,Standard,2173.76,250,6,1,544,146504,0,1
4475,41,Male,Divorced,Bachelor,Student,Suburban,21,0,0,2020,4,Audi,SUV,Hybrid,21484,1800,Basic,972.21,1000,9,0,743,176621,1,1
4476,43,Female,Divorced,Master,Employed,Rural,24,0,3,2017,7,Mercedes,Minivan,Hybrid,21829,1800,Basic,915.75,500,10,0,307,140570,1,1
4477,54,Male,Single,High School,Retired,Urban,33,3,1,2011,13,Hyundai,Coupe,Hybrid,21205,1500,Basic,2698.24,1500,2,1,557,184560,0,0
4478,33,Female,Widowed,PhD,Employed,Rural,13,0,0,2017,7,Honda,SUV,Electric,9692,3500,Standard,2810.97,1000,8,0,577,47660,4,0
4479,22,Female,Divorced,High School,Retired,Suburban,1,1,2,2017,7,Toyota,Hatchback,Hybrid,30093,1000,Basic,1560.32,250,13,0,818,156394,3,0
4480,74,Male,Single,Master,Employed,Urban,54,1,0,2005,19,Volkswagen,Minivan,Petrol,34648,1800,Comprehensive,2292.31,1500,15,0,787,42364,3,1
4481,29,Male,Divorced,High School,Self-Employed,Urban,7,0,1,2009,15,Nissan,SUV,Electric,21811,1800,Comprehensive,2616.52,1000,6,1,804,97369,0,0
4482,47,Male,Divorced,Master,Employed,Rural,24,0,3,2015,9,Ford,Sedan,Petrol,29125,1200,Comprehensive,2750.53,1500,10,1,494,118695,1,1
4483,59,Male,Single,Master,Self-Employed,Rural,38,1,0,2021,3,Mercedes,Sedan,Hybrid,28658,3500,Standard,843.66,250,14,0,301,109494,2,1
4484,23,Male,Widowed,None,Retired,Suburban,3,2,0,2018,6,Volkswagen,Pickup,Diesel,11496,1000,Comprehensive,325.42,1000,5,0,779,69480,0,1
4485,50,Female,Divorced,High School,Retired,Rural,29,0,0,2017,7,Ford,Hatchback,Petrol,6031,1500,Basic,2350.83,250,2,1,593,106138,1,0
4486,43,Male,Widowed,Master,Unemployed,Rural,20,4,0,2005,19,Honda,SUV,Diesel,29902,1000,Comprehensive,1965.42,2000,6,1,697,57322,1,1
4487,40,Male,Widowed,High School,Student,Suburban,18,0,0,2008,16,Audi,Pickup,Hybrid,16392,2000,Comprehensive,1719.63,250,12,0,472,107112,3,0
4488,23,Male,Married,None,Unemployed,Rural,2,0,1,2006,18,Audi,Hatchback,Petrol,17451,3500,Comprehensive,1132.44,1500,11,0,673,141683,2,0
4489,33,Female,Widowed,High School,Unemployed,Rural,15,0,5,2022,2,BMW,Pickup,Petrol,6115,1500,Standard,603.24,1500,9,0,526,39783,0,1
4490,70,Male,Widowed,Master,Unemployed,Urban,49,0,1,2009,15,Volkswagen,Hatchback,Petrol,13649,1000,Comprehensive,1779.07,250,11,1,496,79556,0,0
4491,44,Female,Married,PhD,Retired,Urban,26,1,0,2007,17,Honda,SUV,Hybrid,34013,1200,Basic,2537.93,1500,1,0,769,44030,2,1
4492,65,Female,Widowed,High School,Self-Employed,Suburban,42,0,1,2011,13,Audi,Pickup,Electric,26485,1800,Basic,868.73,1000,10,1,654,52094,0,0
4493,41,Female,Widowed,Master,Employed,Urban,18,0,0,2008,16,Mercedes,SUV,Diesel,12447,2000,Standard,2837.05,2000,12,0,649,136188,3,1
4494,70,Male,Married,High School,Retired,Suburban,50,0,1,2013,11,Honda,Coupe,Diesel,18351,1200,Comprehensive,1674.14,250,15,1,448,121869,2,0
4495,65,Male,Divorced,None,Unemployed,Suburban,47,4,3,2023,1,Hyundai,Minivan,Hybrid,11101,1500,Basic,1104.85,1000,13,0,702,177802,3,1
4496,47,Male,Single,Bachelor,Employed,Rural,26,0,0,2018,6,Nissan,SUV,Electric,10261,1500,Basic,2700.37,1500,7,0,347,105398,3,0
4497,66,Female,Divorced,Master,Self-Employed,Urban,48,0,0,2023,1,Toyota,SUV,Hybrid,17901,1800,Standard,316.08,1500,5,0,544,148817,3,0
4498,46,Male,Single,None,Student,Rural,24,0,2,2007,17,Honda,SUV,Diesel,31930,1800,Comprehensive,2571.33,1000,11,0,376,23550,4,1
4499,73,Male,Widowed,Bachelor,Retired,Urban,51,1,2,2017,7,Toyota,SUV,Hybrid,27019,2000,Standard,2824.78,2000,13,1,443,95144,2,0
4500,21,Female,Divorced,Bachelor,Employed,Urban,3,1,0,2015,9,Mercedes,Sedan,Diesel,23557,2500,Comprehensive,1258.03,500,8,1,310,64973,1,0
4501,24,Female,Widowed,Master,Employed,Suburban,1,3,2,2013,11,Mercedes,Hatchback,Diesel,21111,1500,Comprehensive,2864.95,250,15,1,785,134908,3,1
4502,18,Female,Widowed,Master,Retired,Suburban,0,0,0,2011,13,Chevrolet,Sedan,Hybrid,14910,1000,Basic,2692.24,1000,9,1,502,105939,1,1
4503,68,Female,Single,High School,Student,Rural,46,2,0,2013,11,Honda,Coupe,Hybrid,31720,1800,Basic,2876.95,1000,9,1,508,39557,0,0
4504,70,Female,Single,High School,Employed,Suburban,49,0,2,2011,13,Honda,Hatchback,Diesel,5354,2000,Basic,2628.09,1500,13,0,411,25482,1,0
4505,51,Female,Married,PhD,Student,Rural,32,0,3,2023,1,Chevrolet,Hatchback,Electric,31442,1500,Comprehensive,661.58,500,12,1,589,174554,0,0
4506,50,Female,Single,None,Self-Employed,Suburban,29,4,0,2013,11,Nissan,Hatchback,Hybrid,24493,1000,Basic,2057.98,1500,11,0,696,120391,0,1
4507,19,Female,Married,PhD,Unemployed,Suburban,0,1,1,2010,14,Chevrolet,Coupe,Petrol,17455,1200,Basic,1340.72,2000,11,0,519,171215,3,1
4508,46,Female,Divorced,PhD,Student,Suburban,25,0,0,2007,17,Ford,Sedan,Petrol,12509,1500,Basic,1065.01,500,6,1,735,16214,4,0
4509,33,Female,Divorced,Bachelor,Student,Rural,15,1,2,2023,1,Nissan,Pickup,Hybrid,31933,1800,Standard,1832.1,1500,2,1,808,38863,0,0
4510,20,Male,Widowed,High School,Employed,Rural,2,0,0,2015,9,BMW,Pickup,Hybrid,34536,1500,Standard,2690.24,2000,5,0,704,42646,1,1
4511,68,Male,Widowed,PhD,Student,Suburban,45,2,0,2024,0,Nissan,Hatchback,Electric,5519,1800,Basic,1104.88,2000,12,0,402,128851,0,1
4512,56,Male,Married,Bachelor,Employed,Suburban,38,1,0,2017,7,Nissan,Pickup,Petrol,34356,1500,Standard,543.2,500,1,1,739,132571,0,0
4513,61,Female,Widowed,Master,Employed,Suburban,38,4,0,2016,8,Hyundai,Sedan,Electric,32625,1800,Standard,2195.08,500,4,1,590,140344,1,1
4514,54,Male,Widowed,PhD,Student,Urban,31,0,2,2018,6,Ford,SUV,Electric,8486,1200,Comprehensive,2365.03,500,11,0,474,85789,3,0
4515,68,Female,Single,None,Retired,Rural,49,2,0,2007,17,BMW,Sedan,Electric,8994,2000,Standard,1602.21,2000,3,0,665,109402,0,1
4516,40,Male,Married,Master,Employed,Rural,18,1,0,2021,3,Toyota,Coupe,Hybrid,31360,1800,Standard,1678.19,250,11,1,671,79742,2,0
4517,53,Female,Married,None,Self-Employed,Rural,32,2,0,2019,5,Toyota,Minivan,Hybrid,12881,1800,Standard,1855.77,500,4,1,650,114850,0,1
4518,36,Male,Single,PhD,Self-Employed,Urban,16,0,2,2023,1,Chevrolet,SUV,Hybrid,21442,1200,Standard,2706.22,500,4,1,602,164671,1,0
4519,64,Male,Widowed,Master,Student,Rural,44,1,0,2017,7,Volkswagen,SUV,Diesel,6834,2000,Comprehensive,2247.01,500,7,0,712,121244,0,0
4520,39,Female,Divorced,Master,Self-Employed,Suburban,20,1,1,2020,4,Audi,Coupe,Petrol,29713,1500,Basic,397.57,2000,11,0,745,171976,1,0
4521,58,Female,Married,Bachelor,Employed,Suburban,38,0,1,2024,0,Nissan,SUV,Petrol,27539,3500,Standard,561.53,500,3,0,710,64663,3,0
4522,46,Male,Divorced,None,Self-Employed,Urban,24,0,1,2020,4,Chevrolet,Hatchback,Diesel,33687,2000,Standard,2004.31,1000,7,1,387,109074,4,1
4523,18,Female,Widowed,Bachelor,Employed,Suburban,0,0,2,2024,0,Hyundai,Coupe,Diesel,16159,1500,Basic,2961.02,250,4,1,609,159383,1,1
4524,43,Male,Married,High School,Employed,Suburban,24,0,3,2014,10,Toyota,Minivan,Petrol,31985,2000,Comprehensive,2711.31,1500,6,0,597,162833,1,0
4525,61,Male,Single,High School,Student,Suburban,39,1,2,2021,3,BMW,Pickup,Hybrid,21484,1500,Comprehensive,374.9,2000,5,1,356,129706,2,0
4526,72,Male,Single,Master,Self-Employed,Suburban,49,0,1,2024,0,Hyundai,Coupe,Electric,12599,2000,Standard,2062.56,250,1,1,588,95016,0,1
4527,19,Male,Divorced,High School,Employed,Rural,0,0,1,2014,10,Ford,SUV,Diesel,17077,1800,Standard,372.8,500,12,1,463,93749,3,0
4528,38,Female,Married,None,Retired,Rural,17,0,0,2012,12,Mercedes,SUV,Hybrid,20015,1200,Basic,1588.87,1000,1,0,716,119855,0,1
4529,55,Male,Single,High School,Retired,Suburban,35,2,0,2014,10,Toyota,Sedan,Electric,9592,2000,Standard,2923.31,250,4,0,351,119433,2,1
4530,34,Male,Widowed,Bachelor,Employed,Rural,15,0,0,2024,0,Mercedes,Minivan,Electric,30260,2000,Standard,1573.59,500,14,1,841,36750,0,1
4531,22,Female,Divorced,High School,Student,Suburban,0,0,0,2018,6,BMW,Hatchback,Petrol,7742,1500,Comprehensive,326.97,2000,1,1,662,71166,2,1
4532,53,Female,Divorced,PhD,Employed,Rural,32,1,1,2012,12,Volkswagen,Hatchback,Electric,12242,1200,Basic,1498.33,500,4,1,423,154132,0,1
4533,58,Male,Married,PhD,Student,Suburban,39,0,2,2010,14,Volkswagen,Hatchback,Petrol,13162,2000,Basic,2551.72,1000,4,0,569,166489,2,0
4534,38,Female,Divorced,Master,Employed,Rural,19,0,0,2006,18,Chevrolet,Sedan,Petrol,22766,2000,Basic,1251.27,1000,9,0,589,146811,3,0
4535,72,Female,Single,PhD,Employed,Rural,53,1,0,2010,14,Honda,Hatchback,Diesel,18016,1500,Standard,2168.32,1500,5,0,776,76724,0,1
4536,50,Female,Married,Master,Student,Urban,28,0,0,2013,11,BMW,Hatchback,Electric,31048,1200,Basic,2967.5,1500,9,0,382,143012,3,1
4537,47,Female,Single,High School,Retired,Rural,29,0,0,2010,14,Honda,Minivan,Hybrid,16645,1800,Basic,1074.35,1500,10,1,583,114872,0,0
4538,65,Male,Married,High School,Retired,Suburban,44,0,3,2006,18,Ford,SUV,Electric,7776,1500,Standard,1053.69,1000,14,0,530,58927,1,0
4539,22,Female,Married,Bachelor,Unemployed,Suburban,0,0,5,2020,4,Honda,Minivan,Electric,32126,2500,Basic,598.52,500,10,1,525,117948,1,1
4540,26,Male,Widowed,Master,Student,Urban,8,1,0,2005,19,Volkswagen,SUV,Petrol,16443,1200,Standard,2886.08,500,13,0,670,103183,1,0
4541,37,Female,Widowed,High School,Student,Suburban,18,0,2,2010,14,Ford,Sedan,Hybrid,24629,1800,Basic,2669.05,1500,14,0,334,135943,3,1
4542,19,Female,Married,Master,Self-Employed,Urban,0,0,0,2012,12,Mercedes,Minivan,Hybrid,31765,1000,Basic,2545.08,2000,13,1,401,169286,4,0
4543,28,Male,Single,Bachelor,Employed,Suburban,8,0,0,2017,7,Honda,Hatchback,Diesel,30165,3500,Basic,1700.72,250,15,0,464,69345,1,0
4544,48,Female,Divorced,Master,Self-Employed,Rural,25,1,0,2005,19,Audi,Minivan,Diesel,12435,2000,Basic,1612.16,250,4,1,588,149968,0,1
4545,55,Male,Single,None,Student,Suburban,37,0,0,2015,9,Toyota,Sedan,Electric,29837,2000,Basic,1714.74,500,9,1,389,84584,0,1
4546,61,Female,Single,Master,Self-Employed,Rural,43,0,1,2011,13,Toyota,SUV,Diesel,11784,2000,Basic,630.74,2000,4,1,846,160940,3,0
4547,29,Female,Widowed,Master,Student,Urban,9,1,0,2011,13,Honda,SUV,Diesel,34477,1800,Comprehensive,1896.19,500,10,1,642,127915,2,0
4548,52,Female,Divorced,PhD,Employed,Rural,32,1,0,2019,5,Mercedes,Pickup,Diesel,13165,2500,Standard,2856.99,250,2,1,613,78876,0,0
4549,67,Male,Widowed,None,Employed,Suburban,45,1,0,2009,15,Audi,Minivan,Diesel,8530,2000,Basic,1654.13,1500,9,0,622,38621,3,0
4550,59,Female,Married,Master,Student,Urban,39,0,2,2010,14,Honda,Minivan,Hybrid,28074,1800,Comprehensive,462.4,2000,4,1,330,118583,2,0
4551,27,Female,Single,High School,Student,Suburban,8,0,1,2018,6,Ford,Sedan,Electric,24667,1200,Basic,2623.57,1000,3,1,365,173120,0,0
4552,62,Female,Divorced,PhD,Unemployed,Urban,41,0,2,2012,12,Honda,Coupe,Diesel,11596,1500,Comprehensive,771.51,1000,7,1,328,174509,4,1
4553,67,Male,Married,High School,Employed,Suburban,47,1,0,2016,8,Ford,Sedan,Petrol,28537,2000,Standard,405.03,500,2,1,615,120224,1,1
4554,51,Female,Single,PhD,Retired,Urban,32,0,0,2012,12,Nissan,Minivan,Petrol,14598,1200,Basic,1049.34,1000,6,1,726,91144,0,0
4555,48,Female,Married,High School,Employed,Rural,30,2,0,2021,3,Toyota,Hatchback,Electric,22559,2000,Standard,712.96,1000,3,0,394,100288,2,0
4556,30,Male,Married,Master,Self-Employed,Rural,10,1,0,2017,7,Volkswagen,Pickup,Petrol,18591,2000,Basic,2613.64,1500,10,1,652,17439,2,0
4557,40,Female,Single,Master,Student,Rural,17,0,2,2007,17,Audi,Hatchback,Hybrid,11054,1200,Comprehensive,2675.81,1500,14,1,305,55813,2,0
4558,60,Female,Widowed,Master,Retired,Urban,38,0,0,2021,3,Toyota,Hatchback,Diesel,32716,1500,Basic,715.15,1000,11,0,785,122054,2,1
4559,40,Male,Divorced,High School,Employed,Urban,18,1,1,2020,4,Chevrolet,Pickup,Electric,22714,1200,Comprehensive,442.15,1500,12,0,811,78290,1,0
4560,37,Male,Single,Master,Unemployed,Rural,16,1,0,2011,13,Toyota,Coupe,Petrol,25530,1500,Basic,2282.01,500,9,0,804,174388,0,1
4561,30,Female,Married,PhD,Unemployed,Urban,10,1,5,2023,1,Mercedes,Hatchback,Petrol,13506,1500,Basic,1208.17,2000,5,1,411,170429,0,0
4562,54,Male,Divorced,High School,Self-Employed,Suburban,34,1,1,2013,11,Toyota,Pickup,Petrol,17856,1800,Comprehensive,939.36,250,4,0,694,160725,1,0
4563,75,Female,Single,Bachelor,Self-Employed,Urban,54,0,0,2010,14,Toyota,SUV,Petrol,20294,3000,Standard,362.92,1000,13,1,357,50193,3,0
4564,20,Female,Single,Bachelor,Unemployed,Rural,2,0,2,2010,14,Honda,Pickup,Petrol,33114,1500,Comprehensive,1875.32,250,13,0,728,103190,0,1
4565,72,Male,Divorced,PhD,Unemployed,Urban,52,0,3,2008,16,Honda,SUV,Electric,26396,1200,Comprehensive,1253.67,2000,3,1,566,115448,2,1
4566,45,Male,Widowed,High School,Retired,Suburban,27,2,0,2017,7,Audi,SUV,Electric,32401,1800,Basic,686.52,1000,2,1,534,103764,2,0
4567,27,Female,Divorced,None,Self-Employed,Suburban,6,1,0,2007,17,BMW,Sedan,Petrol,22765,1500,Standard,1464.27,1000,10,0,805,118732,1,0
4568,57,Female,Single,PhD,Student,Suburban,37,0,0,2018,6,Hyundai,Coupe,Hybrid,13839,1800,Basic,2508.8,1500,1,0,741,158512,0,0
4569,69,Female,Married,PhD,Unemployed,Rural,49,2,0,2022,2,Toyota,Hatchback,Electric,29629,2000,Standard,919.5,1000,13,0,633,79190,0,1
4570,33,Female,Widowed,Bachelor,Retired,Urban,10,1,2,2023,1,Honda,Minivan,Electric,19252,2500,Standard,1718.65,250,3,1,797,74315,2,0
4571,72,Female,Divorced,Bachelor,Unemployed,Urban,51,0,1,2016,8,Hyundai,SUV,Electric,28102,1000,Basic,2498.93,500,11,1,522,52132,0,1
4572,50,Male,Married,Master,Employed,Suburban,29,0,0,2021,3,Volkswagen,Pickup,Hybrid,11273,2000,Comprehensive,1740.09,1500,12,1,762,42703,2,0
4573,47,Male,Married,Bachelor,Employed,Rural,24,0,1,2010,14,Volkswagen,Pickup,Hybrid,10690,1200,Comprehensive,1385.22,1500,3,0,463,71214,3,0
4574,72,Male,Widowed,Master,Student,Rural,54,1,1,2007,17,Audi,Hatchback,Electric,33581,1800,Standard,2650.06,1500,7,1,403,178436,0,1
4575,22,Male,Married,High School,Unemployed,Urban,2,2,0,2005,19,Mercedes,Coupe,Hybrid,22434,1800,Comprehensive,2287.11,2000,10,0,745,195574,0,0
4576,66,Male,Married,Bachelor,Student,Rural,48,0,0,2007,17,Volkswagen,Pickup,Electric,12039,2000,Basic,787.18,1000,1,1,565,117825,0,0
4577,73,Female,Divorced,High School,Student,Suburban,55,0,1,2023,1,Nissan,Minivan,Hybrid,15661,1800,Basic,427.66,2000,9,0,746,125185,2,0
4578,65,Male,Widowed,Master,Employed,Suburban,42,3,0,2020,4,BMW,Coupe,Electric,20011,1500,Standard,541.26,1000,6,0,471,96245,0,1
4579,25,Male,Single,Master,Self-Employed,Rural,7,0,0,2013,11,Mercedes,Hatchback,Petrol,33539,1800,Standard,1442.07,2000,4,1,358,160309,2,0
4580,58,Male,Single,PhD,Retired,Rural,37,1,1,2023,1,Ford,SUV,Diesel,32906,1800,Basic,346.02,500,9,0,788,118230,2,0
4581,49,Male,Single,High School,Student,Suburban,30,1,1,2014,10,Ford,Coupe,Diesel,13155,1800,Standard,926.82,250,7,0,820,147230,2,0
4582,38,Male,Widowed,PhD,Unemployed,Urban,17,4,0,2015,9,Mercedes,Coupe,Hybrid,18212,3500,Comprehensive,555.43,500,6,1,615,52369,1,0
4583,40,Male,Divorced,Bachelor,Self-Employed,Rural,18,2,0,2020,4,Hyundai,Coupe,Diesel,13447,1000,Basic,1011.99,1000,9,1,514,168479,0,0
4584,39,Female,Married,PhD,Unemployed,Urban,17,0,0,2016,8,Toyota,Pickup,Petrol,18926,1200,Comprehensive,2404.72,1000,5,1,576,53750,2,0
4585,71,Female,Divorced,Bachelor,Unemployed,Suburban,52,0,0,2019,5,Ford,Pickup,Hybrid,7921,1800,Basic,2536.38,500,13,0,640,26982,2,0
4586,63,Male,Married,Master,Employed,Suburban,44,0,1,2016,8,BMW,Minivan,Hybrid,21524,1200,Standard,627.32,2000,1,0,662,162764,0,0
4587,63,Female,Widowed,Bachelor,Unemployed,Rural,43,3,1,2016,8,BMW,Minivan,Petrol,31687,2000,Comprehensive,2832.54,1000,15,1,736,186704,1,0
4588,57,Male,Widowed,PhD,Unemployed,Urban,38,3,0,2007,17,BMW,Sedan,Electric,12957,1500,Basic,975.35,1000,10,0,765,127647,2,0
4589,74,Female,Single,High School,Employed,Suburban,51,2,1,2011,13,Ford,Minivan,Diesel,24970,3000,Standard,1867.82,2000,4,0,615,99948,1,1
4590,71,Male,Divorced,High School,Student,Suburban,48,0,2,2015,9,BMW,Minivan,Petrol,7821,1800,Basic,1754.95,1000,11,1,327,95093,1,0
4591,46,Female,Single,Master,Self-Employed,Rural,26,4,0,2022,2,Nissan,Hatchback,Diesel,16766,3500,Basic,778.79,250,7,1,499,154604,3,1
4592,46,Female,Married,None,Employed,Urban,24,0,2,2014,10,Mercedes,Sedan,Diesel,27604,2000,Basic,559.68,500,11,1,353,64101,0,0
4593,39,Male,Widowed,High School,Unemployed,Rural,16,3,0,2009,15,Ford,SUV,Electric,26426,1500,Basic,904.86,1500,8,0,475,148567,2,0
4594,42,Female,Single,Bachelor,Student,Rural,20,2,0,2022,2,Ford,Minivan,Electric,23818,2000,Basic,2254.04,2000,12,0,463,101409,1,0
4595,36,Female,Divorced,Master,Student,Rural,17,0,0,2013,11,Honda,Sedan,Diesel,10424,2000,Standard,1793.57,1500,14,1,730,45792,0,1
4596,36,Female,Divorced,High School,Employed,Suburban,14,2,0,2024,0,Toyota,Pickup,Diesel,19978,2500,Standard,487.81,1000,5,0,699,97873,2,0
4597,57,Male,Single,High School,Self-Employed,Rural,34,0,0,2019,5,Honda,Pickup,Electric,12377,1800,Basic,2214.57,1000,15,1,745,138881,0,0
4598,36,Female,Divorced,None,Student,Rural,17,2,0,2020,4,Hyundai,Hatchback,Petrol,25978,1800,Standard,1610.94,500,14,0,600,103003,2,1
4599,25,Male,Single,Master,Unemployed,Suburban,4,0,1,2006,18,Honda,Hatchback,Electric,9068,3000,Basic,1091.12,250,3,0,365,109127,0,0
4600,33,Female,Widowed,PhD,Retired,Rural,12,2,0,2018,6,Chevrolet,SUV,Hybrid,28722,1000,Basic,825.6,500,1,1,705,75244,0,0
4601,71,Female,Widowed,High School,Self-Employed,Urban,49,0,1,2009,15,Mercedes,Sedan,Hybrid,18816,2500,Basic,2329.24,1500,3,1,647,65467,2,1
4602,51,Male,Divorced,None,Self-Employed,Rural,32,0,2,2024,0,BMW,Hatchback,Electric,25920,1500,Basic,824.91,500,5,0,304,20226,3,0
4603,19,Male,Widowed,PhD,Employed,Rural,0,1,0,2011,13,Ford,Minivan,Diesel,7002,2000,Comprehensive,2110.74,500,15,1,531,88619,0,1
4604,65,Female,Divorced,Master,Retired,Urban,47,0,0,2006,18,Chevrolet,Minivan,Diesel,29686,1000,Basic,662.71,2000,1,0,751,130566,0,0
4605,69,Female,Divorced,Master,Retired,Urban,49,2,1,2017,7,Ford,SUV,Petrol,29922,2000,Standard,1926.05,2000,6,1,655,79328,3,1
4606,56,Male,Married,High School,Self-Employed,Rural,38,0,0,2017,7,Mercedes,Minivan,Petrol,7623,2000,Standard,2817.6,500,9,0,752,165051,2,0
4607,21,Male,Divorced,Master,Retired,Urban,0,1,1,2008,16,BMW,Minivan,Petrol,22372,1500,Comprehensive,2323.14,1000,1,0,418,194868,3,1
4608,28,Male,Single,PhD,Self-Employed,Suburban,6,3,2,2005,19,Nissan,Hatchback,Diesel,16198,2500,Comprehensive,1079.58,500,1,1,612,129277,2,1
4609,30,Female,Single,Bachelor,Retired,Rural,8,1,0,2015,9,Hyundai,Hatchback,Electric,23699,1500,Basic,1817.34,2000,13,0,393,127662,2,1
4610,65,Male,Divorced,High School,Self-Employed,Rural,44,1,5,2019,5,BMW,Pickup,Diesel,31143,2000,Standard,1145.26,2000,6,0,436,85834,2,1
4611,68,Female,Widowed,PhD,Employed,Urban,47,0,0,2023,1,Volkswagen,Hatchback,Electric,6807,2000,Basic,1168.53,2000,8,1,437,176563,4,1
4612,30,Male,Divorced,Bachelor,Employed,Urban,7,1,0,2007,17,Ford,Sedan,Electric,16931,3000,Basic,614.49,2000,14,0,441,100275,3,0
4613,45,Female,Divorced,High School,Unemployed,Suburban,25,0,0,2022,2,Nissan,Sedan,Hybrid,14196,2000,Comprehensive,2968.31,250,7,1,309,188664,2,0
4614,62,Female,Married,Master,Unemployed,Suburban,40,2,1,2021,3,Ford,Minivan,Diesel,9921,2500,Standard,2974.03,250,15,1,747,47959,2,0
4615,48,Male,Single,None,Employed,Suburban,25,1,0,2011,13,Hyundai,Hatchback,Diesel,22902,1000,Standard,1464.92,1500,2,0,407,114511,0,1
4616,75,Male,Widowed,Bachelor,Retired,Rural,52,1,3,2023,1,Ford,Sedan,Diesel,25238,1500,Basic,2873.98,250,14,0,327,110175,2,1
4617,41,Female,Divorced,High School,Unemployed,Urban,22,2,1,2023,1,Honda,Hatchback,Diesel,31047,1500,Standard,529.27,250,10,1,839,134809,3,1
4618,69,Female,Married,Master,Student,Urban,50,0,0,2005,19,Ford,Pickup,Petrol,11581,1200,Standard,2337.9,500,6,0,358,43700,2,1
4619,66,Male,Single,Master,Self-Employed,Rural,45,0,3,2023,1,Nissan,Minivan,Hybrid,27133,3000,Basic,2371.78,500,12,0,828,71065,0,0
4620,51,Male,Widowed,Master,Student,Urban,32,0,0,2019,5,BMW,Sedan,Hybrid,7116,1800,Comprehensive,1558.74,500,9,0,749,173353,3,0
4621,75,Female,Widowed,Bachelor,Student,Suburban,56,1,3,2011,13,BMW,Hatchback,Electric,34764,1800,Comprehensive,1051.96,250,9,0,669,178440,2,1
4622,61,Female,Widowed,None,Unemployed,Suburban,43,0,3,2016,8,BMW,Hatchback,Petrol,29514,3500,Standard,2125.52,2000,3,0,771,118894,1,0
4623,62,Female,Divorced,Bachelor,Student,Suburban,39,2,2,2017,7,Volkswagen,Minivan,Diesel,11459,1500,Comprehensive,1365.75,500,3,1,782,116579,3,0
4624,62,Female,Single,Master,Student,Urban,40,2,0,2007,17,BMW,Hatchback,Diesel,31472,1500,Comprehensive,1430.23,1000,4,0,457,45651,2,0
4625,25,Male,Single,PhD,Retired,Urban,7,2,0,2005,19,Audi,Coupe,Hybrid,27018,2000,Standard,2449.28,1500,3,0,677,133297,4,0
4626,67,Male,Single,High School,Self-Employed,Suburban,48,2,0,2013,11,Chevrolet,Pickup,Hybrid,31699,3000,Comprehensive,812.7,1500,2,1,598,142182,2,0
4627,18,Female,Divorced,Bachelor,Self-Employed,Urban,0,0,1,2011,13,Audi,SUV,Petrol,11118,2000,Basic,1862.26,2000,2,1,738,136585,0,1
4628,43,Male,Single,None,Student,Urban,25,0,5,2013,11,Nissan,Sedan,Electric,21968,1800,Comprehensive,2151.28,2000,2,1,687,78096,2,0
4629,30,Female,Divorced,High School,Student,Urban,10,2,1,2017,7,Audi,Sedan,Diesel,25074,1000,Standard,2987.12,2000,3,0,414,40880,4,1
4630,58,Female,Single,Bachelor,Student,Suburban,37,0,0,2023,1,Mercedes,Minivan,Diesel,27539,2000,Basic,1952.59,1000,8,0,650,17426,0,0
4631,32,Male,Married,PhD,Employed,Suburban,10,0,5,2010,14,Volkswagen,Pickup,Hybrid,7301,1500,Comprehensive,2566.57,1500,3,1,743,108415,1,0
4632,24,Female,Divorced,PhD,Retired,Suburban,2,0,1,2009,15,Mercedes,Sedan,Diesel,27521,2000,Basic,522.62,2000,13,0,495,137025,0,0
4633,43,Male,Single,Master,Student,Urban,22,0,3,2008,16,BMW,Pickup,Electric,27382,2000,Basic,2286.28,500,10,1,509,102181,1,0
4634,59,Female,Single,High School,Student,Rural,39,1,0,2015,9,Nissan,Hatchback,Diesel,16191,1800,Comprehensive,2154.26,1000,15,0,816,153799,2,0
4635,45,Female,Divorced,None,Employed,Urban,24,0,0,2020,4,Honda,Minivan,Diesel,8496,1000,Basic,2050.73,1000,4,0,391,29576,1,0
4636,20,Male,Widowed,High School,Student,Suburban,0,0,0,2010,14,Hyundai,Sedan,Hybrid,12037,2000,Comprehensive,2379.52,1000,2,1,683,22799,2,0
4637,27,Female,Married,High School,Employed,Suburban,5,0,0,2016,8,Audi,Minivan,Diesel,23458,1200,Basic,448.6,250,4,0,583,31294,2,0
4638,61,Male,Married,High School,Unemployed,Suburban,39,4,3,2015,9,Mercedes,Minivan,Diesel,20676,1000,Basic,1890.49,1000,6,1,764,81309,2,1
4639,73,Male,Divorced,Bachelor,Self-Employed,Urban,50,0,0,2019,5,Chevrolet,Coupe,Electric,10389,2500,Standard,971.42,250,7,0,499,93396,3,0
4640,56,Male,Widowed,High School,Self-Employed,Urban,34,0,0,2015,9,Toyota,SUV,Petrol,34486,1500,Basic,587.82,1000,10,1,604,175784,1,0
4641,68,Female,Divorced,Bachelor,Unemployed,Urban,49,0,0,2014,10,Hyundai,Hatchback,Petrol,24651,1200,Standard,2709.26,250,9,0,608,106388,0,0
4642,59,Female,Widowed,High School,Unemployed,Suburban,40,0,0,2010,14,Chevrolet,Hatchback,Diesel,9541,1500,Standard,882.28,1500,4,1,326,55769,4,0
4643,31,Female,Divorced,PhD,Employed,Rural,9,2,0,2013,11,Chevrolet,Pickup,Electric,9529,1800,Comprehensive,864.69,2000,15,1,506,56511,4,0
4644,59,Female,Single,High School,Retired,Urban,39,0,0,2016,8,Toyota,Pickup,Hybrid,27115,2000,Standard,2119.06,1500,14,1,426,132590,0,1
4645,38,Female,Married,None,Unemployed,Urban,17,0,2,2024,0,Volkswagen,Minivan,Electric,11715,1200,Standard,2027.69,2000,2,0,805,138948,2,0
4646,65,Female,Widowed,Master,Student,Rural,45,0,1,2014,10,Audi,SUV,Petrol,27077,1500,Standard,1754.62,1500,1,1,329,165922,2,0
4647,74,Male,Widowed,Master,Self-Employed,Suburban,52,1,0,2016,8,Nissan,Hatchback,Electric,33728,2000,Standard,468.98,1500,2,0,628,89053,0,0
4648,63,Female,Divorced,None,Unemployed,Rural,40,1,0,2011,13,Chevrolet,Sedan,Diesel,14409,2500,Basic,1246.83,2000,15,0,673,175725,1,1
4649,68,Male,Widowed,Master,Employed,Suburban,49,4,0,2007,17,Mercedes,Pickup,Hybrid,23026,1000,Standard,332.85,250,2,1,411,63721,2,0
4650,21,Female,Widowed,None,Self-Employed,Urban,3,1,2,2013,11,Ford,Pickup,Diesel,17938,1500,Basic,1375.36,2000,5,1,746,17749,1,0
4651,33,Female,Single,Bachelor,Employed,Rural,14,2,2,2011,13,Nissan,Hatchback,Petrol,10703,1800,Basic,371.39,500,9,0,638,47717,2,1
4652,35,Female,Married,PhD,Student,Urban,12,0,5,2005,19,Ford,Sedan,Petrol,5904,2000,Standard,1782.26,2000,10,0,698,57836,1,0
4653,44,Male,Divorced,Bachelor,Unemployed,Suburban,26,0,1,2016,8,BMW,Pickup,Hybrid,34334,2000,Basic,1531.21,1000,4,1,786,74768,2,0
4654,59,Male,Divorced,High School,Unemployed,Rural,41,1,2,2019,5,Honda,Coupe,Diesel,5798,3000,Basic,2213.24,250,1,0,380,58916,1,0
4655,60,Female,Divorced,High School,Unemployed,Rural,40,1,0,2006,18,Volkswagen,Minivan,Diesel,7761,1500,Standard,1359.56,1000,14,1,777,119749,0,0
4656,58,Female,Married,None,Student,Suburban,39,0,0,2021,3,Mercedes,Hatchback,Petrol,22891,2000,Basic,1661.62,500,9,0,482,84600,0,0
4657,30,Male,Single,Master,Employed,Urban,12,1,0,2021,3,Ford,Minivan,Electric,29454,2000,Comprehensive,2770.94,2000,10,1,715,98445,2,0
4658,60,Female,Married,PhD,Self-Employed,Urban,40,0,1,2023,1,Volkswagen,Minivan,Petrol,9051,1000,Comprehensive,696.67,2000,15,1,560,24508,3,0
4659,34,Male,Married,High School,Student,Urban,14,1,0,2009,15,Toyota,SUV,Diesel,24194,1500,Standard,2557.71,250,4,0,581,189249,2,0
4660,37,Female,Single,PhD,Employed,Rural,16,0,0,2010,14,Honda,Hatchback,Hybrid,28619,1000,Basic,853.42,2000,10,1,783,120994,1,0
4661,40,Female,Widowed,Bachelor,Employed,Rural,17,0,0,2005,19,Volkswagen,Coupe,Petrol,33047,1000,Comprehensive,1430.43,1500,2,0,752,78966,2,0
4662,36,Male,Divorced,PhD,Employed,Rural,18,1,3,2005,19,Ford,Minivan,Diesel,15221,1800,Comprehensive,434.48,1500,12,0,351,57781,0,0
4663,52,Male,Married,None,Self-Employed,Suburban,33,1,1,2008,16,Nissan,Pickup,Hybrid,13177,1200,Basic,2743.11,250,14,0,837,38024,3,0
4664,34,Male,Married,High School,Student,Rural,11,0,0,2020,4,Ford,Minivan,Petrol,13355,2500,Standard,1347.38,1000,7,0,761,139643,0,0
4665,28,Female,Divorced,PhD,Self-Employed,Urban,10,0,0,2011,13,Honda,SUV,Electric,19203,1800,Standard,1340.37,1000,7,1,700,44003,0,1
4666,69,Female,Single,Master,Self-Employed,Urban,46,1,1,2011,13,BMW,Minivan,Petrol,5519,1800,Comprehensive,2422.04,2000,10,0,714,44746,3,0
4667,36,Male,Divorced,Bachelor,Unemployed,Rural,18,2,1,2008,16,Nissan,Hatchback,Hybrid,31916,3000,Comprehensive,786.41,2000,12,0,314,44176,0,1
4668,52,Female,Single,High School,Student,Suburban,30,0,1,2022,2,Audi,Coupe,Diesel,12407,2000,Basic,2381.28,500,1,0,666,70082,4,0
4669,74,Female,Divorced,Master,Employed,Urban,51,0,1,2015,9,Volkswagen,Sedan,Hybrid,14047,1000,Comprehensive,2653.73,250,11,0,535,90144,4,0
4670,35,Male,Divorced,Master,Self-Employed,Rural,13,0,0,2020,4,Hyundai,Minivan,Petrol,25656,3000,Comprehensive,1867.51,1500,11,0,564,161535,3,1
4671,55,Male,Divorced,Bachelor,Retired,Rural,36,0,1,2007,17,BMW,Hatchback,Electric,12922,1800,Standard,2086.53,2000,4,1,810,107418,0,0
4672,45,Female,Divorced,PhD,Retired,Urban,22,0,0,2008,16,BMW,SUV,Hybrid,29578,2000,Standard,319.43,250,5,0,630,103088,2,1
4673,60,Male,Widowed,Master,Student,Urban,42,0,1,2022,2,BMW,Minivan,Diesel,34299,2000,Basic,2912.87,2000,14,0,704,169174,0,0
4674,25,Male,Divorced,None,Employed,Rural,6,1,1,2021,3,Audi,Sedan,Petrol,26842,1000,Basic,961.41,500,6,0,375,42115,0,0
4675,21,Female,Widowed,Bachelor,Student,Rural,3,0,1,2008,16,Nissan,Hatchback,Petrol,11290,2500,Standard,2104.49,250,14,1,547,23145,0,0
4676,50,Female,Divorced,Master,Employed,Urban,30,0,0,2014,10,Honda,Sedan,Petrol,13031,1800,Comprehensive,981.81,2000,7,0,349,92546,2,0
4677,26,Female,Widowed,Master,Unemployed,Suburban,4,1,0,2012,12,Chevrolet,Minivan,Hybrid,32761,1200,Comprehensive,2392.84,1000,13,1,592,112609,0,0
4678,71,Male,Divorced,None,Unemployed,Urban,48,1,1,2014,10,Honda,Hatchback,Hybrid,28802,1800,Comprehensive,2652.99,2000,2,0,733,160831,0,0
4679,42,Female,Single,High School,Employed,Urban,21,1,0,2023,1,Ford,Minivan,Petrol,22604,1000,Basic,1866.66,2000,7,0,801,46192,1,0
4680,34,Male,Single,PhD,Retired,Urban,15,4,0,2016,8,Ford,Pickup,Petrol,11091,3000,Standard,1659.83,2000,7,1,544,188195,1,1
4681,67,Female,Married,Bachelor,Self-Employed,Rural,44,0,1,2010,14,Mercedes,Sedan,Hybrid,15791,1500,Basic,1806.58,1000,1,0,563,52630,3,0
4682,19,Male,Married,Bachelor,Student,Suburban,0,0,1,2008,16,Volkswagen,SUV,Diesel,5165,3000,Basic,1520.09,1500,9,1,844,171346,0,0
4683,18,Female,Married,None,Self-Employed,Suburban,0,1,1,2006,18,Volkswagen,SUV,Hybrid,21029,1800,Comprehensive,2627.36,500,11,0,642,45768,0,1
4684,31,Male,Single,PhD,Retired,Urban,13,0,0,2023,1,Audi,Minivan,Petrol,32482,1000,Standard,473.66,1500,12,1,648,160077,0,0
4685,48,Female,Single,PhD,Retired,Rural,26,0,0,2015,9,Hyundai,Coupe,Diesel,8773,1800,Basic,2750.07,1500,1,0,406,159969,0,1
4686,59,Female,Divorced,None,Unemployed,Urban,41,1,0,2022,2,Toyota,Pickup,Diesel,24917,1500,Standard,2010.95,500,4,0,470,138052,2,0
4687,52,Female,Single,High School,Student,Rural,30,3,1,2020,4,Ford,Minivan,Hybrid,15150,1800,Standard,516.74,1500,7,0,721,61184,2,1
4688,52,Female,Widowed,Bachelor,Employed,Rural,29,0,1,2007,17,Ford,Sedan,Hybrid,32558,1800,Standard,1890.81,250,11,0,436,121055,2,1
4689,68,Female,Divorced,High School,Retired,Rural,46,2,0,2005,19,Audi,SUV,Hybrid,17265,1000,Standard,2378.05,500,15,0,804,173723,1,0
4690,62,Male,Divorced,PhD,Unemployed,Urban,41,1,0,2022,2,BMW,SUV,Electric,7682,1000,Comprehensive,2378.34,1500,9,1,692,182700,4,0
4691,51,Male,Divorced,None,Retired,Rural,33,0,1,2014,10,Toyota,Hatchback,Petrol,28077,1800,Comprehensive,731.88,1500,8,0,847,117678,4,1
4692,36,Female,Married,High School,Employed,Suburban,15,0,2,2023,1,Mercedes,Minivan,Petrol,17466,1500,Comprehensive,1034.85,500,4,1,605,63810,1,0
4693,21,Female,Divorced,High School,Retired,Urban,0,2,3,2007,17,Ford,Hatchback,Hybrid,33071,3000,Comprehensive,2741.21,250,2,0,557,138125,2,1
4694,73,Male,Single,None,Self-Employed,Suburban,50,0,1,2020,4,Toyota,Sedan,Hybrid,21486,1800,Basic,2748.84,1000,11,1,522,50642,0,0
4695,22,Male,Widowed,Master,Employed,Suburban,4,2,1,2018,6,Chevrolet,Hatchback,Hybrid,19009,1800,Basic,2548.41,500,1,0,530,101358,2,1
4696,74,Male,Widowed,None,Student,Urban,52,1,2,2010,14,Hyundai,Hatchback,Electric,22210,1800,Comprehensive,569.27,1500,3,0,750,126142,1,1
4697,20,Female,Divorced,High School,Self-Employed,Urban,2,0,1,2018,6,Ford,SUV,Diesel,27409,1500,Basic,1405.14,250,6,0,797,72505,0,1
4698,19,Female,Widowed,Master,Student,Urban,0,0,5,2017,7,Volkswagen,SUV,Diesel,7776,2000,Standard,353.01,2000,1,0,756,71835,3,0
4699,74,Female,Single,High School,Self-Employed,Urban,55,0,0,2024,0,Chevrolet,Minivan,Electric,6288,1200,Standard,2881.25,500,13,0,812,154934,0,0
4700,54,Female,Single,High School,Retired,Urban,33,0,1,2016,8,Chevrolet,Hatchback,Petrol,5359,3000,Basic,2779.57,500,7,0,538,190347,3,1
4701,67,Male,Single,None,Self-Employed,Rural,45,1,2,2006,18,Toyota,Hatchback,Electric,5793,1800,Standard,1956.36,2000,8,1,571,114133,0,1
4702,24,Female,Married,None,Employed,Rural,2,0,0,2020,4,BMW,Minivan,Petrol,5125,1200,Basic,2502.56,1000,13,1,431,102752,0,1
4703,45,Female,Married,High School,Retired,Urban,27,1,0,2021,3,Toyota,SUV,Diesel,32093,1000,Standard,2342.19,2000,6,0,318,161918,1,0
4704,31,Female,Single,PhD,Unemployed,Rural,8,1,1,2013,11,BMW,Sedan,Diesel,30869,2000,Basic,2516.15,2000,9,0,432,118997,4,0
4705,40,Male,Widowed,Bachelor,Retired,Suburban,17,1,0,2024,0,Nissan,Minivan,Hybrid,20414,2000,Standard,1316.78,250,1,0,421,152203,0,0
4706,32,Female,Widowed,PhD,Self-Employed,Urban,12,0,0,2012,12,Nissan,SUV,Electric,9364,1800,Standard,1392.68,250,8,0,506,165202,3,0
4707,74,Female,Widowed,Bachelor,Student,Suburban,56,3,0,2010,14,Hyundai,Pickup,Diesel,30076,1500,Comprehensive,2371.75,2000,2,0,664,139411,3,0
4708,44,Male,Widowed,High School,Employed,Rural,25,0,3,2011,13,Nissan,Sedan,Hybrid,11132,2000,Comprehensive,847.41,500,7,1,517,192594,2,1
4709,33,Male,Widowed,Bachelor,Self-Employed,Suburban,14,1,2,2009,15,Nissan,Coupe,Hybrid,18905,2000,Standard,996.92,1000,15,0,459,105731,2,0
4710,47,Male,Married,Master,Employed,Suburban,25,3,0,2017,7,Hyundai,SUV,Electric,34764,3500,Standard,408.56,1000,13,0,342,118764,2,1
4711,42,Female,Single,High School,Retired,Urban,20,1,3,2020,4,Audi,Coupe,Hybrid,11575,2000,Basic,2433.69,1500,3,0,517,22682,3,0
4712,20,Male,Divorced,Master,Unemployed,Rural,0,0,0,2010,14,Honda,Coupe,Diesel,12626,2000,Standard,1006.1,1500,7,0,589,196648,1,0
4713,39,Male,Married,None,Retired,Rural,16,1,0,2019,5,Nissan,Minivan,Electric,19888,2000,Basic,1305.26,1000,2,1,808,15436,2,0
4714,34,Male,Married,Master,Retired,Urban,16,0,0,2012,12,BMW,Minivan,Electric,34535,1800,Comprehensive,1294.82,1500,13,0,736,194189,0,0
4715,66,Female,Married,PhD,Retired,Rural,46,1,0,2009,15,Hyundai,Pickup,Petrol,21683,1200,Comprehensive,1170.08,2000,14,0,309,95044,1,0
4716,65,Male,Divorced,High School,Unemployed,Rural,44,2,0,2018,6,Mercedes,Hatchback,Diesel,9255,1800,Standard,1399.56,2000,3,1,593,154503,2,0
4717,75,Female,Divorced,None,Unemployed,Suburban,55,1,0,2017,7,Chevrolet,Minivan,Petrol,13438,1500,Standard,2558.68,1000,14,1,660,169696,2,1
4718,56,Male,Single,PhD,Employed,Suburban,33,0,0,2012,12,Volkswagen,Pickup,Hybrid,32813,1200,Basic,1787.83,2000,13,0,348,194674,4,0
4719,22,Male,Divorced,None,Self-Employed,Suburban,4,0,0,2016,8,Ford,SUV,Electric,17567,1500,Comprehensive,1285.91,500,13,0,673,72615,3,0
4720,69,Male,Married,PhD,Employed,Rural,48,2,0,2014,10,Volkswagen,Pickup,Diesel,10413,1500,Comprehensive,1688.82,250,6,0,639,27325,1,1
4721,66,Female,Widowed,Master,Self-Employed,Urban,46,1,1,2016,8,Audi,SUV,Petrol,15025,1800,Comprehensive,2931.55,250,8,1,666,184844,1,1
4722,42,Male,Married,Master,Self-Employed,Urban,24,0,0,2006,18,Ford,Hatchback,Hybrid,9658,1500,Standard,423.07,500,9,1,511,126122,0,0
4723,37,Female,Single,PhD,Student,Suburban,19,0,0,2015,9,Honda,Sedan,Petrol,33895,2000,Standard,2241.65,1500,13,0,507,148545,1,0
4724,55,Male,Married,Master,Unemployed,Suburban,35,0,1,2009,15,Nissan,Hatchback,Electric,28464,1500,Standard,1466.94,1000,14,0,304,195406,1,0
4725,32,Female,Single,High School,Employed,Rural,11,0,0,2023,1,Mercedes,Pickup,Electric,29628,1000,Basic,2500.45,250,14,0,495,157650,1,0
4726,67,Female,Married,Master,Unemployed,Urban,45,0,2,2008,16,Ford,SUV,Petrol,19068,2000,Comprehensive,1735.34,500,4,0,563,187245,0,0
4727,42,Male,Single,PhD,Unemployed,Rural,22,0,1,2008,16,Hyundai,Minivan,Hybrid,28702,1800,Basic,2851.64,250,2,0,634,16740,1,1
4728,56,Male,Married,Bachelor,Unemployed,Suburban,35,0,0,2009,15,Audi,SUV,Hybrid,13103,2000,Comprehensive,2670.41,1500,9,1,358,159009,2,0
4729,51,Male,Married,None,Employed,Rural,33,2,0,2012,12,Nissan,Coupe,Diesel,34517,1500,Comprehensive,733.67,1000,13,1,499,135522,0,0
4730,71,Male,Widowed,PhD,Employed,Rural,51,1,1,2020,4,Toyota,Coupe,Hybrid,26911,3500,Standard,482.37,1500,2,1,562,46230,0,0
4731,27,Female,Single,High School,Unemployed,Suburban,5,0,2,2010,14,Mercedes,Sedan,Hybrid,34674,2000,Standard,801.2,500,5,1,646,96652,2,1
4732,74,Male,Single,Master,Student,Suburban,55,0,0,2022,2,Volkswagen,Sedan,Petrol,32365,1500,Standard,2835.03,500,4,1,337,157826,4,0
4733,68,Female,Married,High School,Unemployed,Rural,46,2,1,2014,10,Audi,Sedan,Petrol,34829,2500,Comprehensive,2986.37,2000,8,0,361,173399,0,0
4734,64,Female,Widowed,High School,Unemployed,Urban,42,4,1,2011,13,Honda,Sedan,Diesel,8222,1800,Comprehensive,2295.81,250,1,0,628,141428,1,1
4735,60,Female,Widowed,High School,Student,Urban,41,3,0,2024,0,Ford,Coupe,Hybrid,25674,2000,Comprehensive,490.44,250,12,0,524,39360,1,0
4736,58,Female,Single,None,Student,Urban,40,1,1,2024,0,BMW,Pickup,Electric,26771,1500,Comprehensive,1219.13,2000,4,1,567,24778,1,0
4737,52,Female,Single,None,Unemployed,Urban,34,3,0,2011,13,Honda,Coupe,Diesel,19014,2000,Basic,810.12,2000,10,1,305,195139,0,1
4738,45,Female,Single,Bachelor,Self-Employed,Urban,23,0,1,2005,19,Hyundai,Minivan,Hybrid,8017,2500,Standard,1430,1000,4,0,440,68648,0,0
4739,48,Female,Single,High School,Retired,Rural,25,2,1,2008,16,Volkswagen,Coupe,Diesel,6267,2500,Standard,2358.35,250,3,0,477,45969,0,1
4740,73,Male,Divorced,Master,Unemployed,Suburban,50,1,1,2020,4,Ford,SUV,Hybrid,20516,2000,Comprehensive,548.12,1000,6,0,354,193594,1,0
4741,45,Male,Married,High School,Unemployed,Urban,24,0,1,2009,15,Toyota,Minivan,Petrol,25325,1500,Comprehensive,741.49,1500,15,0,689,136780,0,0
4742,54,Male,Married,PhD,Employed,Rural,34,1,1,2013,11,Audi,SUV,Diesel,5173,3500,Standard,1920.97,1500,8,0,504,31840,1,0
4743,58,Female,Widowed,PhD,Employed,Urban,39,1,0,2018,6,Ford,Coupe,Petrol,28445,2000,Basic,2281.54,2000,12,1,491,114619,0,1
4744,71,Female,Divorced,Master,Self-Employed,Rural,51,0,0,2007,17,Volkswagen,Pickup,Diesel,21452,1800,Basic,1837.26,250,8,1,626,179159,0,0
4745,51,Male,Married,Bachelor,Student,Suburban,28,2,0,2014,10,Honda,Pickup,Diesel,19528,1800,Comprehensive,1892.66,500,7,1,594,172822,1,0
4746,49,Female,Single,Bachelor,Self-Employed,Urban,26,0,0,2012,12,Honda,Sedan,Diesel,11907,1800,Comprehensive,2301.65,1500,2,0,522,96035,2,1
4747,25,Female,Married,Bachelor,Unemployed,Rural,3,0,0,2006,18,Honda,Sedan,Electric,10049,1800,Standard,2909.7,500,9,0,638,67865,3,0
4748,48,Female,Widowed,High School,Employed,Urban,29,2,1,2013,11,BMW,Sedan,Petrol,25515,1500,Basic,2466.23,250,5,1,777,178320,0,0
4749,30,Female,Widowed,High School,Retired,Urban,9,1,0,2005,19,Hyundai,Sedan,Electric,8044,2000,Basic,1004.86,250,15,1,448,153978,3,1
4750,37,Female,Single,PhD,Employed,Suburban,14,1,3,2011,13,Audi,Coupe,Hybrid,34464,1200,Basic,565.41,500,6,0,508,175470,1,1
4751,73,Male,Married,Bachelor,Self-Employed,Urban,54,2,0,2013,11,Volkswagen,Sedan,Petrol,18870,1000,Basic,304.24,250,9,1,529,149525,1,0
4752,57,Male,Widowed,None,Self-Employed,Suburban,38,1,1,2022,2,Honda,Coupe,Electric,30238,2000,Basic,1931.53,250,14,1,567,62098,0,0
4753,58,Female,Widowed,Master,Self-Employed,Rural,40,1,0,2017,7,Chevrolet,Minivan,Electric,8472,1500,Standard,776.97,1500,11,1,357,87733,0,1
4754,46,Female,Divorced,None,Employed,Rural,23,2,0,2007,17,Chevrolet,Minivan,Petrol,31743,1800,Comprehensive,413.95,1000,12,0,739,83539,3,1
4755,38,Male,Married,None,Unemployed,Urban,17,0,2,2011,13,Honda,Sedan,Diesel,17175,2000,Basic,2167.35,500,15,1,501,138404,1,0
4756,75,Male,Married,Master,Unemployed,Urban,57,1,1,2015,9,Hyundai,Hatchback,Electric,25210,1500,Standard,527.09,250,1,1,683,87613,3,0
4757,47,Male,Married,PhD,Unemployed,Urban,28,0,3,2005,19,Toyota,Coupe,Diesel,19446,1500,Comprehensive,2933.73,250,4,0,538,139660,0,1
4758,20,Male,Married,Bachelor,Self-Employed,Suburban,0,3,1,2006,18,Mercedes,Coupe,Petrol,6132,1000,Comprehensive,2520.22,1000,11,1,821,195402,0,1
4759,60,Female,Single,PhD,Retired,Rural,37,0,0,2016,8,Audi,Hatchback,Hybrid,10970,1000,Basic,787.67,1500,1,0,444,163287,2,0
4760,68,Female,Married,None,Student,Suburban,48,1,0,2019,5,Volkswagen,Pickup,Petrol,34184,2500,Comprehensive,2407.77,2000,6,0,595,196241,3,0
4761,25,Female,Married,None,Student,Suburban,5,0,1,2007,17,Mercedes,Minivan,Diesel,27663,1000,Basic,723.25,2000,3,0,379,179276,1,1
4762,66,Female,Divorced,Master,Retired,Urban,43,2,0,2022,2,Honda,Pickup,Petrol,13884,2500,Standard,751.52,500,10,1,609,51641,3,1
4763,61,Male,Married,PhD,Employed,Rural,38,0,0,2012,12,Ford,Pickup,Diesel,9271,1200,Basic,1956.76,2000,13,1,690,187061,4,1
4764,61,Female,Single,PhD,Unemployed,Urban,42,0,0,2008,16,Mercedes,Hatchback,Hybrid,9111,1500,Standard,2317.06,1000,1,1,415,124364,2,1
4765,47,Female,Widowed,Master,Self-Employed,Suburban,26,1,0,2010,14,Hyundai,Sedan,Petrol,13683,1500,Comprehensive,1460.95,1000,6,1,705,20407,3,0
4766,66,Female,Married,PhD,Retired,Rural,44,1,0,2012,12,Chevrolet,Sedan,Petrol,13539,2000,Basic,1036.23,1000,15,0,715,191176,1,0
4767,30,Male,Divorced,Bachelor,Employed,Urban,9,0,0,2021,3,Ford,Sedan,Petrol,29266,3000,Standard,2042.89,1000,8,1,483,146585,2,0
4768,49,Female,Widowed,Bachelor,Unemployed,Rural,31,1,2,2008,16,Volkswagen,Hatchback,Diesel,21167,1200,Standard,2779,1500,14,0,499,180827,0,0
4769,70,Female,Divorced,Bachelor,Unemployed,Urban,49,0,1,2024,0,Volkswagen,Coupe,Diesel,7334,3000,Standard,1772.32,1500,7,0,358,33741,0,0
4770,66,Male,Single,Bachelor,Self-Employed,Suburban,43,0,1,2024,0,Hyundai,Pickup,Electric,8419,2000,Comprehensive,2475.34,1000,2,1,688,192915,0,1
4771,38,Female,Married,None,Retired,Urban,17,1,2,2015,9,Ford,Coupe,Hybrid,11824,2000,Basic,2820.35,1000,12,1,466,32549,0,0
4772,70,Male,Married,High School,Unemployed,Urban,52,1,1,2011,13,Nissan,Minivan,Petrol,9424,2000,Basic,2430.8,2000,7,0,452,173413,0,0
4773,20,Male,Single,None,Employed,Urban,1,0,1,2016,8,Mercedes,SUV,Petrol,14967,1500,Standard,579.62,1000,8,0,647,79858,2,0
4774,70,Female,Married,PhD,Retired,Urban,52,0,1,2024,0,Honda,Pickup,Electric,11076,3000,Standard,1286.21,1000,7,0,704,67151,2,0
4775,73,Male,Single,High School,Student,Urban,55,0,1,2006,18,Audi,Coupe,Hybrid,17816,1200,Comprehensive,312.34,500,11,1,793,198704,0,0
4776,66,Male,Widowed,Bachelor,Retired,Urban,45,1,3,2018,6,Mercedes,SUV,Hybrid,13985,2000,Basic,1838.61,1500,2,0,432,172909,2,0
4777,48,Female,Married,Bachelor,Retired,Suburban,29,1,2,2006,18,Hyundai,Sedan,Electric,28030,1500,Standard,1704.75,1000,4,1,390,24978,2,0
4778,33,Female,Divorced,High School,Self-Employed,Rural,11,1,0,2006,18,Toyota,Sedan,Electric,32024,2000,Standard,1801.85,500,11,1,745,196414,3,0
4779,42,Male,Divorced,None,Unemployed,Urban,19,0,1,2024,0,Hyundai,Pickup,Hybrid,33778,1500,Standard,767.77,500,9,0,628,187335,4,0
4780,59,Male,Widowed,PhD,Student,Suburban,36,3,2,2021,3,BMW,Minivan,Electric,34763,1500,Comprehensive,836.41,500,5,0,300,73544,1,1
4781,53,Female,Divorced,Master,Self-Employed,Urban,30,3,0,2013,11,Ford,Sedan,Diesel,26848,2500,Comprehensive,2401.09,500,9,0,339,149431,2,0
4782,66,Female,Married,None,Self-Employed,Urban,43,1,0,2011,13,Ford,Sedan,Diesel,26351,1200,Basic,2537.04,1500,6,0,793,161706,2,1
4783,52,Female,Widowed,None,Employed,Rural,32,3,1,2017,7,Nissan,Hatchback,Electric,10106,2500,Standard,2186.46,500,7,0,824,56163,0,0
4784,56,Male,Married,None,Self-Employed,Rural,37,0,0,2021,3,Mercedes,Pickup,Hybrid,27978,1800,Standard,1325.96,250,15,1,390,156227,4,1
4785,31,Male,Widowed,None,Student,Rural,11,0,1,2019,5,BMW,Sedan,Hybrid,34952,1800,Standard,1501.65,1500,2,1,337,89433,2,0
4786,36,Female,Married,High School,Employed,Urban,14,2,0,2016,8,Mercedes,Sedan,Petrol,19306,1200,Basic,2021.08,1500,5,0,321,175192,1,0
4787,43,Male,Divorced,Master,Student,Suburban,25,0,0,2016,8,Chevrolet,SUV,Petrol,25033,2000,Comprehensive,2363.21,1500,12,0,405,86153,2,0
4788,50,Male,Married,PhD,Unemployed,Urban,28,0,0,2017,7,BMW,Minivan,Electric,27965,1200,Standard,1472.74,1000,9,0,420,130187,4,0
4789,20,Male,Single,None,Employed,Urban,0,2,1,2005,19,Toyota,Minivan,Diesel,18560,2000,Basic,1282.94,1000,14,0,738,29806,0,1
4790,22,Female,Single,None,Employed,Rural,3,0,1,2013,11,BMW,Hatchback,Hybrid,14033,1500,Comprehensive,537.55,500,2,1,498,148251,3,1
4791,52,Female,Single,Master,Unemployed,Rural,34,1,0,2024,0,Nissan,Hatchback,Electric,16601,1800,Standard,2375.53,2000,9,1,771,78091,2,0
4792,60,Male,Divorced,Master,Retired,Suburban,42,0,1,2007,17,Audi,Pickup,Hybrid,33102,2000,Standard,1291.34,1000,7,1,786,173785,0,1
4793,19,Male,Divorced,None,Retired,Rural,0,0,2,2006,18,Hyundai,Pickup,Electric,16955,2000,Basic,1962.59,250,14,1,396,156076,3,1
4794,25,Male,Single,High School,Student,Rural,7,1,0,2009,15,Chevrolet,Pickup,Hybrid,30549,1000,Basic,1323.48,2000,11,1,584,29869,3,0
4795,26,Male,Divorced,None,Unemployed,Rural,8,1,0,2009,15,Honda,Coupe,Petrol,24679,2000,Comprehensive,723.19,1000,15,0,787,144108,2,0
4796,61,Male,Widowed,Bachelor,Student,Suburban,41,0,2,2015,9,Mercedes,Coupe,Hybrid,20543,1200,Standard,350.48,2000,1,1,582,139087,3,1
4797,27,Male,Single,Bachelor,Employed,Rural,7,0,2,2023,1,Toyota,SUV,Diesel,29796,3500,Standard,2838.64,1000,15,0,564,195955,2,0
4798,53,Female,Married,PhD,Employed,Suburban,35,0,1,2024,0,Chevrolet,Hatchback,Diesel,12794,2500,Standard,1829.72,2000,12,1,611,196702,0,1
4799,68,Male,Single,PhD,Unemployed,Urban,47,0,1,2014,10,Chevrolet,Sedan,Electric,6962,1800,Standard,941.48,500,11,0,547,154389,0,0
4800,45,Female,Widowed,Bachelor,Employed,Urban,23,1,1,2014,10,Mercedes,Hatchback,Petrol,20567,2000,Comprehensive,1007.61,2000,13,0,437,177758,1,0
4801,48,Female,Single,Bachelor,Employed,Suburban,29,0,2,2021,3,BMW,Minivan,Petrol,17585,2000,Comprehensive,1701.07,500,12,0,819,43197,0,0
4802,52,Female,Married,High School,Unemployed,Rural,33,4,0,2013,11,Honda,SUV,Hybrid,32080,1800,Comprehensive,2802.75,2000,1,1,670,95232,1,0
4803,49,Male,Single,PhD,Student,Suburban,28,1,0,2020,4,Volkswagen,Coupe,Electric,28371,1500,Basic,1101.68,1500,12,0,457,189428,2,0
4804,73,Female,Widowed,Master,Unemployed,Urban,51,1,1,2008,16,Volkswagen,Minivan,Petrol,11212,2500,Standard,2821.24,500,13,1,615,53960,3,0
4805,39,Female,Married,Bachelor,Unemployed,Suburban,19,2,1,2005,19,Nissan,Minivan,Hybrid,19434,2500,Comprehensive,396.36,2000,2,1,530,92254,3,0
4806,23,Female,Married,None,Student,Rural,2,0,0,2007,17,Nissan,Minivan,Electric,13485,1200,Standard,2750.1,1500,13,0,772,137367,0,0
4807,36,Male,Married,Bachelor,Self-Employed,Urban,16,1,0,2018,6,Nissan,Sedan,Diesel,9729,1200,Basic,593.85,2000,11,0,445,91318,1,1
4808,42,Male,Divorced,High School,Unemployed,Rural,21,0,0,2014,10,Audi,Hatchback,Hybrid,16237,1800,Standard,1841.78,500,1,0,746,173308,2,0
4809,39,Female,Single,Bachelor,Unemployed,Urban,21,4,1,2013,11,Audi,Minivan,Diesel,11463,1500,Standard,2763.41,250,9,0,679,80409,0,1
4810,24,Female,Widowed,Bachelor,Retired,Urban,3,4,0,2023,1,BMW,Sedan,Diesel,19263,1500,Basic,2319.12,1000,12,1,449,69441,3,0
4811,49,Male,Widowed,High School,Self-Employed,Urban,28,1,3,2013,11,Audi,Minivan,Electric,19697,2000,Comprehensive,2669.06,1500,6,0,415,185492,2,1
4812,33,Female,Divorced,Master,Self-Employed,Suburban,13,0,0,2010,14,Nissan,Sedan,Diesel,19883,1500,Basic,999.6,250,6,1,466,110834,0,0
4813,67,Female,Divorced,Bachelor,Self-Employed,Rural,44,2,1,2024,0,Ford,Pickup,Electric,26180,1500,Basic,623.18,500,10,0,300,32419,1,0
4814,58,Female,Single,Bachelor,Employed,Suburban,40,0,2,2014,10,Audi,Coupe,Diesel,27770,2000,Comprehensive,2436.65,250,5,1,421,64146,2,1
4815,63,Male,Married,PhD,Student,Rural,40,1,1,2021,3,Volkswagen,SUV,Hybrid,13419,1000,Comprehensive,2120.45,500,9,0,719,101527,1,0
4816,74,Male,Divorced,None,Unemployed,Urban,53,4,1,2017,7,Chevrolet,Sedan,Hybrid,33306,2000,Standard,708.47,2000,13,1,616,186036,0,0
4817,29,Male,Widowed,High School,Employed,Suburban,11,1,0,2022,2,Audi,Minivan,Electric,5135,2000,Standard,1847.14,1000,3,0,376,154923,3,1
4818,18,Female,Widowed,High School,Unemployed,Rural,0,0,1,2018,6,Ford,Minivan,Electric,16820,1200,Standard,2592.56,1500,2,0,704,185176,1,1
4819,49,Male,Single,High School,Unemployed,Rural,26,0,2,2024,0,BMW,Hatchback,Electric,27610,1800,Basic,1919.81,2000,10,0,503,67593,3,0
4820,42,Female,Married,None,Student,Urban,24,1,0,2010,14,Hyundai,Pickup,Electric,21950,3000,Basic,1378.77,1000,4,1,374,195643,1,1
4821,26,Female,Divorced,High School,Employed,Suburban,6,3,0,2020,4,Hyundai,Pickup,Electric,9668,2500,Standard,598.5,1500,6,1,366,152586,0,1
4822,24,Male,Widowed,Bachelor,Self-Employed,Suburban,3,0,0,2024,0,Honda,SUV,Diesel,29545,2500,Standard,1332.26,500,8,0,420,42325,0,0
4823,68,Female,Single,PhD,Unemployed,Urban,47,0,0,2016,8,BMW,Minivan,Hybrid,23361,1800,Basic,657.84,2000,12,1,775,141801,2,0
4824,43,Female,Divorced,High School,Retired,Suburban,22,0,0,2024,0,Hyundai,SUV,Hybrid,14480,1500,Basic,1341.95,1000,4,0,603,68225,2,0
4825,25,Male,Widowed,Bachelor,Student,Rural,7,2,2,2012,12,Audi,Hatchback,Electric,34447,2500,Basic,2906.07,1000,10,0,510,126525,1,0
4826,52,Male,Single,High School,Self-Employed,Suburban,33,1,1,2008,16,Mercedes,Pickup,Diesel,19688,1500,Basic,1791.88,250,11,1,502,20196,4,0
4827,67,Male,Single,PhD,Student,Rural,49,0,0,2011,13,Honda,Hatchback,Electric,29857,2500,Comprehensive,2027.58,250,7,1,791,194296,2,0
4828,65,Male,Married,Master,Student,Urban,43,0,1,2009,15,BMW,Minivan,Hybrid,7111,2000,Basic,1362.01,500,10,1,466,97888,2,0
4829,70,Male,Single,PhD,Self-Employed,Urban,52,3,1,2005,19,Chevrolet,Sedan,Electric,22406,1800,Comprehensive,1128.82,1500,7,0,736,37972,3,1
4830,39,Female,Widowed,PhD,Employed,Rural,19,0,0,2005,19,Volkswagen,Hatchback,Electric,32559,2500,Comprehensive,1417.12,2000,7,0,786,166494,1,0
4831,41,Female,Married,High School,Retired,Urban,18,2,1,2016,8,Honda,SUV,Electric,24962,1000,Comprehensive,1594.62,250,1,1,464,148749,4,1
4832,27,Male,Divorced,Bachelor,Self-Employed,Suburban,8,0,0,2017,7,Toyota,Pickup,Electric,25643,1800,Comprehensive,1359.74,2000,7,0,757,123848,2,1
4833,57,Male,Married,Bachelor,Retired,Rural,34,2,0,2017,7,Hyundai,Coupe,Petrol,30992,2500,Comprehensive,1842.49,2000,10,1,564,105158,2,0
4834,69,Female,Married,Master,Self-Employed,Urban,49,0,2,2009,15,Mercedes,Pickup,Hybrid,31385,1500,Standard,1718.46,1500,3,0,789,153367,0,1
4835,24,Male,Divorced,High School,Unemployed,Suburban,6,0,3,2015,9,Toyota,Minivan,Hybrid,23251,3000,Standard,2279.26,1500,9,1,823,177666,1,0
4836,38,Female,Widowed,High School,Retired,Rural,19,0,0,2023,1,BMW,Pickup,Hybrid,18686,1000,Comprehensive,2611.62,500,7,0,613,21695,4,0
4837,63,Male,Divorced,PhD,Unemployed,Urban,42,0,0,2006,18,Nissan,SUV,Petrol,10220,2000,Comprehensive,1395.04,1500,2,1,661,49377,1,1
4838,72,Male,Divorced,High School,Employed,Rural,53,0,0,2021,3,BMW,Hatchback,Electric,30783,1200,Basic,2631.57,1500,3,1,551,194757,4,0
4839,40,Male,Married,Bachelor,Unemployed,Urban,17,1,2,2010,14,Audi,Pickup,Electric,27138,1200,Standard,797.39,250,4,0,695,57002,0,1
4840,40,Female,Divorced,PhD,Self-Employed,Rural,22,2,1,2011,13,Mercedes,Coupe,Diesel,18432,1500,Basic,1040.69,250,13,0,647,141139,3,0
4841,49,Male,Widowed,None,Retired,Urban,28,0,0,2015,9,Honda,Hatchback,Diesel,27507,1800,Comprehensive,2554.48,2000,3,0,842,18185,1,0
4842,41,Female,Widowed,PhD,Student,Rural,21,0,2,2008,16,Nissan,Coupe,Hybrid,26959,2500,Comprehensive,776.09,1500,6,0,682,15874,3,1
4843,66,Male,Divorced,High School,Unemployed,Rural,47,1,2,2008,16,Honda,Hatchback,Hybrid,34214,3000,Standard,2026.62,2000,14,1,650,82931,3,0
4844,49,Female,Married,Bachelor,Employed,Suburban,29,0,2,2011,13,Nissan,Pickup,Electric,21091,1500,Comprehensive,538.07,1500,14,0,663,95058,1,1
4845,55,Male,Married,None,Unemployed,Rural,33,0,0,2023,1,Hyundai,Minivan,Diesel,24808,1200,Standard,573.86,1500,1,1,427,133547,1,0
4846,24,Female,Single,PhD,Employed,Urban,6,0,1,2010,14,Volkswagen,Coupe,Electric,16344,1000,Standard,1132.39,250,2,1,806,58864,3,0
4847,68,Male,Single,PhD,Student,Suburban,48,0,1,2013,11,Volkswagen,Hatchback,Petrol,26168,2000,Standard,1960.63,1500,7,1,460,134076,0,0
4848,64,Female,Widowed,Bachelor,Self-Employed,Suburban,44,0,0,2016,8,Audi,Minivan,Diesel,15567,3500,Standard,1557.21,2000,1,1,730,190961,3,0
4849,54,Female,Married,High School,Retired,Urban,36,0,0,2023,1,BMW,Hatchback,Petrol,20943,1500,Comprehensive,684.97,2000,8,0,663,42065,2,0
4850,73,Female,Married,PhD,Unemployed,Suburban,54,1,2,2015,9,Nissan,Sedan,Electric,21221,3000,Standard,2499.72,500,8,1,590,56910,3,1
4851,68,Male,Single,High School,Employed,Urban,50,0,0,2012,12,Honda,SUV,Petrol,8805,1200,Standard,1535.75,1500,2,0,534,73971,4,1
4852,27,Female,Single,Bachelor,Unemployed,Suburban,4,2,3,2012,12,Ford,Pickup,Hybrid,9654,1000,Basic,1289.6,500,3,1,641,36006,1,1
4853,49,Male,Single,PhD,Employed,Suburban,27,1,0,2022,2,Volkswagen,Pickup,Petrol,27499,3000,Basic,1743.33,1000,13,0,464,163116,0,0
4854,66,Male,Divorced,High School,Retired,Urban,46,1,3,2014,10,Audi,Pickup,Electric,18399,1500,Standard,1848.14,1000,4,1,548,134841,0,0
4855,74,Male,Divorced,Bachelor,Retired,Suburban,56,0,0,2005,19,Chevrolet,Minivan,Petrol,8604,1800,Standard,862.23,500,7,1,403,159914,2,1
4856,55,Female,Widowed,Bachelor,Unemployed,Suburban,37,0,3,2021,3,Hyundai,Hatchback,Diesel,5654,1000,Comprehensive,1786.09,1500,4,1,703,22331,3,1
4857,41,Female,Single,PhD,Employed,Rural,23,0,5,2024,0,Mercedes,Coupe,Diesel,22158,1200,Basic,2198.71,1500,15,0,658,174050,2,1
4858,25,Female,Divorced,None,Retired,Rural,4,0,1,2020,4,Nissan,Coupe,Petrol,8030,1000,Basic,2217.18,250,13,1,505,80183,1,0
4859,22,Female,Widowed,Bachelor,Unemployed,Rural,3,1,0,2020,4,Chevrolet,Coupe,Diesel,28111,1500,Standard,2485.73,250,2,1,728,45338,1,0
4860,45,Female,Widowed,High School,Retired,Suburban,27,3,3,2019,5,Honda,Coupe,Diesel,6492,1200,Comprehensive,2575.15,2000,4,1,644,158656,1,1
4861,42,Male,Single,Bachelor,Self-Employed,Suburban,20,0,1,2020,4,Mercedes,Coupe,Electric,8763,1800,Standard,536.92,1500,4,1,465,35358,0,0
4862,57,Male,Single,High School,Student,Suburban,38,2,5,2016,8,Volkswagen,SUV,Hybrid,23686,1500,Standard,1598.39,2000,11,1,556,28053,2,1
4863,47,Male,Married,PhD,Employed,Rural,28,3,0,2007,17,Toyota,SUV,Electric,10975,1200,Basic,520.16,250,8,0,779,15183,0,1
4864,33,Female,Single,Bachelor,Student,Urban,12,0,0,2006,18,Honda,Coupe,Hybrid,9725,1200,Basic,2115.3,2000,2,1,675,43346,2,0
4865,46,Female,Widowed,PhD,Retired,Rural,23,0,0,2024,0,Nissan,Hatchback,Diesel,20023,2500,Comprehensive,897.09,500,8,1,731,193122,2,0
4866,74,Male,Widowed,None,Unemployed,Suburban,55,0,1,2013,11,Volkswagen,Sedan,Petrol,5681,1500,Standard,325.96,2000,15,0,657,135088,0,0
4867,45,Female,Widowed,Master,Retired,Suburban,25,1,5,2023,1,Audi,Pickup,Petrol,13150,2000,Comprehensive,2061.89,1000,7,0,558,159449,0,0
4868,57,Female,Married,Bachelor,Self-Employed,Suburban,35,1,0,2007,17,Chevrolet,Hatchback,Electric,5133,2500,Basic,2621.36,1500,12,0,804,135311,0,0
4869,42,Male,Widowed,Master,Student,Urban,23,2,0,2018,6,Honda,Hatchback,Petrol,26018,2500,Standard,1290.95,500,15,0,358,75953,2,0
4870,66,Male,Single,High School,Self-Employed,Suburban,43,0,3,2008,16,Chevrolet,Coupe,Electric,27476,1800,Basic,2235.79,1000,15,0,484,57047,2,0
4871,65,Male,Divorced,High School,Employed,Urban,45,0,0,2011,13,Mercedes,Pickup,Electric,31882,1800,Basic,1660.76,2000,15,1,431,108765,1,1
4872,55,Female,Married,None,Unemployed,Urban,35,0,5,2005,19,Audi,Minivan,Hybrid,16401,1500,Standard,1153.34,2000,10,0,428,191225,2,1
4873,32,Male,Married,None,Unemployed,Suburban,11,0,1,2012,12,Audi,Coupe,Petrol,17891,1800,Basic,879.91,1000,6,0,766,16329,2,0
4874,41,Male,Single,PhD,Retired,Rural,18,0,0,2006,18,Nissan,Hatchback,Petrol,20383,1800,Basic,2494.23,250,9,1,370,100509,1,0
4875,24,Female,Married,None,Employed,Rural,6,3,0,2010,14,Hyundai,Sedan,Electric,21979,1200,Comprehensive,2721.72,1500,10,0,674,161801,0,1
4876,29,Female,Married,High School,Student,Rural,7,4,2,2015,9,Toyota,Pickup,Electric,12253,1200,Comprehensive,2379.67,2000,2,1,527,181163,1,1
4877,72,Male,Married,Master,Student,Suburban,49,0,0,2018,6,Hyundai,SUV,Petrol,28415,1500,Comprehensive,963.36,250,6,0,574,189130,1,1
4878,54,Male,Married,High School,Retired,Rural,32,0,0,2016,8,Honda,SUV,Petrol,30369,1200,Comprehensive,1384.28,2000,9,0,340,59453,1,1
4879,23,Female,Single,PhD,Unemployed,Urban,5,1,0,2017,7,Mercedes,Minivan,Petrol,11742,1000,Comprehensive,1042.49,250,4,0,819,53568,0,0
4880,69,Male,Widowed,PhD,Unemployed,Urban,51,0,3,2022,2,Mercedes,Minivan,Diesel,15939,1200,Standard,1762.91,250,1,1,706,105355,1,1
4881,30,Male,Divorced,Master,Retired,Suburban,10,0,2,2024,0,Honda,SUV,Electric,30653,1500,Comprehensive,1127.39,500,8,0,710,44635,2,1
4882,64,Male,Divorced,None,Unemployed,Rural,42,0,0,2007,17,Chevrolet,Pickup,Petrol,9036,1500,Standard,682.07,1500,6,1,494,145982,0,0
4883,24,Female,Widowed,Bachelor,Retired,Rural,4,1,1,2024,0,BMW,Pickup,Electric,19169,1500,Standard,403.89,1500,5,0,689,113755,1,1
4884,44,Male,Widowed,None,Employed,Suburban,26,1,0,2005,19,Audi,Minivan,Petrol,33984,1800,Comprehensive,1507.77,2000,15,1,303,16739,2,0
4885,58,Female,Single,PhD,Unemployed,Suburban,40,0,1,2023,1,Hyundai,Hatchback,Electric,7709,1800,Basic,2492.37,500,11,0,437,171156,4,0
4886,21,Female,Married,High School,Retired,Rural,3,3,0,2019,5,Mercedes,Coupe,Diesel,22215,3000,Basic,1449.47,500,12,0,524,51665,1,1
4887,21,Female,Married,High School,Retired,Suburban,0,0,5,2014,10,Chevrolet,Hatchback,Diesel,13665,2000,Standard,1646.53,1500,1,1,567,29346,3,1
4888,41,Male,Divorced,Bachelor,Self-Employed,Rural,18,1,0,2023,1,Mercedes,Coupe,Electric,18515,1500,Standard,2803.31,250,8,1,673,32673,1,0
4889,53,Female,Divorced,PhD,Self-Employed,Urban,32,1,1,2016,8,Honda,Hatchback,Hybrid,18883,1200,Basic,780.01,1500,7,1,376,128304,0,0
4890,23,Male,Single,PhD,Self-Employed,Suburban,5,0,0,2009,15,Honda,Sedan,Diesel,12178,1500,Comprehensive,2017.88,2000,10,0,844,165468,0,0
4891,61,Female,Divorced,PhD,Unemployed,Urban,38,2,0,2011,13,Ford,Sedan,Petrol,16069,2500,Basic,1196.01,1000,7,1,688,24722,3,0
4892,27,Male,Divorced,Master,Self-Employed,Urban,5,1,2,2010,14,Nissan,Pickup,Electric,13651,2000,Basic,1005.31,250,9,0,570,120520,1,1
4893,50,Female,Single,None,Retired,Rural,31,2,1,2017,7,Mercedes,SUV,Petrol,24548,1200,Basic,1484.42,1000,4,1,325,157838,0,1
4894,66,Male,Single,None,Self-Employed,Urban,48,1,1,2024,0,Nissan,Coupe,Electric,31834,1800,Standard,2537.9,2000,15,1,571,93603,2,0
4895,38,Male,Single,None,Employed,Suburban,18,1,2,2022,2,Honda,Coupe,Electric,13076,2500,Standard,985.86,1000,9,1,325,21886,1,0
4896,58,Female,Divorced,None,Employed,Suburban,36,0,1,2021,3,Mercedes,Sedan,Petrol,8336,2000,Standard,1050.49,250,11,1,618,22818,1,0
4897,40,Female,Married,Master,Unemployed,Urban,17,4,2,2005,19,Toyota,Minivan,Diesel,26556,2000,Standard,776.54,2000,10,1,629,102057,2,1
4898,67,Female,Married,Bachelor,Student,Rural,49,0,1,2008,16,Audi,Minivan,Diesel,19136,1800,Comprehensive,2169.4,250,7,0,624,166329,1,0
4899,41,Female,Single,Master,Employed,Urban,19,0,0,2009,15,Nissan,Hatchback,Hybrid,31059,3000,Basic,365.14,1500,5,0,788,190357,2,0
4900,53,Male,Single,Bachelor,Self-Employed,Suburban,32,4,0,2012,12,Hyundai,Pickup,Electric,22545,1800,Basic,2940.32,2000,3,0,518,102928,3,1
4901,55,Male,Divorced,PhD,Student,Urban,35,0,2,2024,0,Honda,Pickup,Petrol,29031,3500,Standard,738.23,1500,15,0,820,73366,3,1
4902,54,Female,Widowed,None,Employed,Suburban,34,1,3,2005,19,Volkswagen,Hatchback,Diesel,33123,2500,Standard,1920.82,1500,2,0,557,180993,2,1
4903,30,Male,Single,High School,Employed,Rural,9,0,1,2007,17,Honda,Pickup,Hybrid,34251,1800,Standard,2098.12,1500,7,0,314,175154,4,0
4904,20,Female,Single,High School,Employed,Suburban,0,0,3,2019,5,Audi,Pickup,Diesel,9192,1800,Comprehensive,630.11,250,7,0,456,194942,0,1
4905,34,Male,Married,High School,Self-Employed,Rural,12,0,0,2008,16,Ford,Pickup,Electric,5797,1000,Comprehensive,1187.93,250,7,0,410,48757,3,0
4906,58,Female,Single,High School,Unemployed,Suburban,39,0,0,2010,14,Chevrolet,SUV,Petrol,17718,2500,Comprehensive,2720.87,250,15,1,807,70026,2,1
4907,21,Male,Widowed,High School,Self-Employed,Rural,0,0,1,2009,15,Hyundai,SUV,Diesel,8652,2000,Standard,2553.4,250,14,1,680,29922,2,0
4908,49,Female,Single,Bachelor,Retired,Suburban,28,0,1,2019,5,Hyundai,Minivan,Electric,28049,1800,Basic,898.26,1500,10,1,675,21651,3,0
4909,29,Male,Divorced,Bachelor,Student,Urban,11,2,0,2017,7,Chevrolet,Pickup,Electric,12751,2500,Comprehensive,2939.81,1000,12,0,620,163944,3,1
4910,24,Male,Single,PhD,Unemployed,Rural,2,1,0,2015,9,Audi,SUV,Petrol,32004,3000,Comprehensive,2435.11,250,2,1,479,170974,2,1
4911,35,Female,Married,High School,Student,Suburban,12,2,1,2014,10,Nissan,Hatchback,Diesel,28882,1500,Basic,1790.79,250,5,0,681,47759,2,1
4912,63,Female,Widowed,Bachelor,Self-Employed,Urban,43,0,0,2006,18,Audi,SUV,Hybrid,32947,3000,Basic,502.46,2000,3,0,617,109491,0,1
4913,47,Male,Married,Bachelor,Unemployed,Rural,29,0,0,2013,11,Hyundai,Pickup,Hybrid,23086,2500,Standard,1254.37,1500,5,0,521,187393,0,0
4914,47,Male,Widowed,PhD,Student,Urban,25,0,0,2024,0,Audi,Coupe,Electric,13003,1200,Comprehensive,467.36,2000,10,1,760,170986,0,0
4915,72,Male,Divorced,None,Student,Suburban,53,0,1,2015,9,Audi,Sedan,Diesel,6066,2000,Basic,540.53,2000,15,0,584,173194,0,0
4916,63,Female,Divorced,PhD,Retired,Rural,40,1,0,2006,18,Toyota,Minivan,Electric,13458,2500,Standard,1814.29,1500,5,1,774,83234,4,0
4917,44,Female,Married,None,Employed,Suburban,24,0,0,2021,3,Audi,SUV,Electric,26830,1800,Basic,2260.02,1000,12,1,766,171549,2,0
4918,71,Female,Divorced,High School,Unemployed,Rural,52,2,0,2010,14,Honda,Pickup,Electric,25612,1800,Basic,2006.12,500,2,0,534,62668,1,1
4919,63,Female,Divorced,Master,Employed,Urban,43,1,0,2019,5,Volkswagen,Coupe,Electric,34805,1200,Standard,2966,1500,14,0,737,71585,2,0
4920,35,Male,Widowed,None,Self-Employed,Rural,13,4,2,2017,7,Volkswagen,Pickup,Petrol,12763,2000,Basic,1979.48,1000,1,0,725,88131,4,1
4921,52,Female,Married,Bachelor,Unemployed,Rural,31,1,2,2021,3,Volkswagen,Sedan,Electric,24655,2500,Basic,1415.98,1000,3,0,463,45893,2,0
4922,59,Male,Widowed,PhD,Unemployed,Urban,37,0,2,2021,3,Volkswagen,Sedan,Diesel,29592,1800,Basic,708.61,500,5,1,471,133086,3,0
4923,50,Male,Divorced,PhD,Employed,Rural,32,3,0,2010,14,Audi,Coupe,Hybrid,6504,1200,Basic,2601.12,2000,4,1,487,79567,2,1
4924,42,Male,Single,High School,Employed,Urban,23,0,2,2012,12,Nissan,Sedan,Hybrid,24774,1000,Basic,1439.64,2000,2,0,497,114804,3,1
4925,28,Male,Married,Master,Student,Rural,10,0,1,2018,6,Ford,Minivan,Diesel,31487,2500,Basic,2925.97,1500,8,1,543,120925,0,0
4926,46,Female,Divorced,PhD,Employed,Urban,24,0,0,2024,0,Honda,Pickup,Hybrid,33950,1000,Standard,813.62,1000,5,0,325,41394,0,0
4927,31,Male,Single,Master,Student,Urban,13,1,1,2021,3,BMW,Coupe,Petrol,33522,1500,Standard,752.97,500,2,1,517,24356,1,1
4928,65,Male,Married,Bachelor,Employed,Rural,46,0,0,2021,3,Chevrolet,SUV,Electric,14516,1500,Standard,682.76,2000,8,1,317,46618,2,1
4929,36,Male,Divorced,PhD,Self-Employed,Rural,17,0,0,2013,11,Toyota,Coupe,Diesel,16206,1800,Basic,2306.89,1000,11,1,404,120852,0,0
4930,60,Female,Widowed,PhD,Retired,Suburban,38,0,2,2024,0,Audi,Sedan,Hybrid,33133,2000,Basic,1308.26,250,5,1,522,22274,2,0
4931,74,Female,Married,Master,Self-Employed,Urban,56,1,0,2006,18,Ford,Coupe,Diesel,18634,1200,Comprehensive,1158.19,500,4,1,572,100736,4,1
4932,38,Male,Married,Master,Self-Employed,Urban,18,1,1,2022,2,Volkswagen,Hatchback,Electric,25532,2000,Basic,2090.24,500,6,0,329,83701,0,1
4933,37,Male,Divorced,Master,Employed,Urban,18,0,0,2006,18,Nissan,Sedan,Petrol,8940,1800,Comprehensive,610.49,500,1,0,314,169247,3,0
4934,45,Female,Widowed,None,Retired,Suburban,24,1,0,2013,11,Chevrolet,Coupe,Hybrid,8975,1200,Standard,2631,1500,8,0,788,32056,2,0
4935,46,Female,Married,PhD,Student,Rural,27,1,1,2017,7,Nissan,Coupe,Electric,18209,2500,Basic,417.61,1500,10,0,782,136461,0,0
4936,65,Male,Single,None,Unemployed,Rural,44,0,1,2015,9,Nissan,Pickup,Electric,18100,1800,Standard,2246.53,250,4,1,332,157124,2,1
4937,19,Male,Married,High School,Employed,Urban,0,2,2,2006,18,Toyota,Hatchback,Hybrid,21621,2500,Basic,2237.41,2000,14,1,338,55091,1,1
4938,61,Female,Single,None,Student,Urban,43,0,1,2017,7,Hyundai,Coupe,Petrol,23282,1800,Comprehensive,783.02,250,7,1,346,172390,1,0
4939,72,Female,Married,PhD,Unemployed,Urban,53,1,0,2023,1,Mercedes,Sedan,Hybrid,34161,2000,Standard,1284.17,2000,4,1,674,146118,2,1
4940,69,Female,Divorced,High School,Retired,Rural,48,0,0,2009,15,Volkswagen,Hatchback,Hybrid,22111,1800,Comprehensive,2736.78,1500,4,0,566,53549,3,0
4941,49,Female,Married,None,Unemployed,Urban,28,3,0,2007,17,Toyota,Sedan,Diesel,12389,1500,Standard,2868.22,500,5,1,653,178781,0,0
4942,55,Female,Widowed,None,Retired,Suburban,33,0,2,2020,4,Honda,SUV,Petrol,7075,1500,Basic,973.31,2000,9,0,741,122542,1,0
4943,50,Female,Widowed,High School,Student,Urban,32,1,0,2016,8,Mercedes,Sedan,Hybrid,13927,1200,Standard,1746.38,1500,10,0,505,176965,4,1
4944,65,Female,Single,PhD,Self-Employed,Suburban,42,0,0,2020,4,Audi,Coupe,Petrol,33464,1200,Standard,2540.46,1500,2,0,394,39131,1,0
4945,19,Female,Married,Bachelor,Unemployed,Urban,0,0,0,2009,15,Volkswagen,Minivan,Hybrid,22761,1800,Standard,321.89,250,2,0,383,116785,2,1
4946,20,Male,Divorced,Bachelor,Retired,Rural,0,1,0,2011,13,Hyundai,Sedan,Petrol,11798,1800,Basic,2698.15,2000,12,1,473,190767,1,1
4947,32,Male,Single,Master,Retired,Suburban,9,3,0,2020,4,Audi,Sedan,Hybrid,6767,2000,Basic,1057.5,1000,12,0,481,69702,0,1
4948,55,Male,Divorced,High School,Unemployed,Urban,32,0,2,2005,19,Honda,Hatchback,Electric,15499,1800,Comprehensive,1785.22,1000,10,1,359,71248,1,1
4949,64,Female,Single,None,Self-Employed,Rural,44,1,3,2018,6,Toyota,Pickup,Electric,8823,1800,Comprehensive,2295.81,500,15,1,642,102701,0,1
4950,59,Male,Widowed,PhD,Employed,Urban,38,3,1,2020,4,Honda,Coupe,Electric,24886,1500,Basic,2856.34,250,4,0,746,71518,0,0
4951,69,Male,Married,None,Student,Rural,50,1,1,2013,11,Mercedes,Minivan,Hybrid,7163,1500,Comprehensive,1320.28,1500,12,0,471,135541,1,1
4952,24,Female,Married,None,Unemployed,Suburban,3,0,1,2020,4,Mercedes,Pickup,Petrol,28919,2500,Standard,1198.64,1000,1,0,731,29884,3,0
4953,42,Male,Married,Bachelor,Employed,Urban,21,0,0,2010,14,Nissan,Minivan,Petrol,31173,2000,Comprehensive,2192.49,500,2,0,386,52784,3,0
4954,35,Male,Divorced,High School,Self-Employed,Suburban,16,0,1,2023,1,Toyota,Minivan,Electric,30608,1200,Comprehensive,617.63,500,12,1,704,40087,1,0
4955,64,Female,Widowed,High School,Student,Urban,45,1,0,2018,6,Volkswagen,Sedan,Electric,14507,1500,Basic,1694.21,1000,12,0,614,39830,4,1
4956,47,Female,Widowed,Master,Student,Urban,29,1,1,2016,8,Nissan,Pickup,Petrol,7680,3500,Basic,2005.83,250,7,1,815,197417,1,0
4957,67,Male,Married,Master,Unemployed,Urban,48,1,0,2022,2,Chevrolet,Pickup,Petrol,14920,1200,Comprehensive,2601.35,500,1,1,366,98656,1,1
4958,42,Male,Divorced,Master,Retired,Rural,23,0,0,2005,19,Hyundai,Sedan,Diesel,22880,1200,Basic,2877.15,1000,15,0,692,76927,1,0
4959,40,Female,Single,Bachelor,Self-Employed,Suburban,21,2,2,2018,6,Mercedes,SUV,Diesel,8856,1800,Basic,2594.04,1500,1,1,305,133074,3,1
4960,47,Male,Married,None,Unemployed,Suburban,27,0,0,2021,3,Ford,Coupe,Diesel,29149,1000,Comprehensive,2484.73,1000,12,0,333,145515,4,0
4961,18,Male,Single,Master,Self-Employed,Urban,0,0,0,2024,0,Toyota,SUV,Petrol,15632,3500,Standard,1970.34,250,11,0,589,90715,1,0
4962,73,Female,Divorced,None,Unemployed,Rural,50,0,0,2018,6,Chevrolet,Hatchback,Petrol,6585,1500,Standard,2756.15,250,7,1,584,160554,1,0
4963,65,Male,Married,Master,Unemployed,Urban,42,2,3,2021,3,Audi,SUV,Electric,5448,2000,Comprehensive,327.23,250,5,1,518,122408,2,1
4964,72,Female,Widowed,Bachelor,Self-Employed,Urban,51,0,0,2005,19,Mercedes,Sedan,Hybrid,28348,1200,Comprehensive,644.74,500,3,1,633,64319,3,0
4965,73,Male,Divorced,High School,Employed,Suburban,50,0,3,2017,7,BMW,Sedan,Diesel,5861,1500,Standard,746.74,2000,6,1,542,132345,1,0
4966,50,Female,Widowed,None,Student,Urban,30,0,0,2021,3,Toyota,SUV,Electric,5063,1500,Comprehensive,507.22,500,11,1,546,53807,1,1
4967,30,Male,Single,None,Employed,Suburban,9,0,0,2009,15,Nissan,Minivan,Hybrid,24022,3500,Basic,921.01,1000,10,1,398,199436,1,0
4968,62,Female,Divorced,PhD,Employed,Urban,43,0,0,2012,12,Ford,Coupe,Diesel,8518,3500,Basic,2589.89,1000,13,1,439,27727,3,0
4969,22,Female,Widowed,Master,Employed,Suburban,2,0,0,2016,8,Audi,Minivan,Hybrid,31705,1500,Comprehensive,1706.46,500,12,1,601,184020,0,0
4970,26,Male,Married,None,Retired,Urban,6,0,3,2019,5,Ford,SUV,Electric,19711,2000,Basic,839.58,1500,6,0,663,98848,3,1
4971,72,Female,Single,None,Student,Rural,51,0,0,2005,19,Honda,Sedan,Petrol,34779,3000,Standard,705.39,2000,2,1,694,181863,1,1
4972,27,Male,Widowed,High School,Retired,Rural,8,2,1,2005,19,Audi,Sedan,Diesel,17140,1500,Comprehensive,1293.82,1000,10,1,518,191960,0,1
4973,49,Female,Single,Master,Unemployed,Urban,31,0,2,2007,17,Hyundai,Minivan,Diesel,18650,1000,Standard,1143.12,2000,1,0,529,159340,2,1
4974,70,Female,Divorced,PhD,Student,Rural,50,1,0,2007,17,Mercedes,Pickup,Hybrid,22708,2500,Basic,2079.91,1500,13,0,458,80268,0,0
4975,40,Male,Single,PhD,Unemployed,Suburban,17,0,3,2009,15,Ford,Sedan,Hybrid,25949,2500,Standard,2276.64,2000,11,0,373,192882,0,0
4976,20,Male,Widowed,Master,Unemployed,Urban,0,1,0,2022,2,Volkswagen,SUV,Hybrid,22202,1500,Basic,1923.86,2000,11,0,704,136775,4,0
4977,54,Male,Divorced,None,Employed,Rural,33,0,0,2009,15,Audi,SUV,Diesel,23441,2000,Basic,759.26,1000,7,0,358,177830,1,0
4978,41,Female,Single,PhD,Self-Employed,Rural,18,0,0,2007,17,Chevrolet,SUV,Diesel,32898,3000,Basic,615.91,2000,9,0,530,61445,1,0
4979,51,Male,Married,PhD,Unemployed,Rural,32,0,1,2010,14,Audi,Coupe,Diesel,27456,1200,Standard,1006.43,250,9,0,606,95150,1,1
4980,57,Female,Married,None,Self-Employed,Rural,38,0,2,2008,16,BMW,Minivan,Electric,33509,1800,Basic,2425.64,1000,13,1,580,60884,3,1
4981,27,Male,Married,PhD,Student,Urban,9,0,1,2013,11,Ford,Pickup,Petrol,15770,1000,Standard,747.56,250,13,1,813,86690,0,0
4982,33,Male,Divorced,PhD,Unemployed,Urban,13,0,1,2018,6,Hyundai,Pickup,Diesel,10697,1000,Basic,1525.04,1000,3,0,402,87885,1,0
4983,53,Male,Divorced,None,Unemployed,Urban,31,0,0,2024,0,Ford,SUV,Hybrid,7657,1800,Standard,989.16,500,4,0,549,111701,3,0
4984,28,Female,Single,PhD,Employed,Urban,8,2,0,2005,19,Hyundai,Hatchback,Hybrid,12669,2000,Basic,809.57,1000,11,0,437,166514,3,1
4985,39,Female,Widowed,None,Unemployed,Urban,18,0,0,2010,14,Audi,Sedan,Hybrid,27843,1800,Standard,728.51,500,13,0,521,140722,1,1
4986,40,Male,Widowed,High School,Student,Rural,19,0,5,2019,5,Hyundai,Coupe,Electric,21356,1800,Standard,1720.23,500,15,0,396,110289,2,1
4987,33,Female,Married,None,Employed,Urban,10,2,2,2009,15,Volkswagen,Minivan,Petrol,20824,2500,Standard,2398.96,250,1,1,813,47636,2,0
4988,37,Female,Divorced,Master,Retired,Rural,17,1,3,2011,13,Chevrolet,Minivan,Hybrid,34186,1500,Standard,1797.66,250,9,1,421,52031,1,1
4989,41,Female,Divorced,Bachelor,Retired,Rural,21,0,0,2009,15,BMW,Sedan,Petrol,30405,1500,Basic,2200.92,1500,1,0,337,26989,1,1
4990,67,Female,Widowed,High School,Student,Suburban,49,1,0,2018,6,Hyundai,Coupe,Diesel,13434,2000,Standard,445.7,1500,1,0,307,85701,2,1
4991,30,Male,Divorced,PhD,Employed,Rural,10,2,0,2022,2,BMW,Hatchback,Petrol,21678,1800,Standard,2257.97,1000,13,1,572,165943,0,0
4992,25,Male,Married,None,Employed,Rural,3,2,1,2013,11,Honda,Hatchback,Hybrid,7483,2000,Comprehensive,2457.44,1000,3,1,391,33026,0,0
4993,53,Male,Widowed,Bachelor,Retired,Rural,35,2,2,2016,8,Volkswagen,Minivan,Hybrid,20980,2500,Comprehensive,2864.67,250,10,0,315,34106,2,1
4994,65,Male,Married,Master,Retired,Urban,43,2,0,2016,8,Honda,Hatchback,Electric,26330,2000,Basic,453.81,250,11,1,588,62562,0,1
4995,24,Female,Single,Bachelor,Student,Rural,6,1,1,2020,4,Ford,Coupe,Petrol,6130,1800,Standard,2799.63,250,4,0,788,70362,0,0
4996,34,Female,Married,PhD,Self-Employed,Rural,12,0,0,2023,1,Mercedes,Coupe,Petrol,8188,2000,Basic,2988.43,1500,14,1,559,16991,3,1
4997,39,Male,Divorced,None,Retired,Urban,20,2,2,2015,9,Mercedes,Sedan,Electric,14423,1500,Comprehensive,2330.31,2000,13,0,501,24423,0,1
4998,21,Female,Single,Bachelor,Student,Urban,0,3,0,2011,13,Volkswagen,Sedan,Hybrid,10052,1200,Standard,1857.22,1500,13,1,459,165255,0,0
4999,60,Female,Divorced,High School,Unemployed,Urban,41,2,2,2006,18,Nissan,Hatchback,Diesel,17184,1500,Standard,2561.36,1000,8,0,793,57511,1,0
5000,63,Male,Married,PhD,Self-Employed,Suburban,45,1,1,2019,5,Hyundai,Pickup,Diesel,30454,1200,Standard,1477.23,500,5,0,382,86083,0,1
5001,63,Female,Single,High School,Employed,Suburban,42,0,0,2021,3,Hyundai,Coupe,Diesel,13787,2000,Basic,1149.79,2000,15,0,829,117627,0,1
5002,43,Female,Widowed,Master,Employed,Urban,22,0,0,2024,0,Ford,SUV,Hybrid,34509,1800,Standard,716.92,2000,14,0,480,184539,0,0
5003,39,Female,Widowed,None,Self-Employed,Suburban,21,0,0,2009,15,Audi,Hatchback,Diesel,13587,2500,Basic,2402.74,500,3,0,565,137579,4,0
5004,35,Female,Divorced,PhD,Self-Employed,Rural,16,0,0,2021,3,Volkswagen,Pickup,Hybrid,21188,2000,Standard,648.99,2000,10,1,689,15941,0,0
5005,59,Female,Widowed,Bachelor,Self-Employed,Rural,41,1,0,2018,6,Chevrolet,Hatchback,Petrol,22695,1800,Standard,379.54,2000,4,0,582,121161,0,0
5006,57,Female,Single,PhD,Unemployed,Suburban,36,0,0,2008,16,Nissan,Pickup,Diesel,19074,3000,Comprehensive,2637.89,1500,7,1,503,189650,1,1
5007,73,Male,Married,PhD,Employed,Suburban,53,0,1,2023,1,Honda,Coupe,Hybrid,12609,1200,Standard,493.31,1000,15,1,727,19719,1,1
5008,45,Female,Single,Bachelor,Student,Rural,27,0,0,2024,0,Audi,Pickup,Petrol,20038,1000,Standard,2765.57,1000,9,0,425,76658,1,0
5009,61,Female,Divorced,None,Unemployed,Urban,41,0,0,2018,6,Honda,SUV,Electric,15742,1500,Comprehensive,2596.38,500,2,1,708,67060,2,0
5010,26,Female,Single,High School,Student,Urban,6,1,1,2022,2,BMW,Minivan,Petrol,12154,1500,Comprehensive,2619.26,500,3,0,449,74737,2,0
5011,64,Female,Widowed,High School,Employed,Suburban,44,0,1,2011,13,Audi,Coupe,Diesel,5340,2500,Standard,629.27,250,1,1,715,99449,1,1
5012,38,Female,Widowed,PhD,Retired,Suburban,20,0,1,2005,19,Ford,Hatchback,Electric,26227,2000,Comprehensive,1110.24,500,3,0,597,86327,4,0
5013,28,Female,Divorced,Master,Retired,Suburban,7,2,1,2020,4,Toyota,Coupe,Petrol,28328,2000,Basic,1601.79,2000,13,1,745,22891,2,0
5014,40,Female,Widowed,Master,Unemployed,Urban,17,1,0,2022,2,BMW,Minivan,Petrol,34814,1000,Basic,1914.72,1000,15,0,776,192537,1,0
5015,62,Male,Single,None,Self-Employed,Urban,42,0,3,2009,15,Mercedes,Pickup,Electric,5332,1500,Standard,2957.44,2000,14,0,556,31730,2,0
5016,41,Male,Single,None,Employed,Urban,21,3,2,2007,17,BMW,Pickup,Petrol,18802,1800,Standard,1713.52,1500,8,0,300,187249,1,0
5017,53,Male,Married,Master,Unemployed,Urban,33,0,0,2017,7,Honda,Pickup,Diesel,12626,2000,Standard,2838.07,250,10,0,828,77886,2,0
5018,33,Male,Married,PhD,Unemployed,Suburban,10,4,2,2019,5,Chevrolet,SUV,Petrol,18045,1000,Basic,1370.17,250,8,0,831,125551,0,0
5019,61,Female,Widowed,PhD,Self-Employed,Urban,40,3,0,2021,3,Nissan,SUV,Petrol,24446,1500,Comprehensive,2765.14,1000,14,0,638,147864,0,0
5020,48,Male,Widowed,None,Employed,Rural,30,1,0,2021,3,Nissan,SUV,Electric,16724,1200,Standard,1047.98,1500,12,1,644,54264,0,0
5021,68,Male,Single,Master,Self-Employed,Rural,46,1,0,2022,2,Audi,Pickup,Hybrid,30968,1200,Comprehensive,559.67,2000,13,0,717,28000,3,1
5022,53,Female,Divorced,Bachelor,Unemployed,Rural,30,0,0,2010,14,Chevrolet,Sedan,Hybrid,32052,1500,Basic,1562.55,500,12,0,723,141238,1,0
5023,25,Female,Single,None,Unemployed,Rural,4,1,1,2008,16,Audi,Sedan,Electric,24751,2500,Standard,2931.37,250,15,1,705,112644,2,0
5024,47,Male,Widowed,Master,Employed,Suburban,29,2,0,2021,3,Ford,Coupe,Petrol,24302,2000,Standard,1923.4,500,11,0,313,80585,1,0
5025,74,Female,Married,None,Self-Employed,Urban,55,2,1,2005,19,Audi,Pickup,Diesel,6151,2000,Comprehensive,1742.08,250,11,1,774,172375,3,1
5026,70,Male,Married,PhD,Retired,Suburban,51,1,1,2018,6,Nissan,Coupe,Petrol,23381,1200,Standard,2315.98,250,9,0,771,163122,0,1
5027,37,Female,Single,High School,Employed,Suburban,14,2,0,2018,6,Chevrolet,Pickup,Diesel,14616,2000,Standard,2828.63,250,4,1,386,34853,0,0
5028,23,Female,Married,High School,Self-Employed,Rural,1,0,3,2018,6,Hyundai,Pickup,Petrol,18175,2500,Basic,877.44,1000,13,1,358,89337,2,0
5029,46,Female,Widowed,None,Student,Urban,28,1,1,2007,17,Ford,SUV,Hybrid,18477,1800,Basic,1645.93,250,6,1,831,129461,1,0
5030,69,Male,Single,Master,Retired,Rural,50,0,1,2014,10,Volkswagen,Coupe,Petrol,18927,2000,Standard,2391.24,1000,1,1,300,182193,2,1
5031,69,Male,Married,PhD,Unemployed,Urban,51,0,1,2018,6,Toyota,Minivan,Hybrid,31132,1500,Comprehensive,570.75,500,3,0,498,83490,1,0
5032,32,Female,Divorced,PhD,Student,Rural,14,1,0,2006,18,Mercedes,Coupe,Petrol,17035,1800,Basic,1183.65,2000,5,1,652,84428,2,1
5033,60,Female,Widowed,High School,Unemployed,Rural,41,0,1,2021,3,Audi,SUV,Petrol,11914,1200,Comprehensive,1747.69,500,6,1,397,20277,2,0
5034,67,Male,Single,Bachelor,Self-Employed,Rural,47,2,3,2021,3,Volkswagen,Minivan,Electric,25937,2000,Standard,990.66,2000,13,1,794,121113,2,0
5035,45,Male,Divorced,Bachelor,Retired,Rural,25,0,2,2012,12,Mercedes,Pickup,Petrol,23886,1800,Basic,2977.32,1000,2,1,616,61453,3,0
5036,55,Male,Single,Bachelor,Employed,Urban,33,0,2,2009,15,Nissan,Hatchback,Petrol,28949,2000,Standard,1537.85,1000,3,1,686,79072,2,1
5037,70,Female,Single,None,Unemployed,Rural,52,0,0,2011,13,Audi,Hatchback,Hybrid,10913,2500,Standard,1435.48,1000,15,0,708,157173,3,1
5038,54,Female,Married,Bachelor,Student,Rural,33,0,2,2019,5,Hyundai,Minivan,Petrol,11970,3000,Basic,2506.24,1000,10,0,794,124451,1,0
5039,75,Female,Divorced,None,Employed,Urban,53,0,1,2021,3,Mercedes,Minivan,Hybrid,5279,1500,Standard,2779.26,500,12,1,302,102632,0,0
5040,68,Female,Single,None,Employed,Suburban,48,3,2,2010,14,Audi,Pickup,Petrol,26081,1800,Basic,2036.22,250,14,1,335,150946,4,1
5041,43,Female,Married,High School,Self-Employed,Rural,25,0,0,2018,6,Audi,Hatchback,Diesel,7305,1500,Comprehensive,367.68,1000,7,1,535,101986,2,0
5042,21,Male,Single,Master,Unemployed,Rural,0,0,0,2021,3,Mercedes,Sedan,Petrol,24215,1800,Standard,1199.18,1500,15,0,543,150021,4,0
5043,32,Male,Married,Bachelor,Retired,Suburban,10,1,0,2006,18,Chevrolet,Sedan,Petrol,21275,1200,Standard,982.06,1500,3,0,398,50947,0,1
5044,36,Male,Widowed,None,Student,Urban,15,0,0,2021,3,Chevrolet,Coupe,Diesel,20040,2000,Comprehensive,1503.09,1000,14,1,664,198096,2,0
5045,31,Female,Married,High School,Student,Urban,10,0,2,2021,3,Audi,SUV,Diesel,23419,1800,Basic,1903.21,1000,7,0,545,40997,2,0
5046,74,Female,Divorced,High School,Self-Employed,Urban,53,0,0,2023,1,Audi,Sedan,Hybrid,23572,1000,Standard,2278.66,1000,14,1,598,155949,1,1
5047,43,Female,Married,None,Student,Urban,22,0,0,2019,5,Volkswagen,Hatchback,Diesel,23613,2500,Comprehensive,1408.32,250,14,0,649,173008,4,0
5048,27,Female,Single,PhD,Employed,Suburban,9,1,2,2017,7,Volkswagen,Coupe,Petrol,21920,1200,Comprehensive,768.46,1000,6,1,715,93198,2,1
5049,29,Male,Single,PhD,Student,Rural,10,2,0,2011,13,Hyundai,Coupe,Electric,6136,1500,Comprehensive,2587.14,1500,13,1,666,103366,0,1
5050,22,Female,Married,None,Unemployed,Suburban,0,0,2,2014,10,Honda,SUV,Petrol,33014,1200,Comprehensive,2765.31,1500,12,0,734,40658,0,1
5051,26,Male,Widowed,Master,Self-Employed,Urban,3,1,0,2010,14,Volkswagen,Sedan,Diesel,6031,2000,Standard,1864.9,1500,7,1,774,116811,4,0
5052,46,Male,Married,Master,Retired,Suburban,24,0,0,2005,19,Nissan,Hatchback,Diesel,6279,2000,Basic,830.11,250,5,0,493,77028,0,0
5053,68,Male,Widowed,Master,Employed,Urban,45,4,2,2005,19,BMW,SUV,Electric,34338,1500,Basic,920.17,500,5,1,782,141543,4,1
5054,55,Male,Widowed,High School,Unemployed,Suburban,36,0,0,2022,2,Nissan,Hatchback,Diesel,34455,3000,Comprehensive,1847.39,1500,14,1,481,38138,0,1
5055,53,Male,Divorced,Master,Self-Employed,Suburban,31,1,0,2007,17,Audi,Minivan,Hybrid,21841,1500,Standard,1759.08,1500,4,1,641,127512,3,0
5056,73,Male,Divorced,Bachelor,Student,Rural,53,0,0,2005,19,Honda,Minivan,Electric,6596,1500,Comprehensive,662.94,1000,5,0,458,118170,0,0
5057,21,Male,Widowed,Bachelor,Student,Rural,3,2,3,2022,2,Toyota,Pickup,Hybrid,32518,2000,Standard,937.07,500,3,1,420,152504,2,1
5058,27,Female,Divorced,High School,Student,Rural,9,0,0,2014,10,Mercedes,SUV,Hybrid,18194,1000,Basic,985.75,250,11,0,811,78614,2,0
5059,64,Female,Divorced,PhD,Self-Employed,Urban,44,0,1,2011,13,Toyota,Hatchback,Petrol,30559,1800,Basic,2397.33,1500,15,1,773,62097,2,0
5060,73,Female,Single,Master,Unemployed,Urban,52,0,1,2023,1,Toyota,Minivan,Hybrid,12744,1200,Comprehensive,1540.04,2000,2,1,535,166766,0,1
5061,49,Female,Single,Bachelor,Unemployed,Rural,26,0,1,2014,10,Mercedes,Hatchback,Diesel,25476,3500,Standard,2470.83,1000,5,1,467,123919,2,0
5062,44,Female,Widowed,Master,Retired,Urban,26,0,0,2024,0,Mercedes,Hatchback,Petrol,12708,1000,Basic,1170.2,1000,10,1,440,43817,1,1
5063,64,Female,Married,Bachelor,Self-Employed,Urban,45,0,0,2005,19,Volkswagen,Minivan,Electric,10060,2500,Basic,475.83,500,3,0,314,89615,2,1
5064,22,Female,Single,PhD,Employed,Suburban,0,0,0,2024,0,BMW,Coupe,Diesel,28599,2000,Basic,1295.61,2000,2,1,399,169330,2,0
5065,68,Male,Widowed,Master,Unemployed,Suburban,50,1,0,2019,5,Hyundai,SUV,Petrol,29052,2000,Basic,2034.11,500,7,0,413,141372,0,1
5066,63,Male,Married,High School,Student,Rural,41,0,0,2008,16,Volkswagen,SUV,Diesel,20238,1200,Standard,2116.48,500,14,1,717,179018,1,0
5067,20,Male,Divorced,High School,Employed,Rural,0,2,0,2020,4,Mercedes,Hatchback,Hybrid,9458,1500,Standard,816.73,250,4,1,520,189415,4,1
5068,35,Male,Divorced,Master,Employed,Suburban,13,0,2,2005,19,Toyota,Pickup,Petrol,33740,3000,Comprehensive,1945.28,500,2,0,762,41824,0,0
5069,66,Male,Married,None,Student,Rural,48,3,2,2009,15,Toyota,Sedan,Petrol,34739,1000,Comprehensive,1173.22,1000,8,0,613,30599,1,1
5070,25,Female,Divorced,Bachelor,Employed,Suburban,4,0,1,2011,13,Nissan,Hatchback,Diesel,29671,1200,Basic,1923.75,250,14,1,709,176024,2,0
5071,39,Male,Widowed,PhD,Student,Suburban,18,0,0,2017,7,Ford,Sedan,Petrol,33796,1500,Standard,583.46,1500,15,0,718,75406,0,0
5072,67,Female,Married,PhD,Self-Employed,Urban,49,0,5,2022,2,BMW,Sedan,Diesel,17945,2000,Basic,2746.05,1000,6,1,334,38266,1,0
5073,38,Male,Divorced,Bachelor,Employed,Rural,16,0,1,2014,10,Chevrolet,Minivan,Hybrid,28753,1800,Comprehensive,958.1,1000,12,0,753,63439,0,1
5074,46,Male,Single,High School,Unemployed,Suburban,24,0,0,2008,16,Audi,Minivan,Electric,8945,1800,Comprehensive,1128.77,1500,11,0,763,36969,2,1
5075,24,Female,Divorced,None,Employed,Rural,5,0,0,2021,3,Hyundai,Coupe,Electric,7429,1500,Comprehensive,2902.77,500,13,0,640,189682,1,0
5076,66,Male,Single,None,Retired,Urban,43,0,2,2018,6,Volkswagen,Minivan,Electric,25052,1500,Basic,2646.24,250,10,1,376,92241,0,1
5077,42,Male,Divorced,PhD,Retired,Urban,19,0,5,2008,16,Hyundai,SUV,Diesel,26040,1200,Standard,2236.13,1500,13,0,487,115239,3,1
5078,22,Female,Single,PhD,Student,Urban,2,0,5,2009,15,Toyota,Sedan,Petrol,7233,1800,Comprehensive,2059.58,1000,6,1,801,116832,1,1
5079,43,Female,Single,Master,Unemployed,Rural,22,0,0,2021,3,Mercedes,Hatchback,Hybrid,14319,2000,Standard,2958.46,500,12,1,414,190132,1,1
5080,23,Female,Divorced,Bachelor,Retired,Rural,2,0,0,2024,0,Nissan,Minivan,Petrol,5457,1200,Standard,2324.48,1000,15,0,395,158597,0,0
5081,54,Male,Divorced,Master,Unemployed,Rural,32,1,3,2024,0,Volkswagen,SUV,Electric,31283,1500,Basic,1719.54,500,2,1,765,132994,3,0
5082,19,Male,Married,None,Student,Urban,0,0,0,2011,13,Volkswagen,Minivan,Hybrid,13313,1800,Standard,1672.02,250,3,0,800,185802,2,0
5083,71,Female,Married,High School,Employed,Suburban,50,0,3,2024,0,BMW,Hatchback,Electric,28755,1800,Standard,1158.03,500,13,0,336,156305,2,1
5084,25,Male,Married,Bachelor,Self-Employed,Rural,4,0,0,2007,17,Toyota,Hatchback,Petrol,26746,2000,Comprehensive,1591.49,1000,11,0,526,164927,2,1
5085,45,Female,Widowed,Master,Self-Employed,Suburban,25,1,0,2017,7,Mercedes,Sedan,Hybrid,30163,2000,Basic,1275.18,1500,2,1,528,139501,0,0
5086,29,Male,Divorced,Master,Retired,Urban,7,1,0,2024,0,Mercedes,Pickup,Hybrid,18298,1800,Basic,1111.86,1000,13,1,388,160903,2,0
5087,56,Male,Widowed,Master,Unemployed,Rural,36,0,1,2015,9,Ford,Minivan,Petrol,11047,1200,Standard,575.04,250,11,0,447,147233,3,0
5088,44,Male,Widowed,Master,Self-Employed,Rural,21,0,0,2011,13,Chevrolet,SUV,Petrol,20455,2500,Comprehensive,2280.72,250,3,1,545,67496,1,0
5089,28,Male,Married,Master,Self-Employed,Urban,5,1,0,2022,2,Ford,Coupe,Diesel,14439,1800,Comprehensive,814.89,1500,7,0,543,51731,3,0
5090,24,Female,Single,Bachelor,Retired,Urban,1,1,3,2024,0,Hyundai,SUV,Hybrid,17638,1800,Comprehensive,2768.14,1000,9,0,508,53877,0,0
5091,32,Female,Divorced,PhD,Employed,Suburban,9,0,0,2012,12,Ford,Pickup,Diesel,13066,1200,Comprehensive,2211.62,250,13,0,705,19892,0,0
5092,66,Male,Married,High School,Self-Employed,Urban,47,0,1,2024,0,Audi,Pickup,Electric,16355,1800,Standard,1414.85,1500,15,0,341,115494,3,1
5093,73,Female,Divorced,PhD,Employed,Urban,51,1,0,2019,5,BMW,Minivan,Electric,18315,2000,Standard,1810.52,2000,8,1,813,190155,2,1
5094,73,Female,Single,PhD,Retired,Rural,53,1,0,2017,7,Volkswagen,Sedan,Hybrid,13343,3000,Standard,2516.42,1000,13,1,423,113291,1,0
5095,67,Male,Single,None,Student,Rural,44,3,0,2011,13,Chevrolet,Minivan,Diesel,22472,1800,Standard,2141.69,250,12,1,767,159659,1,1
5096,48,Male,Widowed,None,Student,Urban,25,1,2,2007,17,Toyota,Sedan,Electric,33624,1800,Standard,2878.92,2000,4,1,616,33658,0,1
5097,32,Male,Widowed,PhD,Student,Suburban,10,1,1,2018,6,Chevrolet,SUV,Diesel,14090,1200,Standard,1406.22,500,10,1,551,36243,3,1
5098,19,Male,Married,None,Employed,Rural,0,0,3,2017,7,Chevrolet,Hatchback,Diesel,11672,1500,Basic,1095.54,250,13,0,424,59084,2,1
5099,54,Female,Single,Master,Student,Suburban,36,2,0,2023,1,Ford,Minivan,Electric,17348,1000,Comprehensive,2217.73,250,5,0,543,68358,1,0
5100,75,Male,Single,Master,Self-Employed,Rural,55,0,0,2015,9,Mercedes,Hatchback,Electric,14869,1800,Standard,699.93,1000,10,1,596,168404,2,1
5101,53,Male,Married,Bachelor,Unemployed,Urban,32,0,0,2018,6,Mercedes,Coupe,Hybrid,15360,2500,Basic,832.71,500,6,1,415,83173,0,0
5102,40,Female,Divorced,None,Student,Suburban,22,0,0,2021,3,Toyota,Sedan,Electric,28740,1200,Standard,868.25,1000,13,0,703,25758,0,0
5103,68,Female,Divorced,PhD,Retired,Rural,50,1,0,2017,7,Hyundai,Coupe,Electric,7060,1500,Comprehensive,509.77,500,3,0,443,199447,2,0
5104,49,Female,Single,Bachelor,Self-Employed,Suburban,31,1,0,2015,9,Volkswagen,Minivan,Petrol,25373,1500,Standard,1509.84,500,9,1,613,130271,2,0
5105,29,Female,Single,Bachelor,Unemployed,Suburban,11,0,0,2013,11,Ford,SUV,Diesel,28851,2000,Basic,2787.72,1500,1,0,783,154555,3,0
5106,25,Male,Married,High School,Student,Urban,2,2,0,2011,13,Nissan,Minivan,Hybrid,13553,1800,Basic,1163.67,2000,10,0,661,87036,3,1
5107,27,Female,Single,None,Student,Suburban,9,0,5,2012,12,Chevrolet,SUV,Diesel,19326,1800,Basic,726.13,1000,1,0,659,33380,0,0
5108,47,Female,Divorced,None,Unemployed,Rural,26,0,1,2024,0,Mercedes,Sedan,Petrol,6019,3500,Basic,2329.93,1000,1,1,384,120114,3,0
5109,59,Male,Divorced,High School,Student,Urban,36,1,2,2018,6,Toyota,Minivan,Hybrid,8576,1500,Standard,1938.64,2000,3,0,313,55251,4,0
5110,34,Female,Single,High School,Unemployed,Rural,15,2,0,2016,8,Ford,SUV,Hybrid,14180,2500,Basic,2571.3,1000,14,1,370,163128,2,0
5111,29,Male,Married,None,Employed,Rural,6,0,3,2015,9,Chevrolet,Sedan,Hybrid,12451,2500,Basic,900.91,250,1,0,498,185865,2,0
5112,67,Female,Single,Bachelor,Retired,Urban,47,0,1,2015,9,BMW,Minivan,Hybrid,13624,2000,Basic,2270.83,1500,10,0,412,97695,1,0
5113,55,Female,Single,Master,Employed,Rural,35,0,0,2024,0,Chevrolet,Coupe,Petrol,32157,1800,Basic,1482.55,1500,11,1,548,146626,2,0
5114,69,Male,Married,PhD,Student,Rural,50,0,0,2019,5,Audi,Sedan,Electric,33980,1500,Comprehensive,2465.82,1500,11,0,398,104261,0,0
5115,50,Male,Widowed,Bachelor,Self-Employed,Urban,32,0,1,2021,3,Chevrolet,Coupe,Electric,22418,2500,Comprehensive,2529.24,2000,1,0,844,120242,3,0
5116,40,Male,Single,PhD,Retired,Suburban,21,2,3,2008,16,Mercedes,SUV,Hybrid,23658,1800,Comprehensive,1227.21,2000,12,0,528,85765,0,0
5117,73,Male,Single,Master,Employed,Suburban,53,0,1,2010,14,Hyundai,Coupe,Electric,6575,1200,Comprehensive,1940.99,2000,1,1,516,149180,2,0
5118,73,Female,Married,Bachelor,Student,Urban,55,2,5,2019,5,Chevrolet,Pickup,Electric,8074,1200,Comprehensive,1097.41,250,8,1,523,71752,2,1
5119,59,Male,Divorced,High School,Unemployed,Urban,40,0,0,2017,7,Mercedes,Hatchback,Diesel,12855,2000,Standard,631.18,2000,8,0,473,146619,0,0
5120,49,Female,Single,Bachelor,Self-Employed,Urban,27,1,1,2013,11,Volkswagen,Sedan,Hybrid,32228,1500,Standard,854.2,500,8,1,440,105369,1,1
5121,55,Male,Married,High School,Employed,Urban,36,0,1,2006,18,Hyundai,Coupe,Petrol,5928,2000,Comprehensive,1498.4,2000,4,0,554,115037,0,1
5122,71,Female,Single,PhD,Employed,Rural,51,0,0,2020,4,Ford,Minivan,Hybrid,27734,1500,Comprehensive,2164.73,2000,13,0,831,196491,0,0
5123,51,Female,Single,High School,Self-Employed,Urban,33,1,0,2019,5,BMW,Sedan,Hybrid,14376,2500,Comprehensive,2632.98,1000,6,1,518,92846,3,1
5124,30,Female,Single,None,Retired,Rural,8,0,1,2023,1,Mercedes,Minivan,Hybrid,12401,1200,Standard,1693.23,1500,9,1,514,67131,2,0
5125,51,Male,Married,PhD,Employed,Urban,28,1,0,2020,4,Volkswagen,SUV,Electric,11903,2000,Comprehensive,532.59,1000,12,0,519,24030,2,0
5126,37,Female,Widowed,Master,Unemployed,Rural,15,1,1,2015,9,Volkswagen,SUV,Hybrid,17198,1000,Basic,1055.76,2000,12,1,727,31428,2,0
5127,66,Male,Single,Bachelor,Unemployed,Rural,44,1,0,2009,15,Audi,SUV,Electric,15854,1500,Basic,2205.83,250,11,1,524,118940,2,0
5128,56,Female,Widowed,High School,Retired,Urban,38,1,2,2011,13,Nissan,Hatchback,Electric,15449,1000,Comprehensive,476.7,250,5,1,436,191595,4,1
5129,18,Male,Single,High School,Employed,Rural,0,0,0,2005,19,Nissan,Pickup,Petrol,7602,1500,Basic,2726.41,1000,11,0,849,70160,2,0
5130,45,Female,Widowed,Bachelor,Self-Employed,Suburban,25,4,1,2009,15,Ford,Sedan,Electric,11187,1500,Standard,1014.72,500,1,0,600,78561,2,1
5131,41,Male,Widowed,Bachelor,Retired,Suburban,19,1,1,2005,19,Ford,SUV,Electric,28814,3000,Comprehensive,1086.54,500,8,0,769,195616,3,0
5132,35,Male,Single,None,Retired,Suburban,15,0,1,2019,5,Honda,Sedan,Diesel,30230,1800,Comprehensive,1216.98,1500,14,0,469,156440,0,0
5133,31,Female,Married,Master,Retired,Rural,13,0,0,2015,9,Chevrolet,Coupe,Diesel,20889,1000,Basic,383.3,1000,4,1,642,42187,0,0
5134,45,Male,Married,PhD,Retired,Urban,25,0,0,2014,10,Hyundai,Pickup,Electric,25858,1800,Standard,2046.5,1500,13,1,318,182008,2,0
5135,55,Male,Divorced,High School,Student,Suburban,32,0,0,2022,2,BMW,Sedan,Diesel,31649,1200,Comprehensive,1905.95,1000,2,0,844,195952,0,0
5136,31,Male,Divorced,Master,Student,Suburban,11,0,1,2015,9,Mercedes,Pickup,Diesel,21499,2000,Comprehensive,638.97,2000,5,0,667,152799,2,0
5137,32,Male,Widowed,Master,Employed,Suburban,14,1,0,2009,15,Nissan,Sedan,Electric,20809,1800,Basic,2135.18,1000,14,0,304,106677,0,0
5138,51,Female,Married,PhD,Self-Employed,Suburban,32,0,0,2015,9,BMW,SUV,Hybrid,9394,1200,Standard,1649.63,250,3,1,385,99554,2,0
5139,65,Male,Widowed,High School,Employed,Urban,46,0,1,2009,15,Toyota,Sedan,Hybrid,5639,1200,Basic,1102.45,500,1,1,560,106726,3,0
5140,42,Male,Married,Bachelor,Self-Employed,Urban,21,1,0,2007,17,Chevrolet,SUV,Petrol,30823,3500,Comprehensive,427.3,1000,6,0,433,113167,0,0
5141,68,Female,Divorced,PhD,Employed,Suburban,48,2,1,2019,5,Mercedes,Sedan,Petrol,12552,1000,Comprehensive,2045.55,250,11,0,625,168351,2,0
5142,68,Male,Widowed,High School,Retired,Rural,48,0,0,2018,6,BMW,Minivan,Electric,14303,2000,Comprehensive,321.07,1500,3,1,339,155437,2,0
5143,67,Male,Married,High School,Self-Employed,Suburban,49,4,1,2012,12,Honda,Sedan,Petrol,21661,1200,Basic,1045.98,250,3,1,395,63108,2,1
5144,51,Female,Divorced,Master,Employed,Suburban,29,1,0,2008,16,Nissan,Coupe,Electric,18971,1200,Comprehensive,2377.33,2000,11,1,400,193544,3,1
5145,32,Male,Married,None,Retired,Suburban,12,0,1,2010,14,Chevrolet,Sedan,Electric,22886,1800,Comprehensive,1933.74,1500,2,0,833,106035,0,1
5146,21,Male,Single,Master,Retired,Suburban,1,1,0,2017,7,Mercedes,Hatchback,Petrol,9587,1500,Basic,1990.76,1000,6,1,450,61639,0,1
5147,71,Female,Single,High School,Employed,Rural,52,1,0,2024,0,Chevrolet,Pickup,Diesel,34075,1200,Standard,2635.24,1500,9,1,824,196767,3,0
5148,62,Male,Divorced,Master,Employed,Suburban,41,0,0,2011,13,Audi,SUV,Diesel,33213,2500,Basic,1656.76,500,9,1,307,72051,1,1
5149,47,Female,Married,PhD,Unemployed,Rural,29,2,1,2008,16,Toyota,Coupe,Petrol,8784,2500,Standard,647.11,1500,11,0,787,148260,2,0
5150,20,Male,Single,None,Employed,Rural,0,0,1,2018,6,Nissan,Hatchback,Petrol,12862,1500,Comprehensive,739.59,500,5,0,616,83331,4,0
5151,34,Male,Divorced,Master,Unemployed,Rural,11,1,1,2021,3,Toyota,Hatchback,Petrol,32850,1000,Basic,2797.71,1500,6,1,687,75834,1,1
5152,65,Female,Widowed,Master,Retired,Suburban,42,0,0,2020,4,Honda,Sedan,Hybrid,20722,1000,Standard,1508.58,250,9,0,487,74139,0,0
5153,44,Female,Divorced,None,Unemployed,Urban,25,0,1,2007,17,Audi,Pickup,Diesel,19870,1500,Comprehensive,1554.83,1500,13,1,412,189174,0,1
5154,39,Female,Single,High School,Unemployed,Rural,20,0,3,2014,10,Volkswagen,SUV,Hybrid,6849,3000,Basic,1033.78,1000,12,1,577,39971,3,0
5155,60,Male,Single,Master,Student,Suburban,41,2,1,2008,16,Honda,Coupe,Diesel,8328,1500,Basic,1966.05,2000,12,0,695,143137,4,1
5156,74,Male,Married,None,Employed,Suburban,51,2,0,2008,16,Honda,SUV,Petrol,26854,2000,Standard,2284.48,250,7,0,726,142969,3,0
5157,23,Female,Divorced,Master,Retired,Suburban,2,0,2,2024,0,Hyundai,Pickup,Hybrid,25320,1500,Basic,1252.83,1500,7,1,498,23783,0,0
5158,68,Female,Single,None,Employed,Urban,49,3,2,2011,13,Toyota,Pickup,Electric,23518,1000,Standard,1665.04,1500,10,1,393,93168,2,1
5159,27,Female,Widowed,PhD,Retired,Suburban,9,0,0,2023,1,Nissan,Coupe,Diesel,11678,1500,Standard,2683.56,1500,8,0,320,139263,4,0
5160,22,Male,Widowed,PhD,Retired,Rural,4,2,2,2008,16,Nissan,Coupe,Diesel,13901,1200,Comprehensive,391.16,500,9,0,717,167134,3,1
5161,23,Male,Single,PhD,Student,Rural,4,0,0,2012,12,Honda,Minivan,Petrol,5618,1200,Standard,1581.07,2000,4,1,774,23209,0,0
5162,45,Male,Single,None,Student,Suburban,27,0,0,2023,1,Toyota,Minivan,Hybrid,5653,1200,Standard,739.64,250,12,1,432,168209,2,0
5163,38,Male,Single,Master,Unemployed,Suburban,19,0,1,2023,1,Toyota,Coupe,Hybrid,23240,1000,Standard,1656.37,1000,9,0,407,81262,0,1
5164,75,Male,Married,Master,Employed,Urban,54,0,0,2016,8,Nissan,Sedan,Petrol,8504,1500,Comprehensive,1145.46,250,5,0,502,81884,1,0
5165,70,Female,Widowed,PhD,Student,Suburban,49,0,0,2009,15,Ford,Pickup,Electric,15454,2000,Basic,2059.63,1500,8,1,546,25377,4,0
5166,22,Female,Married,High School,Employed,Suburban,4,0,0,2012,12,Honda,Pickup,Diesel,22497,2000,Standard,1991.08,500,11,1,629,35967,1,0
5167,21,Female,Married,Bachelor,Student,Suburban,2,2,1,2023,1,BMW,Minivan,Diesel,28887,1200,Basic,2670.05,500,9,1,328,71895,2,0
5168,45,Female,Married,Master,Employed,Urban,24,1,5,2005,19,Nissan,Minivan,Hybrid,15736,3000,Standard,1545.73,1500,11,1,606,95832,1,0
5169,42,Male,Single,High School,Employed,Urban,20,1,0,2016,8,Toyota,Coupe,Petrol,28179,1200,Comprehensive,843.77,500,8,1,343,69690,1,1
5170,51,Male,Single,Master,Student,Urban,28,1,3,2016,8,Chevrolet,Sedan,Diesel,25705,1500,Standard,758.67,250,8,0,353,28045,3,1
5171,35,Female,Widowed,None,Employed,Suburban,13,0,1,2010,14,Hyundai,Hatchback,Diesel,31671,1800,Standard,537.13,1500,13,1,751,199452,2,0
5172,40,Female,Married,Master,Retired,Rural,18,0,1,2008,16,Audi,Pickup,Electric,15909,1200,Standard,1617.62,2000,14,1,439,114091,1,1
5173,74,Female,Married,Bachelor,Employed,Suburban,51,0,1,2023,1,BMW,Pickup,Petrol,20700,1500,Comprehensive,1855.22,500,14,1,367,34680,3,0
5174,69,Male,Divorced,Master,Self-Employed,Rural,50,0,0,2016,8,Audi,Hatchback,Diesel,12247,2500,Basic,1335.44,1500,14,1,390,80781,0,0
5175,36,Female,Widowed,Master,Retired,Suburban,17,4,0,2020,4,Hyundai,SUV,Diesel,8639,1800,Basic,1850.72,500,1,1,641,115626,1,0
5176,49,Male,Widowed,PhD,Employed,Suburban,27,1,1,2007,17,Ford,Coupe,Petrol,20824,1800,Comprehensive,1864.11,2000,1,0,356,124964,2,0
5177,58,Female,Widowed,Bachelor,Student,Urban,37,3,2,2023,1,Nissan,Pickup,Petrol,17759,2000,Basic,419.25,250,2,1,627,179369,3,0
5178,18,Female,Single,Master,Unemployed,Rural,0,0,1,2009,15,Honda,Hatchback,Petrol,17010,1500,Standard,2825.68,250,13,1,502,43292,2,1
5179,18,Female,Single,None,Retired,Suburban,0,0,0,2005,19,Mercedes,Pickup,Electric,33284,1800,Standard,1166.12,1000,3,0,310,51689,0,0
5180,29,Male,Widowed,Master,Student,Urban,8,0,0,2019,5,Chevrolet,Sedan,Diesel,32648,1200,Basic,2604.49,1500,15,0,359,63573,3,0
5181,40,Female,Married,Bachelor,Self-Employed,Urban,18,0,0,2017,7,Toyota,Sedan,Petrol,13072,2500,Basic,2197.17,250,15,1,694,127573,1,0
5182,45,Male,Divorced,Bachelor,Self-Employed,Urban,22,1,1,2008,16,Audi,Minivan,Electric,16717,1500,Standard,1681.66,250,9,1,535,116477,0,0
5183,44,Male,Married,PhD,Self-Employed,Rural,22,0,0,2013,11,Audi,SUV,Hybrid,20496,1800,Standard,870.58,2000,9,1,783,49604,1,0
5184,41,Female,Single,Master,Employed,Rural,19,0,0,2007,17,Honda,Coupe,Hybrid,28342,2500,Comprehensive,2162.45,2000,3,1,456,102370,0,0
5185,44,Male,Widowed,High School,Unemployed,Rural,26,0,2,2021,3,Audi,SUV,Petrol,21342,1800,Comprehensive,1052.48,250,10,1,381,21211,2,1
5186,72,Female,Single,None,Unemployed,Urban,51,0,1,2007,17,Volkswagen,Coupe,Hybrid,33857,2000,Standard,2073.14,500,8,1,773,190622,2,0
5187,66,Male,Married,Master,Unemployed,Rural,48,0,0,2015,9,BMW,SUV,Hybrid,12343,2000,Basic,548.17,2000,7,1,749,62228,1,0
5188,65,Female,Divorced,PhD,Unemployed,Rural,45,0,0,2018,6,Ford,Minivan,Hybrid,7204,2000,Standard,2444.57,2000,2,1,438,46570,0,0
5189,21,Male,Married,Master,Employed,Suburban,1,1,1,2013,11,Ford,SUV,Petrol,15947,3500,Basic,1212.19,1500,5,1,643,101057,0,1
5190,24,Male,Single,Bachelor,Retired,Suburban,6,0,0,2020,4,Audi,Sedan,Electric,15609,1500,Standard,385.86,250,6,1,821,166728,2,1
5191,20,Female,Widowed,Master,Self-Employed,Urban,1,0,0,2016,8,Audi,Hatchback,Electric,20912,1500,Standard,2315.52,1000,2,0,490,114104,3,0
5192,70,Female,Married,Master,Self-Employed,Rural,51,0,1,2017,7,Honda,Minivan,Petrol,34479,1500,Standard,688.61,1500,4,0,303,52951,2,0
5193,34,Male,Widowed,PhD,Retired,Rural,14,2,1,2012,12,Audi,Coupe,Electric,27954,1800,Standard,750.16,250,15,0,315,16616,3,1
5194,36,Male,Divorced,Bachelor,Self-Employed,Urban,16,0,2,2016,8,Chevrolet,Hatchback,Electric,8547,2500,Comprehensive,678.8,250,13,0,547,157459,3,1
5195,50,Female,Widowed,High School,Unemployed,Rural,31,1,1,2019,5,Hyundai,Minivan,Electric,15495,2000,Comprehensive,1631.4,1500,10,1,383,97190,2,0
5196,60,Female,Divorced,High School,Employed,Rural,42,1,0,2022,2,Honda,SUV,Hybrid,7240,1500,Standard,1272.15,1000,6,1,844,40469,3,1
5197,33,Male,Married,Bachelor,Employed,Rural,10,1,3,2019,5,Hyundai,Hatchback,Hybrid,26798,2000,Comprehensive,1312.7,500,14,1,760,60475,0,0
5198,68,Male,Divorced,Bachelor,Employed,Suburban,48,0,0,2006,18,Audi,Pickup,Diesel,15643,1200,Basic,396.18,500,15,0,549,161302,2,0
5199,72,Male,Single,High School,Student,Rural,54,0,2,2008,16,Audi,Coupe,Electric,31753,3000,Basic,1057.01,500,13,0,654,195446,2,1
5200,61,Female,Single,None,Retired,Urban,39,1,0,2014,10,Volkswagen,Coupe,Electric,20962,1500,Basic,1641.03,1000,1,1,371,30061,1,0
